2026-03-25 16:53:58 DEBUG service:41 - HHH010455: Adding integrator: org.hibernate.boot.beanvalidation.BeanValidationIntegrator
2026-03-25 16:53:58 DEBUG service:41 - HHH010455: Adding integrator: org.hibernate.cache.internal.CollectionCacheInvalidator
2026-03-25 16:53:58 INFO  core:41 - HHH000001: Hibernate ORM core version 7.3.0.Final
2026-03-25 16:53:58 DEBUG core:155 - HHH000206: 'hibernate.properties' not found
2026-03-25 16:53:59 DEBUG boot:97 - HHH160204: cfg.xml document did not define namespaces; wrapping in custom event reader to introduce namespace information
2026-03-25 16:53:59 DEBUG cache:116 - HHH90001031: Cannot default RegionFactory since no RegionFactory strategies were registered
2026-03-25 16:53:59 DEBUG cache:46 - HHH90001029: Second-level cache disabled
2026-03-25 16:53:59 WARN  pooling:86 - HHH10001002: Using built-in connection pool (not intended for production use)
2026-03-25 16:53:59 DEBUG pooling:34 - HHH10001014: Initializing connection pool with 1 connections
2026-03-25 16:53:59 DEBUG jdbc:457 - HHH100017: Database:
	name: MySQL
	version: 8.0.42
	major: 8
	minor: 0
2026-03-25 16:53:59 DEBUG jdbc:463 - HHH100018: Driver:
	name: MySQL Connector/J
	version: mysql-connector-j-8.0.33 (Revision: 7d6b0800528b6b25c68b52dc10d6c1c8429c100c)
	major: 8
	minor: 0
	JDBC version: 4.2
2026-03-25 16:53:59 WARN  deprecation:152 - HHH90000025: MySQLDialect does not need to be specified explicitly using 'hibernate.dialect' (remove the property setting and it will be selected by default)
2026-03-25 16:53:59 DEBUG dialect:93 - HHH035001: Using dialect: org.hibernate.dialect.MySQLDialect, version: 8.0.42
2026-03-25 16:53:59 DEBUG IdentifierHelperBuilder:205 - IdentifierCaseStrategy for both quoted and unquoted identifiers was set to the same strategy [LOWER]; that will likely lead to problems in schema update and validation if using quoted identifiers
2026-03-25 16:54:00 DEBUG jdbc:379 - HHH100122: Using default JDBC fetch size: 0
2026-03-25 16:54:00 INFO  pooling:179 - HHH10001005: Database info:
	Database JDBC URL [jdbc:mysql://localhost:3306/mlamarch]
	Database driver: MySQL Connector/J
	Database dialect: MySQLDialect
	Database version: 8.0.42
	Default catalog/schema: mlamarch/undefined
	Autocommit mode: false
	Isolation level: REPEATABLE_READ
	JDBC fetch size: none
	Pool: DriverManagerConnectionProvider
	Minimum pool size: 1
	Maximum pool size: 20
2026-03-25 16:54:00 DEBUG factory:230 - HHH90020001: Instantiating factory [34ef02e0-2d0d-4e52-9d83-6c9f62bd8a00] with settings: {hibernate.format_sql=true, java.specification.version=25, sun.cpu.isalist=amd64, sun.jnu.encoding=Cp1252, hibernate.dialect=org.hibernate.dialect.MySQLDialect, java.class.path=C:\Users\ar.likith\Desktop\sts\Assesment\target\classes;C:\Users\ar.likith\.m2\repository\com\mysql\mysql-connector-j\8.0.33\mysql-connector-j-8.0.33.jar;C:\Users\ar.likith\.m2\repository\com\google\protobuf\protobuf-java\3.21.9\protobuf-java-3.21.9.jar;C:\Users\ar.likith\.m2\repository\org\hibernate\orm\hibernate-core\7.3.0.Final\hibernate-core-7.3.0.Final.jar;C:\Users\ar.likith\.m2\repository\jakarta\persistence\jakarta.persistence-api\3.2.0\jakarta.persistence-api-3.2.0.jar;C:\Users\ar.likith\.m2\repository\jakarta\transaction\jakarta.transaction-api\2.0.1\jakarta.transaction-api-2.0.1.jar;C:\Users\ar.likith\.m2\repository\org\jboss\logging\jboss-logging\3.6.1.Final\jboss-logging-3.6.1.Final.jar;C:\Users\ar.likith\.m2\repository\org\hibernate\models\hibernate-models\1.1.0\hibernate-models-1.1.0.jar;C:\Users\ar.likith\.m2\repository\net\bytebuddy\byte-buddy\1.18.7\byte-buddy-1.18.7.jar;C:\Users\ar.likith\.m2\repository\jakarta\xml\bind\jakarta.xml.bind-api\4.0.4\jakarta.xml.bind-api-4.0.4.jar;C:\Users\ar.likith\.m2\repository\jakarta\activation\jakarta.activation-api\2.1.4\jakarta.activation-api-2.1.4.jar;C:\Users\ar.likith\.m2\repository\org\glassfish\jaxb\jaxb-runtime\4.0.6\jaxb-runtime-4.0.6.jar;C:\Users\ar.likith\.m2\repository\org\glassfish\jaxb\jaxb-core\4.0.6\jaxb-core-4.0.6.jar;C:\Users\ar.likith\.m2\repository\org\eclipse\angus\angus-activation\2.0.3\angus-activation-2.0.3.jar;C:\Users\ar.likith\.m2\repository\org\glassfish\jaxb\txw2\4.0.6\txw2-4.0.6.jar;C:\Users\ar.likith\.m2\repository\com\sun\istack\istack-commons-runtime\4.1.2\istack-commons-runtime-4.1.2.jar;C:\Users\ar.likith\.m2\repository\jakarta\inject\jakarta.inject-api\2.0.1\jakarta.inject-api-2.0.1.jar;C:\Users\ar.likith\.m2\repository\org\antlr\antlr4-runtime\4.13.2\antlr4-runtime-4.13.2.jar;C:\Users\ar.likith\.m2\repository\org\apache\logging\log4j\log4j-core\2.17.1\log4j-core-2.17.1.jar;C:\Users\ar.likith\.m2\repository\org\apache\logging\log4j\log4j-api\2.17.1\log4j-api-2.17.1.jar;C:\Users\ar.likith\.m2\repository\org\apache\logging\log4j\log4j-slf4j-impl\2.17.1\log4j-slf4j-impl-2.17.1.jar;C:\Users\ar.likith\.m2\repository\org\slf4j\slf4j-api\1.7.25\slf4j-api-1.7.25.jar, java.vm.vendor=Eclipse Adoptium, sun.arch.data.model=64, hbm2ddl.auto=update, user.variant=, java.vendor.url=https://adoptium.net/, user.timezone=Asia/Calcutta, java.vm.specification.version=25, os.name=Windows 11, sun.java.launcher=SUN_STANDARD, user.country=US, sun.boot.library.path=C:\Users\ar.likith\Downloads\sts-5.1.1.RELEASE\plugins\org.eclipse.justj.openjdk.hotspot.jre.full.win32.x86_64_25.0.2.v20260203-1141\jre\bin, sun.java.command=com.test.CriteriaDemo, jdk.debug=release, sun.cpu.endian=little, user.home=C:\Users\ar.likith, user.language=en, java.specification.vendor=Oracle Corporation, java.version.date=2026-01-20, java.home=C:\Users\ar.likith\Downloads\sts-5.1.1.RELEASE\plugins\org.eclipse.justj.openjdk.hotspot.jre.full.win32.x86_64_25.0.2.v20260203-1141\jre, file.separator=\, java.vm.compressedOopsMode=Zero based, line.separator=
, java.vm.specification.vendor=Oracle Corporation, java.specification.name=Java Platform API Specification, hibernate.hbm2ddl.auto=update, user.script=, sun.management.compiler=HotSpot 64-Bit Tiered Compilers, java.runtime.version=25.0.2+10-LTS, user.name=ar.likith, stdout.encoding=UTF-8, path.separator=;, hibernate.connection.username=****, os.version=10.0, java.runtime.name=OpenJDK Runtime Environment, hibernate.connection.url=jdbc:mysql://localhost:3306/mlamarch, file.encoding=UTF-8, format_sql=true, java.vm.name=OpenJDK 64-Bit Server VM, hibernate.show_sql=true, java.vendor.version=Temurin-25.0.2+10, show_sql=true, hibernate.connection.driver_class=com.mysql.cj.jdbc.Driver, java.vendor.url.bug=https://github.com/adoptium/adoptium-support/issues, java.io.tmpdir=C:\Users\ARBCDF~1.LIK\AppData\Local\Temp\, java.version=25.0.2, user.dir=C:\Users\ar.likith\Desktop\sts\Assesment, os.arch=amd64, java.vm.specification.name=Java Virtual Machine Specification, hibernate.connection.password=****, sun.os.patch.level=, hibernate.boot.CfgXmlAccessService.key=org.hibernate.boot.cfgxml.spi.LoadedConfig@353f472a, native.encoding=Cp1252, java.library.path=C:\Users\ar.likith\Downloads\sts-5.1.1.RELEASE\plugins\org.eclipse.justj.openjdk.hotspot.jre.full.win32.x86_64_25.0.2.v20260203-1141\jre\bin;C:\WINDOWS\Sun\Java\bin;C:\WINDOWS\system32;C:\WINDOWS;C:/Users/ar.likith/Downloads/sts-5.1.1.RELEASE//plugins/org.eclipse.justj.openjdk.hotspot.jre.full.win32.x86_64_25.0.2.v20260203-1141/jre/bin/server;C:/Users/ar.likith/Downloads/sts-5.1.1.RELEASE//plugins/org.eclipse.justj.openjdk.hotspot.jre.full.win32.x86_64_25.0.2.v20260203-1141/jre/bin;C:\Program Files\Microsoft\jdk-11.0.23.9-hotspot\bin;C:\Program Files\Microsoft\jdk-17.0.15.6-hotspot\bin;C:\Program Files\Python313\Scripts\;C:\Program Files\Python313\;%SystemRoot%\system32;%SystemRoot%;%SystemRoot%\System32\Wbem;%SYSTEMROOT%\System32\WindowsPowerShell\v1.0\;%SYSTEMROOT%\System32\OpenSSH\;C:\Program Files (x86)\Microsoft SQL Server\160\Tools\Binn\;C:\Program Files\Microsoft SQL Server\160\Tools\Binn\;C:\Program Files\Microsoft SQL Server\Client SDK\ODBC\170\Tools\Binn\;C:\Program Files\Microsoft SQL Server\160\DTS\Binn\;C:\Program Files\dotnet\;C:\Program Files\Microsoft VS Code\bin;C:\Program Files\Git\cmd;C:\Program Files\apache-maven-3.9.10\bin;C:\Program Files\nodejs\;C:\Program Files\PuTTY\;C:\Program Files (x86)\Microsoft SQL Server\160\DTS\Binn\;C:\Program Files\apache-maven-3.9.10\bin;C:\Program Files\apache-maven-3.9.10\bin;C:\Program Files\apache-maven-3.9.10\bin;C:\Program Files\apache-maven-3.9.10\bin;C:\Program Files\apache-maven-3.9.10\bin;C:\Users\ar.likith\AppData\Local\Microsoft\WindowsApps;;C:\Users\ar.likith\Downloads\sts-5.1.1.RELEASE;;., stderr.encoding=UTF-8, java.vendor=Eclipse Adoptium, java.vm.info=mixed mode, sharing, stdin.encoding=Cp1252, java.vm.version=25.0.2+10-LTS, sun.io.unicode.encoding=UnicodeLittle, java.class.version=69.0}
2026-03-25 16:54:00 DEBUG HQL_FUNCTIONS:155 - Available HQL Functions:
	abs(NUMERIC arg)
	Double acos(NUMERIC arg)
	adddate(DATE datetime, INTEGER days)
	addtime(TIME datetime, TIME time)
	Boolean any(BOOLEAN arg)
	Integer ascii(STRING arg)
	Double asin(NUMERIC arg)
	Double atan(NUMERIC arg)
	Double atan2(NUMERIC arg0, NUMERIC arg1)
	avg(arg)
	bit_and(arg)
	Integer bit_length(STRING_OR_CLOB arg)
	bit_or(arg)
	bitand(arg0, arg1)
	bitnot(arg)
	bitor(arg0, arg1)
	bitxor(arg0, arg1)
	cast(arg as Type)
	ceiling(NUMERIC arg)
	Character char(INTEGER arg)
	Integer character_length(STRING_OR_CLOB arg)
	Character chr(INTEGER arg)
	coalesce(arg0[, arg1[, ...]])
	String collate(STRING string as COLLATION collation)
	String concat(STRING string0[, STRING string1[, ...]])
	Double cos(NUMERIC arg)
	Double cosh(NUMERIC arg)
	Double cot(NUMERIC arg)
	Long count([distinct ]{arg|*})
	Integer crc32(arg)
	Double cume_dist([arg0[, ...]])
	Date curdate()
	Date current date
	Date current time
	Date current timestamp
	Date current_date
	Instant current_instant
	Date current_time
	Date current_timestamp
	Date curtime()
	Date date(arg)
	dateadd(TEMPORAL_UNIT field, INTEGER magnitude, TEMPORAL datetime)
	Integer datediff(DATE end, DATE start)
	Integer day(DATE arg)
	String dayname(DATE arg)
	Integer dayofmonth(DATE arg)
	Integer dayofweek(DATE arg)
	Integer dayofyear(DATE arg)
	Double degrees(NUMERIC arg)
	Long dense_rank([arg0[, ...]])
	Boolean every(BOOLEAN arg)
	Double exp(NUMERIC arg)
	extract(TEMPORAL_UNIT field from TEMPORAL arg)
	first_valueANY value
	floor(NUMERIC arg)
	String format(TEMPORAL datetime as STRING pattern)
	greatest(COMPARABLE arg0, COMPARABLE arg1[, arg2[, ...]])
	String hex(arg)
	Integer hour(TIME arg)
	ifnull(arg0, arg1)
	String insert(STRING string, INTEGER start, INTEGER length, STRING replacement)
	Instant instant
	Integer instr(STRING string, STRING pattern[, INTEGER start[, INTEGER occurrence]])
	String json_array([arg0[, ...]])
	String json_array_append(IMPLICIT_JSON arg0, STRING arg1, ANY arg2)
	String json_array_insert(IMPLICIT_JSON arg0, STRING arg1, ANY arg2)
	String json_arrayagg(arg0[, arg1])
	Boolean json_exists(IMPLICIT_JSON arg0, STRING arg1)
	String json_insert(IMPLICIT_JSON arg0, STRING arg1, ANY arg2)
	String json_mergepatch(IMPLICIT_JSON arg0, IMPLICIT_JSON arg1[, arg2[, ...]])
	String json_object( ... )
	String json_objectagg(arg0, arg1[, arg2, arg3])
	String json_query( ... )
	String json_remove(IMPLICIT_JSON arg0, STRING arg1)
	String json_replace(IMPLICIT_JSON arg0, STRING arg1, ANY arg2)
	String json_set(IMPLICIT_JSON arg0, STRING arg1, ANY arg2)
	json_value( ... )
	lagANY value[, INTEGER offset[, ANY default]]
	Date last_day(DATE arg)
	last_valueANY value
	leadANY value[, INTEGER offset[, ANY default]]
	least(COMPARABLE arg0, COMPARABLE arg1[, arg2[, ...]])
	String left(STRING string, INTEGER length)
	Integer length(STRING_OR_CLOB arg)
	String listagg(STRING arg0, STRING arg1)
	Double ln(NUMERIC arg)
	LocalDate local date
	LocalDateTime local datetime
	LocalTime local time
	LocalDate local_date
	LocalDateTime local_datetime
	LocalTime local_time
	Date localtime
	Date localtimestamp
	Integer locate(STRING pattern, STRING string[, INTEGER start])
	Double log(NUMERIC arg0[, NUMERIC arg1])
	Double log10(NUMERIC arg)
	Double log2(NUMERIC arg)
	String lower(STRING string)
	String lpad(string, length[, padding])
	String ltrim(STRING string[, STRING characters])
	Date makedate(INTEGER year, INTEGER dayofyear)
	Date maketime(INTEGER hour, INTEGER min, INTEGER sec)
	max(COMPARABLE arg)
	byte[] md5(arg)
	Integer microsecond(TIME arg)
	min(COMPARABLE arg)
	Integer minute(TIME arg)
	Integer mod(INTEGER arg0, INTEGER arg1)
	Integer month(DATE arg)
	String monthname(DATE arg)
	Date now()
	nth_valueANY value, INTEGER nth
	nullif(arg0, arg1)
	Integer octet_length(STRING_OR_CLOB arg)
	OffsetDateTime offset datetime
	OffsetDateTime offset_datetime
	Integer ordinal(ENUM arg)
	String overlay(STRING string placing STRING replacement from INTEGER start[ for INTEGER length])
	String pad(STRING string with INTEGER length {leading|trailing}[ STRING character])
	Double percent_rank([arg0[, ...]])
	Double pi
	Integer position(STRING pattern in STRING string)
	Double power(NUMERIC arg0, NUMERIC arg1)
	Integer quarter(DATE arg)
	Double radians(NUMERIC arg)
	Double rand([INTEGER seed])
	Long rank([arg0[, ...]])
	Boolean regexp_like(STRING arg0, STRING arg1[, STRING arg2])
	String repeat(STRING string, INTEGER times)
	String replace(STRING string, STRING pattern, STRING replacement)
	String reverse(STRING arg)
	String right(STRING string, INTEGER length)
	round(NUMERIC number[, INTEGER places])
	Long row_number()
	String rpad(string, length[, padding])
	String rtrim(STRING string[, STRING characters])
	Integer second(TIME arg)
	byte[] sha(arg)
	String sha1(arg)
	String sha2(arg0, arg1)
	Integer sign(NUMERIC arg)
	Double sin(NUMERIC arg)
	Double sinh(NUMERIC arg)
	String soundex(arg)
	String space(INTEGER arg)
	sql
	Double sqrt(NUMERIC arg)
	Double stddev(NUMERIC arg)
	Double stddev_pop(NUMERIC arg)
	Double stddev_samp(NUMERIC arg)
	String str(arg)
	String string(ENUM arg)
	subdate(DATE datetime, INTEGER days)
	String substr(STRING string, INTEGER start[, INTEGER length])
	String substring(STRING string{ from|,} INTEGER start[{ for|,} INTEGER length])
	subtime(TIME datetime, TIME time)
	sum(arg)
	Date sysdate()
	Double tan(NUMERIC arg)
	Double tanh(NUMERIC arg)
	String time(arg)
	Date timestamp(arg0[, arg1])
	timestampadd(TEMPORAL_UNIT field, INTEGER magnitude, TEMPORAL datetime)
	Long|Double timestampdiff(TEMPORAL_UNIT field, TEMPORAL start, TEMPORAL end)
	String trim([[{leading|trailing|both} ][STRING arg0 ]from] STRING arg1)
	trunc( ... )
	truncate( ... )
	String upper(STRING string)
	Date utc_date
	Date utc_time
	Date utc_timestamp
	Double var_pop(NUMERIC arg)
	Double var_samp(NUMERIC arg)
	Double variance(NUMERIC arg)
	Integer week(DATE arg)
	Integer year(DATE arg)

2026-03-25 16:54:00 DEBUG core:211 - HHH000513: Unable to create the ReflectionOptimizer for [com.test.Books]: private accessor [b_author]
2026-03-25 16:54:00 INFO  core:53 - HHH000489: No JTA platform available (set 'hibernate.transaction.jta.platform' to enable JTA platform integration)
2026-03-25 16:54:00 DEBUG service:102 - HHH010454: EventListenerRegistry access via ServiceRegistry is deprecated - use 'sessionFactory.getEventEngine().getListenerRegistry()' instead
2026-03-25 16:54:01 DEBUG SQL:126 - 
    create table books232 (
        id integer not null,
        b_author varchar(255),
        b_genre varchar(255),
        b_name varchar(255),
        b_price integer not null,
        primary key (id)
    ) engine=InnoDB
2026-03-25 16:54:01 DEBUG SQL:126 - 
    create table books232_SEQ (
        next_val bigint
    ) engine=InnoDB
2026-03-25 16:54:01 DEBUG SQL:126 - 
    insert into books232_SEQ ( next_val ) values ( 1 )
2026-03-25 16:54:01 DEBUG factoryRegistry:86 - HHH020384: Registering SessionFactory [34ef02e0-2d0d-4e52-9d83-6c9f62bd8a00] (<unnamed>)
2026-03-25 16:54:01 DEBUG core:151 - HHH006588: Opening session [tenant=null]
2026-03-25 16:54:01 DEBUG core:74 - HHH006583: Beginning transaction
2026-03-25 16:54:01 DEBUG SQL:126 - 
    select
        distinct b1_0.id,
        b1_0.b_author,
        b1_0.b_genre,
        b1_0.b_name,
        b1_0.b_price 
    from
        books232 b1_0
2026-03-25 16:59:20 DEBUG service:41 - HHH010455: Adding integrator: org.hibernate.boot.beanvalidation.BeanValidationIntegrator
2026-03-25 16:59:20 DEBUG service:41 - HHH010455: Adding integrator: org.hibernate.cache.internal.CollectionCacheInvalidator
2026-03-25 16:59:20 INFO  core:41 - HHH000001: Hibernate ORM core version 7.3.0.Final
2026-03-25 16:59:20 DEBUG core:155 - HHH000206: 'hibernate.properties' not found
2026-03-25 16:59:20 DEBUG boot:97 - HHH160204: cfg.xml document did not define namespaces; wrapping in custom event reader to introduce namespace information
2026-03-25 16:59:20 DEBUG cache:116 - HHH90001031: Cannot default RegionFactory since no RegionFactory strategies were registered
2026-03-25 16:59:20 DEBUG cache:46 - HHH90001029: Second-level cache disabled
2026-03-25 16:59:21 WARN  pooling:86 - HHH10001002: Using built-in connection pool (not intended for production use)
2026-03-25 16:59:21 DEBUG pooling:34 - HHH10001014: Initializing connection pool with 1 connections
2026-03-25 16:59:21 DEBUG jdbc:457 - HHH100017: Database:
	name: MySQL
	version: 8.0.42
	major: 8
	minor: 0
2026-03-25 16:59:21 DEBUG jdbc:463 - HHH100018: Driver:
	name: MySQL Connector/J
	version: mysql-connector-j-8.0.33 (Revision: 7d6b0800528b6b25c68b52dc10d6c1c8429c100c)
	major: 8
	minor: 0
	JDBC version: 4.2
2026-03-25 16:59:21 WARN  deprecation:152 - HHH90000025: MySQLDialect does not need to be specified explicitly using 'hibernate.dialect' (remove the property setting and it will be selected by default)
2026-03-25 16:59:21 DEBUG dialect:93 - HHH035001: Using dialect: org.hibernate.dialect.MySQLDialect, version: 8.0.42
2026-03-25 16:59:21 DEBUG IdentifierHelperBuilder:205 - IdentifierCaseStrategy for both quoted and unquoted identifiers was set to the same strategy [LOWER]; that will likely lead to problems in schema update and validation if using quoted identifiers
2026-03-25 16:59:21 DEBUG jdbc:379 - HHH100122: Using default JDBC fetch size: 0
2026-03-25 16:59:21 INFO  pooling:179 - HHH10001005: Database info:
	Database JDBC URL [jdbc:mysql://localhost:3306/mlamarch]
	Database driver: MySQL Connector/J
	Database dialect: MySQLDialect
	Database version: 8.0.42
	Default catalog/schema: mlamarch/undefined
	Autocommit mode: false
	Isolation level: REPEATABLE_READ
	JDBC fetch size: none
	Pool: DriverManagerConnectionProvider
	Minimum pool size: 1
	Maximum pool size: 20
2026-03-25 16:59:22 DEBUG factory:230 - HHH90020001: Instantiating factory [c80ba6b3-2890-4f2b-8a16-96a00f191319] with settings: {hibernate.format_sql=true, java.specification.version=25, sun.cpu.isalist=amd64, sun.jnu.encoding=Cp1252, hibernate.dialect=org.hibernate.dialect.MySQLDialect, java.class.path=C:\Users\ar.likith\Desktop\sts\Assesment\target\classes;C:\Users\ar.likith\.m2\repository\com\mysql\mysql-connector-j\8.0.33\mysql-connector-j-8.0.33.jar;C:\Users\ar.likith\.m2\repository\com\google\protobuf\protobuf-java\3.21.9\protobuf-java-3.21.9.jar;C:\Users\ar.likith\.m2\repository\org\hibernate\orm\hibernate-core\7.3.0.Final\hibernate-core-7.3.0.Final.jar;C:\Users\ar.likith\.m2\repository\jakarta\persistence\jakarta.persistence-api\3.2.0\jakarta.persistence-api-3.2.0.jar;C:\Users\ar.likith\.m2\repository\jakarta\transaction\jakarta.transaction-api\2.0.1\jakarta.transaction-api-2.0.1.jar;C:\Users\ar.likith\.m2\repository\org\jboss\logging\jboss-logging\3.6.1.Final\jboss-logging-3.6.1.Final.jar;C:\Users\ar.likith\.m2\repository\org\hibernate\models\hibernate-models\1.1.0\hibernate-models-1.1.0.jar;C:\Users\ar.likith\.m2\repository\net\bytebuddy\byte-buddy\1.18.7\byte-buddy-1.18.7.jar;C:\Users\ar.likith\.m2\repository\jakarta\xml\bind\jakarta.xml.bind-api\4.0.4\jakarta.xml.bind-api-4.0.4.jar;C:\Users\ar.likith\.m2\repository\jakarta\activation\jakarta.activation-api\2.1.4\jakarta.activation-api-2.1.4.jar;C:\Users\ar.likith\.m2\repository\org\glassfish\jaxb\jaxb-runtime\4.0.6\jaxb-runtime-4.0.6.jar;C:\Users\ar.likith\.m2\repository\org\glassfish\jaxb\jaxb-core\4.0.6\jaxb-core-4.0.6.jar;C:\Users\ar.likith\.m2\repository\org\eclipse\angus\angus-activation\2.0.3\angus-activation-2.0.3.jar;C:\Users\ar.likith\.m2\repository\org\glassfish\jaxb\txw2\4.0.6\txw2-4.0.6.jar;C:\Users\ar.likith\.m2\repository\com\sun\istack\istack-commons-runtime\4.1.2\istack-commons-runtime-4.1.2.jar;C:\Users\ar.likith\.m2\repository\jakarta\inject\jakarta.inject-api\2.0.1\jakarta.inject-api-2.0.1.jar;C:\Users\ar.likith\.m2\repository\org\antlr\antlr4-runtime\4.13.2\antlr4-runtime-4.13.2.jar;C:\Users\ar.likith\.m2\repository\org\apache\logging\log4j\log4j-core\2.17.1\log4j-core-2.17.1.jar;C:\Users\ar.likith\.m2\repository\org\apache\logging\log4j\log4j-api\2.17.1\log4j-api-2.17.1.jar;C:\Users\ar.likith\.m2\repository\org\apache\logging\log4j\log4j-slf4j-impl\2.17.1\log4j-slf4j-impl-2.17.1.jar;C:\Users\ar.likith\.m2\repository\org\slf4j\slf4j-api\1.7.25\slf4j-api-1.7.25.jar, java.vm.vendor=Eclipse Adoptium, sun.arch.data.model=64, hbm2ddl.auto=update, user.variant=, java.vendor.url=https://adoptium.net/, user.timezone=Asia/Calcutta, java.vm.specification.version=25, os.name=Windows 11, sun.java.launcher=SUN_STANDARD, user.country=US, sun.boot.library.path=C:\Users\ar.likith\Downloads\sts-5.1.1.RELEASE\plugins\org.eclipse.justj.openjdk.hotspot.jre.full.win32.x86_64_25.0.2.v20260203-1141\jre\bin, sun.java.command=com.test.InheritanceDemo, jdk.debug=release, sun.cpu.endian=little, user.home=C:\Users\ar.likith, user.language=en, java.specification.vendor=Oracle Corporation, java.version.date=2026-01-20, java.home=C:\Users\ar.likith\Downloads\sts-5.1.1.RELEASE\plugins\org.eclipse.justj.openjdk.hotspot.jre.full.win32.x86_64_25.0.2.v20260203-1141\jre, file.separator=\, java.vm.compressedOopsMode=Zero based, line.separator=
, java.vm.specification.vendor=Oracle Corporation, java.specification.name=Java Platform API Specification, hibernate.hbm2ddl.auto=update, user.script=, sun.management.compiler=HotSpot 64-Bit Tiered Compilers, java.runtime.version=25.0.2+10-LTS, user.name=ar.likith, stdout.encoding=UTF-8, path.separator=;, hibernate.connection.username=****, os.version=10.0, java.runtime.name=OpenJDK Runtime Environment, hibernate.connection.url=jdbc:mysql://localhost:3306/mlamarch, file.encoding=UTF-8, format_sql=true, java.vm.name=OpenJDK 64-Bit Server VM, hibernate.show_sql=true, java.vendor.version=Temurin-25.0.2+10, show_sql=true, hibernate.connection.driver_class=com.mysql.cj.jdbc.Driver, java.vendor.url.bug=https://github.com/adoptium/adoptium-support/issues, java.io.tmpdir=C:\Users\ARBCDF~1.LIK\AppData\Local\Temp\, java.version=25.0.2, user.dir=C:\Users\ar.likith\Desktop\sts\Assesment, os.arch=amd64, java.vm.specification.name=Java Virtual Machine Specification, hibernate.connection.password=****, sun.os.patch.level=, hibernate.boot.CfgXmlAccessService.key=org.hibernate.boot.cfgxml.spi.LoadedConfig@45a1d057, native.encoding=Cp1252, java.library.path=C:\Users\ar.likith\Downloads\sts-5.1.1.RELEASE\plugins\org.eclipse.justj.openjdk.hotspot.jre.full.win32.x86_64_25.0.2.v20260203-1141\jre\bin;C:\WINDOWS\Sun\Java\bin;C:\WINDOWS\system32;C:\WINDOWS;C:/Users/ar.likith/Downloads/sts-5.1.1.RELEASE//plugins/org.eclipse.justj.openjdk.hotspot.jre.full.win32.x86_64_25.0.2.v20260203-1141/jre/bin/server;C:/Users/ar.likith/Downloads/sts-5.1.1.RELEASE//plugins/org.eclipse.justj.openjdk.hotspot.jre.full.win32.x86_64_25.0.2.v20260203-1141/jre/bin;C:\Program Files\Microsoft\jdk-11.0.23.9-hotspot\bin;C:\Program Files\Microsoft\jdk-17.0.15.6-hotspot\bin;C:\Program Files\Python313\Scripts\;C:\Program Files\Python313\;%SystemRoot%\system32;%SystemRoot%;%SystemRoot%\System32\Wbem;%SYSTEMROOT%\System32\WindowsPowerShell\v1.0\;%SYSTEMROOT%\System32\OpenSSH\;C:\Program Files (x86)\Microsoft SQL Server\160\Tools\Binn\;C:\Program Files\Microsoft SQL Server\160\Tools\Binn\;C:\Program Files\Microsoft SQL Server\Client SDK\ODBC\170\Tools\Binn\;C:\Program Files\Microsoft SQL Server\160\DTS\Binn\;C:\Program Files\dotnet\;C:\Program Files\Microsoft VS Code\bin;C:\Program Files\Git\cmd;C:\Program Files\apache-maven-3.9.10\bin;C:\Program Files\nodejs\;C:\Program Files\PuTTY\;C:\Program Files (x86)\Microsoft SQL Server\160\DTS\Binn\;C:\Program Files\apache-maven-3.9.10\bin;C:\Program Files\apache-maven-3.9.10\bin;C:\Program Files\apache-maven-3.9.10\bin;C:\Program Files\apache-maven-3.9.10\bin;C:\Program Files\apache-maven-3.9.10\bin;C:\Users\ar.likith\AppData\Local\Microsoft\WindowsApps;;C:\Users\ar.likith\Downloads\sts-5.1.1.RELEASE;;., stderr.encoding=UTF-8, java.vendor=Eclipse Adoptium, java.vm.info=mixed mode, sharing, stdin.encoding=Cp1252, java.vm.version=25.0.2+10-LTS, sun.io.unicode.encoding=UnicodeLittle, java.class.version=69.0}
2026-03-25 16:59:22 DEBUG HQL_FUNCTIONS:155 - Available HQL Functions:
	abs(NUMERIC arg)
	Double acos(NUMERIC arg)
	adddate(DATE datetime, INTEGER days)
	addtime(TIME datetime, TIME time)
	Boolean any(BOOLEAN arg)
	Integer ascii(STRING arg)
	Double asin(NUMERIC arg)
	Double atan(NUMERIC arg)
	Double atan2(NUMERIC arg0, NUMERIC arg1)
	avg(arg)
	bit_and(arg)
	Integer bit_length(STRING_OR_CLOB arg)
	bit_or(arg)
	bitand(arg0, arg1)
	bitnot(arg)
	bitor(arg0, arg1)
	bitxor(arg0, arg1)
	cast(arg as Type)
	ceiling(NUMERIC arg)
	Character char(INTEGER arg)
	Integer character_length(STRING_OR_CLOB arg)
	Character chr(INTEGER arg)
	coalesce(arg0[, arg1[, ...]])
	String collate(STRING string as COLLATION collation)
	String concat(STRING string0[, STRING string1[, ...]])
	Double cos(NUMERIC arg)
	Double cosh(NUMERIC arg)
	Double cot(NUMERIC arg)
	Long count([distinct ]{arg|*})
	Integer crc32(arg)
	Double cume_dist([arg0[, ...]])
	Date curdate()
	Date current date
	Date current time
	Date current timestamp
	Date current_date
	Instant current_instant
	Date current_time
	Date current_timestamp
	Date curtime()
	Date date(arg)
	dateadd(TEMPORAL_UNIT field, INTEGER magnitude, TEMPORAL datetime)
	Integer datediff(DATE end, DATE start)
	Integer day(DATE arg)
	String dayname(DATE arg)
	Integer dayofmonth(DATE arg)
	Integer dayofweek(DATE arg)
	Integer dayofyear(DATE arg)
	Double degrees(NUMERIC arg)
	Long dense_rank([arg0[, ...]])
	Boolean every(BOOLEAN arg)
	Double exp(NUMERIC arg)
	extract(TEMPORAL_UNIT field from TEMPORAL arg)
	first_valueANY value
	floor(NUMERIC arg)
	String format(TEMPORAL datetime as STRING pattern)
	greatest(COMPARABLE arg0, COMPARABLE arg1[, arg2[, ...]])
	String hex(arg)
	Integer hour(TIME arg)
	ifnull(arg0, arg1)
	String insert(STRING string, INTEGER start, INTEGER length, STRING replacement)
	Instant instant
	Integer instr(STRING string, STRING pattern[, INTEGER start[, INTEGER occurrence]])
	String json_array([arg0[, ...]])
	String json_array_append(IMPLICIT_JSON arg0, STRING arg1, ANY arg2)
	String json_array_insert(IMPLICIT_JSON arg0, STRING arg1, ANY arg2)
	String json_arrayagg(arg0[, arg1])
	Boolean json_exists(IMPLICIT_JSON arg0, STRING arg1)
	String json_insert(IMPLICIT_JSON arg0, STRING arg1, ANY arg2)
	String json_mergepatch(IMPLICIT_JSON arg0, IMPLICIT_JSON arg1[, arg2[, ...]])
	String json_object( ... )
	String json_objectagg(arg0, arg1[, arg2, arg3])
	String json_query( ... )
	String json_remove(IMPLICIT_JSON arg0, STRING arg1)
	String json_replace(IMPLICIT_JSON arg0, STRING arg1, ANY arg2)
	String json_set(IMPLICIT_JSON arg0, STRING arg1, ANY arg2)
	json_value( ... )
	lagANY value[, INTEGER offset[, ANY default]]
	Date last_day(DATE arg)
	last_valueANY value
	leadANY value[, INTEGER offset[, ANY default]]
	least(COMPARABLE arg0, COMPARABLE arg1[, arg2[, ...]])
	String left(STRING string, INTEGER length)
	Integer length(STRING_OR_CLOB arg)
	String listagg(STRING arg0, STRING arg1)
	Double ln(NUMERIC arg)
	LocalDate local date
	LocalDateTime local datetime
	LocalTime local time
	LocalDate local_date
	LocalDateTime local_datetime
	LocalTime local_time
	Date localtime
	Date localtimestamp
	Integer locate(STRING pattern, STRING string[, INTEGER start])
	Double log(NUMERIC arg0[, NUMERIC arg1])
	Double log10(NUMERIC arg)
	Double log2(NUMERIC arg)
	String lower(STRING string)
	String lpad(string, length[, padding])
	String ltrim(STRING string[, STRING characters])
	Date makedate(INTEGER year, INTEGER dayofyear)
	Date maketime(INTEGER hour, INTEGER min, INTEGER sec)
	max(COMPARABLE arg)
	byte[] md5(arg)
	Integer microsecond(TIME arg)
	min(COMPARABLE arg)
	Integer minute(TIME arg)
	Integer mod(INTEGER arg0, INTEGER arg1)
	Integer month(DATE arg)
	String monthname(DATE arg)
	Date now()
	nth_valueANY value, INTEGER nth
	nullif(arg0, arg1)
	Integer octet_length(STRING_OR_CLOB arg)
	OffsetDateTime offset datetime
	OffsetDateTime offset_datetime
	Integer ordinal(ENUM arg)
	String overlay(STRING string placing STRING replacement from INTEGER start[ for INTEGER length])
	String pad(STRING string with INTEGER length {leading|trailing}[ STRING character])
	Double percent_rank([arg0[, ...]])
	Double pi
	Integer position(STRING pattern in STRING string)
	Double power(NUMERIC arg0, NUMERIC arg1)
	Integer quarter(DATE arg)
	Double radians(NUMERIC arg)
	Double rand([INTEGER seed])
	Long rank([arg0[, ...]])
	Boolean regexp_like(STRING arg0, STRING arg1[, STRING arg2])
	String repeat(STRING string, INTEGER times)
	String replace(STRING string, STRING pattern, STRING replacement)
	String reverse(STRING arg)
	String right(STRING string, INTEGER length)
	round(NUMERIC number[, INTEGER places])
	Long row_number()
	String rpad(string, length[, padding])
	String rtrim(STRING string[, STRING characters])
	Integer second(TIME arg)
	byte[] sha(arg)
	String sha1(arg)
	String sha2(arg0, arg1)
	Integer sign(NUMERIC arg)
	Double sin(NUMERIC arg)
	Double sinh(NUMERIC arg)
	String soundex(arg)
	String space(INTEGER arg)
	sql
	Double sqrt(NUMERIC arg)
	Double stddev(NUMERIC arg)
	Double stddev_pop(NUMERIC arg)
	Double stddev_samp(NUMERIC arg)
	String str(arg)
	String string(ENUM arg)
	subdate(DATE datetime, INTEGER days)
	String substr(STRING string, INTEGER start[, INTEGER length])
	String substring(STRING string{ from|,} INTEGER start[{ for|,} INTEGER length])
	subtime(TIME datetime, TIME time)
	sum(arg)
	Date sysdate()
	Double tan(NUMERIC arg)
	Double tanh(NUMERIC arg)
	String time(arg)
	Date timestamp(arg0[, arg1])
	timestampadd(TEMPORAL_UNIT field, INTEGER magnitude, TEMPORAL datetime)
	Long|Double timestampdiff(TEMPORAL_UNIT field, TEMPORAL start, TEMPORAL end)
	String trim([[{leading|trailing|both} ][STRING arg0 ]from] STRING arg1)
	trunc( ... )
	truncate( ... )
	String upper(STRING string)
	Date utc_date
	Date utc_time
	Date utc_timestamp
	Double var_pop(NUMERIC arg)
	Double var_samp(NUMERIC arg)
	Double variance(NUMERIC arg)
	Integer week(DATE arg)
	Integer year(DATE arg)

2026-03-25 16:59:22 DEBUG core:211 - HHH000513: Unable to create the ReflectionOptimizer for [com.test.Books]: private accessor [b_author]
2026-03-25 16:59:22 INFO  core:53 - HHH000489: No JTA platform available (set 'hibernate.transaction.jta.platform' to enable JTA platform integration)
2026-03-25 16:59:22 DEBUG service:102 - HHH010454: EventListenerRegistry access via ServiceRegistry is deprecated - use 'sessionFactory.getEventEngine().getListenerRegistry()' instead
2026-03-25 16:59:22 DEBUG Table:101 - No alter strings for table: books232
2026-03-25 16:59:22 DEBUG Table:101 - No alter strings for table: books232_SEQ
2026-03-25 16:59:22 DEBUG factoryRegistry:86 - HHH020384: Registering SessionFactory [c80ba6b3-2890-4f2b-8a16-96a00f191319] (<unnamed>)
2026-03-25 16:59:22 DEBUG core:151 - HHH006588: Opening session [tenant=null]
2026-03-25 16:59:22 DEBUG core:74 - HHH006583: Beginning transaction
2026-03-25 16:59:22 DEBUG SQL:126 - 
    select
        next_val as id_val 
    from
        books232_SEQ 
    for
        update
2026-03-25 16:59:22 DEBUG SQL:126 - 
    update
        books232_SEQ 
    set
        next_val= ? 
    where
        next_val=?
2026-03-25 16:59:59 DEBUG service:41 - HHH010455: Adding integrator: org.hibernate.boot.beanvalidation.BeanValidationIntegrator
2026-03-25 16:59:59 DEBUG service:41 - HHH010455: Adding integrator: org.hibernate.cache.internal.CollectionCacheInvalidator
2026-03-25 16:59:59 INFO  core:41 - HHH000001: Hibernate ORM core version 7.3.0.Final
2026-03-25 16:59:59 DEBUG core:155 - HHH000206: 'hibernate.properties' not found
2026-03-25 16:59:59 DEBUG boot:97 - HHH160204: cfg.xml document did not define namespaces; wrapping in custom event reader to introduce namespace information
2026-03-25 17:00:00 DEBUG cache:116 - HHH90001031: Cannot default RegionFactory since no RegionFactory strategies were registered
2026-03-25 17:00:00 DEBUG cache:46 - HHH90001029: Second-level cache disabled
2026-03-25 17:00:00 WARN  pooling:86 - HHH10001002: Using built-in connection pool (not intended for production use)
2026-03-25 17:00:00 DEBUG pooling:34 - HHH10001014: Initializing connection pool with 1 connections
2026-03-25 17:00:00 DEBUG jdbc:457 - HHH100017: Database:
	name: MySQL
	version: 8.0.42
	major: 8
	minor: 0
2026-03-25 17:00:00 DEBUG jdbc:463 - HHH100018: Driver:
	name: MySQL Connector/J
	version: mysql-connector-j-8.0.33 (Revision: 7d6b0800528b6b25c68b52dc10d6c1c8429c100c)
	major: 8
	minor: 0
	JDBC version: 4.2
2026-03-25 17:00:00 WARN  deprecation:152 - HHH90000025: MySQLDialect does not need to be specified explicitly using 'hibernate.dialect' (remove the property setting and it will be selected by default)
2026-03-25 17:00:00 DEBUG dialect:93 - HHH035001: Using dialect: org.hibernate.dialect.MySQLDialect, version: 8.0.42
2026-03-25 17:00:00 DEBUG IdentifierHelperBuilder:205 - IdentifierCaseStrategy for both quoted and unquoted identifiers was set to the same strategy [LOWER]; that will likely lead to problems in schema update and validation if using quoted identifiers
2026-03-25 17:00:00 DEBUG jdbc:379 - HHH100122: Using default JDBC fetch size: 0
2026-03-25 17:00:00 INFO  pooling:179 - HHH10001005: Database info:
	Database JDBC URL [jdbc:mysql://localhost:3306/mlamarch]
	Database driver: MySQL Connector/J
	Database dialect: MySQLDialect
	Database version: 8.0.42
	Default catalog/schema: mlamarch/undefined
	Autocommit mode: false
	Isolation level: REPEATABLE_READ
	JDBC fetch size: none
	Pool: DriverManagerConnectionProvider
	Minimum pool size: 1
	Maximum pool size: 20
2026-03-25 17:00:01 DEBUG factory:230 - HHH90020001: Instantiating factory [0f9979f2-50b1-4999-928d-9c757b4bb913] with settings: {hibernate.format_sql=true, java.specification.version=25, sun.cpu.isalist=amd64, sun.jnu.encoding=Cp1252, hibernate.dialect=org.hibernate.dialect.MySQLDialect, java.class.path=C:\Users\ar.likith\Desktop\sts\Assesment\target\classes;C:\Users\ar.likith\.m2\repository\com\mysql\mysql-connector-j\8.0.33\mysql-connector-j-8.0.33.jar;C:\Users\ar.likith\.m2\repository\com\google\protobuf\protobuf-java\3.21.9\protobuf-java-3.21.9.jar;C:\Users\ar.likith\.m2\repository\org\hibernate\orm\hibernate-core\7.3.0.Final\hibernate-core-7.3.0.Final.jar;C:\Users\ar.likith\.m2\repository\jakarta\persistence\jakarta.persistence-api\3.2.0\jakarta.persistence-api-3.2.0.jar;C:\Users\ar.likith\.m2\repository\jakarta\transaction\jakarta.transaction-api\2.0.1\jakarta.transaction-api-2.0.1.jar;C:\Users\ar.likith\.m2\repository\org\jboss\logging\jboss-logging\3.6.1.Final\jboss-logging-3.6.1.Final.jar;C:\Users\ar.likith\.m2\repository\org\hibernate\models\hibernate-models\1.1.0\hibernate-models-1.1.0.jar;C:\Users\ar.likith\.m2\repository\net\bytebuddy\byte-buddy\1.18.7\byte-buddy-1.18.7.jar;C:\Users\ar.likith\.m2\repository\jakarta\xml\bind\jakarta.xml.bind-api\4.0.4\jakarta.xml.bind-api-4.0.4.jar;C:\Users\ar.likith\.m2\repository\jakarta\activation\jakarta.activation-api\2.1.4\jakarta.activation-api-2.1.4.jar;C:\Users\ar.likith\.m2\repository\org\glassfish\jaxb\jaxb-runtime\4.0.6\jaxb-runtime-4.0.6.jar;C:\Users\ar.likith\.m2\repository\org\glassfish\jaxb\jaxb-core\4.0.6\jaxb-core-4.0.6.jar;C:\Users\ar.likith\.m2\repository\org\eclipse\angus\angus-activation\2.0.3\angus-activation-2.0.3.jar;C:\Users\ar.likith\.m2\repository\org\glassfish\jaxb\txw2\4.0.6\txw2-4.0.6.jar;C:\Users\ar.likith\.m2\repository\com\sun\istack\istack-commons-runtime\4.1.2\istack-commons-runtime-4.1.2.jar;C:\Users\ar.likith\.m2\repository\jakarta\inject\jakarta.inject-api\2.0.1\jakarta.inject-api-2.0.1.jar;C:\Users\ar.likith\.m2\repository\org\antlr\antlr4-runtime\4.13.2\antlr4-runtime-4.13.2.jar;C:\Users\ar.likith\.m2\repository\org\apache\logging\log4j\log4j-core\2.17.1\log4j-core-2.17.1.jar;C:\Users\ar.likith\.m2\repository\org\apache\logging\log4j\log4j-api\2.17.1\log4j-api-2.17.1.jar;C:\Users\ar.likith\.m2\repository\org\apache\logging\log4j\log4j-slf4j-impl\2.17.1\log4j-slf4j-impl-2.17.1.jar;C:\Users\ar.likith\.m2\repository\org\slf4j\slf4j-api\1.7.25\slf4j-api-1.7.25.jar, java.vm.vendor=Eclipse Adoptium, sun.arch.data.model=64, hbm2ddl.auto=update, user.variant=, java.vendor.url=https://adoptium.net/, user.timezone=Asia/Calcutta, java.vm.specification.version=25, os.name=Windows 11, sun.java.launcher=SUN_STANDARD, user.country=US, sun.boot.library.path=C:\Users\ar.likith\Downloads\sts-5.1.1.RELEASE\plugins\org.eclipse.justj.openjdk.hotspot.jre.full.win32.x86_64_25.0.2.v20260203-1141\jre\bin, sun.java.command=com.test.InheritanceDemo, jdk.debug=release, sun.cpu.endian=little, user.home=C:\Users\ar.likith, user.language=en, java.specification.vendor=Oracle Corporation, java.version.date=2026-01-20, java.home=C:\Users\ar.likith\Downloads\sts-5.1.1.RELEASE\plugins\org.eclipse.justj.openjdk.hotspot.jre.full.win32.x86_64_25.0.2.v20260203-1141\jre, file.separator=\, java.vm.compressedOopsMode=Zero based, line.separator=
, java.vm.specification.vendor=Oracle Corporation, java.specification.name=Java Platform API Specification, hibernate.hbm2ddl.auto=update, user.script=, sun.management.compiler=HotSpot 64-Bit Tiered Compilers, java.runtime.version=25.0.2+10-LTS, user.name=ar.likith, stdout.encoding=UTF-8, path.separator=;, hibernate.connection.username=****, os.version=10.0, java.runtime.name=OpenJDK Runtime Environment, hibernate.connection.url=jdbc:mysql://localhost:3306/mlamarch, file.encoding=UTF-8, format_sql=true, java.vm.name=OpenJDK 64-Bit Server VM, hibernate.show_sql=true, java.vendor.version=Temurin-25.0.2+10, show_sql=true, hibernate.connection.driver_class=com.mysql.cj.jdbc.Driver, java.vendor.url.bug=https://github.com/adoptium/adoptium-support/issues, java.io.tmpdir=C:\Users\ARBCDF~1.LIK\AppData\Local\Temp\, java.version=25.0.2, user.dir=C:\Users\ar.likith\Desktop\sts\Assesment, os.arch=amd64, java.vm.specification.name=Java Virtual Machine Specification, hibernate.connection.password=****, sun.os.patch.level=, hibernate.boot.CfgXmlAccessService.key=org.hibernate.boot.cfgxml.spi.LoadedConfig@32256e68, native.encoding=Cp1252, java.library.path=C:\Users\ar.likith\Downloads\sts-5.1.1.RELEASE\plugins\org.eclipse.justj.openjdk.hotspot.jre.full.win32.x86_64_25.0.2.v20260203-1141\jre\bin;C:\WINDOWS\Sun\Java\bin;C:\WINDOWS\system32;C:\WINDOWS;C:/Users/ar.likith/Downloads/sts-5.1.1.RELEASE//plugins/org.eclipse.justj.openjdk.hotspot.jre.full.win32.x86_64_25.0.2.v20260203-1141/jre/bin/server;C:/Users/ar.likith/Downloads/sts-5.1.1.RELEASE//plugins/org.eclipse.justj.openjdk.hotspot.jre.full.win32.x86_64_25.0.2.v20260203-1141/jre/bin;C:\Program Files\Microsoft\jdk-11.0.23.9-hotspot\bin;C:\Program Files\Microsoft\jdk-17.0.15.6-hotspot\bin;C:\Program Files\Python313\Scripts\;C:\Program Files\Python313\;%SystemRoot%\system32;%SystemRoot%;%SystemRoot%\System32\Wbem;%SYSTEMROOT%\System32\WindowsPowerShell\v1.0\;%SYSTEMROOT%\System32\OpenSSH\;C:\Program Files (x86)\Microsoft SQL Server\160\Tools\Binn\;C:\Program Files\Microsoft SQL Server\160\Tools\Binn\;C:\Program Files\Microsoft SQL Server\Client SDK\ODBC\170\Tools\Binn\;C:\Program Files\Microsoft SQL Server\160\DTS\Binn\;C:\Program Files\dotnet\;C:\Program Files\Microsoft VS Code\bin;C:\Program Files\Git\cmd;C:\Program Files\apache-maven-3.9.10\bin;C:\Program Files\nodejs\;C:\Program Files\PuTTY\;C:\Program Files (x86)\Microsoft SQL Server\160\DTS\Binn\;C:\Program Files\apache-maven-3.9.10\bin;C:\Program Files\apache-maven-3.9.10\bin;C:\Program Files\apache-maven-3.9.10\bin;C:\Program Files\apache-maven-3.9.10\bin;C:\Program Files\apache-maven-3.9.10\bin;C:\Users\ar.likith\AppData\Local\Microsoft\WindowsApps;;C:\Users\ar.likith\Downloads\sts-5.1.1.RELEASE;;., stderr.encoding=UTF-8, java.vendor=Eclipse Adoptium, java.vm.info=mixed mode, sharing, stdin.encoding=Cp1252, java.vm.version=25.0.2+10-LTS, sun.io.unicode.encoding=UnicodeLittle, java.class.version=69.0}
2026-03-25 17:00:01 DEBUG HQL_FUNCTIONS:155 - Available HQL Functions:
	abs(NUMERIC arg)
	Double acos(NUMERIC arg)
	adddate(DATE datetime, INTEGER days)
	addtime(TIME datetime, TIME time)
	Boolean any(BOOLEAN arg)
	Integer ascii(STRING arg)
	Double asin(NUMERIC arg)
	Double atan(NUMERIC arg)
	Double atan2(NUMERIC arg0, NUMERIC arg1)
	avg(arg)
	bit_and(arg)
	Integer bit_length(STRING_OR_CLOB arg)
	bit_or(arg)
	bitand(arg0, arg1)
	bitnot(arg)
	bitor(arg0, arg1)
	bitxor(arg0, arg1)
	cast(arg as Type)
	ceiling(NUMERIC arg)
	Character char(INTEGER arg)
	Integer character_length(STRING_OR_CLOB arg)
	Character chr(INTEGER arg)
	coalesce(arg0[, arg1[, ...]])
	String collate(STRING string as COLLATION collation)
	String concat(STRING string0[, STRING string1[, ...]])
	Double cos(NUMERIC arg)
	Double cosh(NUMERIC arg)
	Double cot(NUMERIC arg)
	Long count([distinct ]{arg|*})
	Integer crc32(arg)
	Double cume_dist([arg0[, ...]])
	Date curdate()
	Date current date
	Date current time
	Date current timestamp
	Date current_date
	Instant current_instant
	Date current_time
	Date current_timestamp
	Date curtime()
	Date date(arg)
	dateadd(TEMPORAL_UNIT field, INTEGER magnitude, TEMPORAL datetime)
	Integer datediff(DATE end, DATE start)
	Integer day(DATE arg)
	String dayname(DATE arg)
	Integer dayofmonth(DATE arg)
	Integer dayofweek(DATE arg)
	Integer dayofyear(DATE arg)
	Double degrees(NUMERIC arg)
	Long dense_rank([arg0[, ...]])
	Boolean every(BOOLEAN arg)
	Double exp(NUMERIC arg)
	extract(TEMPORAL_UNIT field from TEMPORAL arg)
	first_valueANY value
	floor(NUMERIC arg)
	String format(TEMPORAL datetime as STRING pattern)
	greatest(COMPARABLE arg0, COMPARABLE arg1[, arg2[, ...]])
	String hex(arg)
	Integer hour(TIME arg)
	ifnull(arg0, arg1)
	String insert(STRING string, INTEGER start, INTEGER length, STRING replacement)
	Instant instant
	Integer instr(STRING string, STRING pattern[, INTEGER start[, INTEGER occurrence]])
	String json_array([arg0[, ...]])
	String json_array_append(IMPLICIT_JSON arg0, STRING arg1, ANY arg2)
	String json_array_insert(IMPLICIT_JSON arg0, STRING arg1, ANY arg2)
	String json_arrayagg(arg0[, arg1])
	Boolean json_exists(IMPLICIT_JSON arg0, STRING arg1)
	String json_insert(IMPLICIT_JSON arg0, STRING arg1, ANY arg2)
	String json_mergepatch(IMPLICIT_JSON arg0, IMPLICIT_JSON arg1[, arg2[, ...]])
	String json_object( ... )
	String json_objectagg(arg0, arg1[, arg2, arg3])
	String json_query( ... )
	String json_remove(IMPLICIT_JSON arg0, STRING arg1)
	String json_replace(IMPLICIT_JSON arg0, STRING arg1, ANY arg2)
	String json_set(IMPLICIT_JSON arg0, STRING arg1, ANY arg2)
	json_value( ... )
	lagANY value[, INTEGER offset[, ANY default]]
	Date last_day(DATE arg)
	last_valueANY value
	leadANY value[, INTEGER offset[, ANY default]]
	least(COMPARABLE arg0, COMPARABLE arg1[, arg2[, ...]])
	String left(STRING string, INTEGER length)
	Integer length(STRING_OR_CLOB arg)
	String listagg(STRING arg0, STRING arg1)
	Double ln(NUMERIC arg)
	LocalDate local date
	LocalDateTime local datetime
	LocalTime local time
	LocalDate local_date
	LocalDateTime local_datetime
	LocalTime local_time
	Date localtime
	Date localtimestamp
	Integer locate(STRING pattern, STRING string[, INTEGER start])
	Double log(NUMERIC arg0[, NUMERIC arg1])
	Double log10(NUMERIC arg)
	Double log2(NUMERIC arg)
	String lower(STRING string)
	String lpad(string, length[, padding])
	String ltrim(STRING string[, STRING characters])
	Date makedate(INTEGER year, INTEGER dayofyear)
	Date maketime(INTEGER hour, INTEGER min, INTEGER sec)
	max(COMPARABLE arg)
	byte[] md5(arg)
	Integer microsecond(TIME arg)
	min(COMPARABLE arg)
	Integer minute(TIME arg)
	Integer mod(INTEGER arg0, INTEGER arg1)
	Integer month(DATE arg)
	String monthname(DATE arg)
	Date now()
	nth_valueANY value, INTEGER nth
	nullif(arg0, arg1)
	Integer octet_length(STRING_OR_CLOB arg)
	OffsetDateTime offset datetime
	OffsetDateTime offset_datetime
	Integer ordinal(ENUM arg)
	String overlay(STRING string placing STRING replacement from INTEGER start[ for INTEGER length])
	String pad(STRING string with INTEGER length {leading|trailing}[ STRING character])
	Double percent_rank([arg0[, ...]])
	Double pi
	Integer position(STRING pattern in STRING string)
	Double power(NUMERIC arg0, NUMERIC arg1)
	Integer quarter(DATE arg)
	Double radians(NUMERIC arg)
	Double rand([INTEGER seed])
	Long rank([arg0[, ...]])
	Boolean regexp_like(STRING arg0, STRING arg1[, STRING arg2])
	String repeat(STRING string, INTEGER times)
	String replace(STRING string, STRING pattern, STRING replacement)
	String reverse(STRING arg)
	String right(STRING string, INTEGER length)
	round(NUMERIC number[, INTEGER places])
	Long row_number()
	String rpad(string, length[, padding])
	String rtrim(STRING string[, STRING characters])
	Integer second(TIME arg)
	byte[] sha(arg)
	String sha1(arg)
	String sha2(arg0, arg1)
	Integer sign(NUMERIC arg)
	Double sin(NUMERIC arg)
	Double sinh(NUMERIC arg)
	String soundex(arg)
	String space(INTEGER arg)
	sql
	Double sqrt(NUMERIC arg)
	Double stddev(NUMERIC arg)
	Double stddev_pop(NUMERIC arg)
	Double stddev_samp(NUMERIC arg)
	String str(arg)
	String string(ENUM arg)
	subdate(DATE datetime, INTEGER days)
	String substr(STRING string, INTEGER start[, INTEGER length])
	String substring(STRING string{ from|,} INTEGER start[{ for|,} INTEGER length])
	subtime(TIME datetime, TIME time)
	sum(arg)
	Date sysdate()
	Double tan(NUMERIC arg)
	Double tanh(NUMERIC arg)
	String time(arg)
	Date timestamp(arg0[, arg1])
	timestampadd(TEMPORAL_UNIT field, INTEGER magnitude, TEMPORAL datetime)
	Long|Double timestampdiff(TEMPORAL_UNIT field, TEMPORAL start, TEMPORAL end)
	String trim([[{leading|trailing|both} ][STRING arg0 ]from] STRING arg1)
	trunc( ... )
	truncate( ... )
	String upper(STRING string)
	Date utc_date
	Date utc_time
	Date utc_timestamp
	Double var_pop(NUMERIC arg)
	Double var_samp(NUMERIC arg)
	Double variance(NUMERIC arg)
	Integer week(DATE arg)
	Integer year(DATE arg)

2026-03-25 17:00:01 DEBUG core:211 - HHH000513: Unable to create the ReflectionOptimizer for [com.test.Books]: private accessor [b_author]
2026-03-25 17:00:01 DEBUG core:211 - HHH000513: Unable to create the ReflectionOptimizer for [com.test.Story_Book]: private accessor [b_author]
2026-03-25 17:00:01 INFO  core:53 - HHH000489: No JTA platform available (set 'hibernate.transaction.jta.platform' to enable JTA platform integration)
2026-03-25 17:00:01 DEBUG service:102 - HHH010454: EventListenerRegistry access via ServiceRegistry is deprecated - use 'sessionFactory.getEventEngine().getListenerRegistry()' instead
2026-03-25 17:00:02 DEBUG Table:101 - No alter strings for table: books232
2026-03-25 17:00:02 DEBUG Table:101 - No alter strings for table: books232_SEQ
2026-03-25 17:00:02 DEBUG SQL:126 - 
    create table storybooks (
        id integer not null,
        b_author varchar(255),
        b_genre varchar(255),
        b_name varchar(255),
        b_price integer not null,
        pages varchar(255),
        primary key (id)
    ) engine=InnoDB
2026-03-25 17:00:02 DEBUG factoryRegistry:86 - HHH020384: Registering SessionFactory [0f9979f2-50b1-4999-928d-9c757b4bb913] (<unnamed>)
2026-03-25 17:00:02 DEBUG core:151 - HHH006588: Opening session [tenant=null]
2026-03-25 17:00:02 DEBUG core:74 - HHH006583: Beginning transaction
2026-03-25 17:00:02 DEBUG SQL:126 - 
    select
        next_val as id_val 
    from
        books232_SEQ 
    for
        update
2026-03-25 17:00:02 DEBUG SQL:126 - 
    update
        books232_SEQ 
    set
        next_val= ? 
    where
        next_val=?
2026-03-25 17:00:02 DEBUG core:87 - HHH006584: Committing transaction
2026-03-25 17:00:02 DEBUG event:98 - HHH90060071: Flushed: 2 insertions, 0 updates, 0 deletions to 2 objects
2026-03-25 17:00:02 DEBUG event:104 - HHH90060072: Flushed: 0 (re)creations, 0 updates, 0 removals to 0 collections
2026-03-25 17:00:02 DEBUG core:102 - Listing entities:
2026-03-25 17:00:02 DEBUG core:111 - com.test.Books{b_name=Maths, b_price=1233, b_author=RDSharma, id=2, b_genre=Study}
2026-03-25 17:00:02 DEBUG core:111 - com.test.Story_Book{b_name=null, b_price=0, pages=677, b_author=null, id=3, b_genre=null}
2026-03-25 17:00:02 DEBUG SQL:126 - 
    insert 
    into
        books232
        (b_author, b_genre, b_name, b_price, id) 
    values
        (?, ?, ?, ?, ?)
2026-03-25 17:00:02 DEBUG SQL:126 - 
    insert 
    into
        storybooks
        (b_author, b_genre, b_name, b_price, pages, id) 
    values
        (?, ?, ?, ?, ?, ?)
2026-03-25 17:01:04 DEBUG service:41 - HHH010455: Adding integrator: org.hibernate.boot.beanvalidation.BeanValidationIntegrator
2026-03-25 17:01:04 DEBUG service:41 - HHH010455: Adding integrator: org.hibernate.cache.internal.CollectionCacheInvalidator
2026-03-25 17:01:04 INFO  core:41 - HHH000001: Hibernate ORM core version 7.3.0.Final
2026-03-25 17:01:04 DEBUG core:155 - HHH000206: 'hibernate.properties' not found
2026-03-25 17:01:04 DEBUG boot:97 - HHH160204: cfg.xml document did not define namespaces; wrapping in custom event reader to introduce namespace information
2026-03-25 17:01:04 DEBUG cache:116 - HHH90001031: Cannot default RegionFactory since no RegionFactory strategies were registered
2026-03-25 17:01:04 DEBUG cache:46 - HHH90001029: Second-level cache disabled
2026-03-25 17:01:05 WARN  pooling:86 - HHH10001002: Using built-in connection pool (not intended for production use)
2026-03-25 17:01:05 DEBUG pooling:34 - HHH10001014: Initializing connection pool with 1 connections
2026-03-25 17:01:05 DEBUG jdbc:457 - HHH100017: Database:
	name: MySQL
	version: 8.0.42
	major: 8
	minor: 0
2026-03-25 17:01:05 DEBUG jdbc:463 - HHH100018: Driver:
	name: MySQL Connector/J
	version: mysql-connector-j-8.0.33 (Revision: 7d6b0800528b6b25c68b52dc10d6c1c8429c100c)
	major: 8
	minor: 0
	JDBC version: 4.2
2026-03-25 17:01:05 WARN  deprecation:152 - HHH90000025: MySQLDialect does not need to be specified explicitly using 'hibernate.dialect' (remove the property setting and it will be selected by default)
2026-03-25 17:01:05 DEBUG dialect:93 - HHH035001: Using dialect: org.hibernate.dialect.MySQLDialect, version: 8.0.42
2026-03-25 17:01:05 DEBUG IdentifierHelperBuilder:205 - IdentifierCaseStrategy for both quoted and unquoted identifiers was set to the same strategy [LOWER]; that will likely lead to problems in schema update and validation if using quoted identifiers
2026-03-25 17:01:05 DEBUG jdbc:379 - HHH100122: Using default JDBC fetch size: 0
2026-03-25 17:01:05 INFO  pooling:179 - HHH10001005: Database info:
	Database JDBC URL [jdbc:mysql://localhost:3306/mlamarch]
	Database driver: MySQL Connector/J
	Database dialect: MySQLDialect
	Database version: 8.0.42
	Default catalog/schema: mlamarch/undefined
	Autocommit mode: false
	Isolation level: REPEATABLE_READ
	JDBC fetch size: none
	Pool: DriverManagerConnectionProvider
	Minimum pool size: 1
	Maximum pool size: 20
2026-03-25 17:01:06 DEBUG factory:230 - HHH90020001: Instantiating factory [e6dcf4fd-8fac-4981-86fb-557dc48d1c16] with settings: {hibernate.format_sql=true, java.specification.version=25, sun.cpu.isalist=amd64, sun.jnu.encoding=Cp1252, hibernate.dialect=org.hibernate.dialect.MySQLDialect, java.class.path=C:\Users\ar.likith\Desktop\sts\Assesment\target\classes;C:\Users\ar.likith\.m2\repository\com\mysql\mysql-connector-j\8.0.33\mysql-connector-j-8.0.33.jar;C:\Users\ar.likith\.m2\repository\com\google\protobuf\protobuf-java\3.21.9\protobuf-java-3.21.9.jar;C:\Users\ar.likith\.m2\repository\org\hibernate\orm\hibernate-core\7.3.0.Final\hibernate-core-7.3.0.Final.jar;C:\Users\ar.likith\.m2\repository\jakarta\persistence\jakarta.persistence-api\3.2.0\jakarta.persistence-api-3.2.0.jar;C:\Users\ar.likith\.m2\repository\jakarta\transaction\jakarta.transaction-api\2.0.1\jakarta.transaction-api-2.0.1.jar;C:\Users\ar.likith\.m2\repository\org\jboss\logging\jboss-logging\3.6.1.Final\jboss-logging-3.6.1.Final.jar;C:\Users\ar.likith\.m2\repository\org\hibernate\models\hibernate-models\1.1.0\hibernate-models-1.1.0.jar;C:\Users\ar.likith\.m2\repository\net\bytebuddy\byte-buddy\1.18.7\byte-buddy-1.18.7.jar;C:\Users\ar.likith\.m2\repository\jakarta\xml\bind\jakarta.xml.bind-api\4.0.4\jakarta.xml.bind-api-4.0.4.jar;C:\Users\ar.likith\.m2\repository\jakarta\activation\jakarta.activation-api\2.1.4\jakarta.activation-api-2.1.4.jar;C:\Users\ar.likith\.m2\repository\org\glassfish\jaxb\jaxb-runtime\4.0.6\jaxb-runtime-4.0.6.jar;C:\Users\ar.likith\.m2\repository\org\glassfish\jaxb\jaxb-core\4.0.6\jaxb-core-4.0.6.jar;C:\Users\ar.likith\.m2\repository\org\eclipse\angus\angus-activation\2.0.3\angus-activation-2.0.3.jar;C:\Users\ar.likith\.m2\repository\org\glassfish\jaxb\txw2\4.0.6\txw2-4.0.6.jar;C:\Users\ar.likith\.m2\repository\com\sun\istack\istack-commons-runtime\4.1.2\istack-commons-runtime-4.1.2.jar;C:\Users\ar.likith\.m2\repository\jakarta\inject\jakarta.inject-api\2.0.1\jakarta.inject-api-2.0.1.jar;C:\Users\ar.likith\.m2\repository\org\antlr\antlr4-runtime\4.13.2\antlr4-runtime-4.13.2.jar;C:\Users\ar.likith\.m2\repository\org\apache\logging\log4j\log4j-core\2.17.1\log4j-core-2.17.1.jar;C:\Users\ar.likith\.m2\repository\org\apache\logging\log4j\log4j-api\2.17.1\log4j-api-2.17.1.jar;C:\Users\ar.likith\.m2\repository\org\apache\logging\log4j\log4j-slf4j-impl\2.17.1\log4j-slf4j-impl-2.17.1.jar;C:\Users\ar.likith\.m2\repository\org\slf4j\slf4j-api\1.7.25\slf4j-api-1.7.25.jar, java.vm.vendor=Eclipse Adoptium, sun.arch.data.model=64, hbm2ddl.auto=update, user.variant=, java.vendor.url=https://adoptium.net/, user.timezone=Asia/Calcutta, java.vm.specification.version=25, os.name=Windows 11, sun.java.launcher=SUN_STANDARD, user.country=US, sun.boot.library.path=C:\Users\ar.likith\Downloads\sts-5.1.1.RELEASE\plugins\org.eclipse.justj.openjdk.hotspot.jre.full.win32.x86_64_25.0.2.v20260203-1141\jre\bin, sun.java.command=com.test.InheritanceDemo, jdk.debug=release, sun.cpu.endian=little, user.home=C:\Users\ar.likith, user.language=en, java.specification.vendor=Oracle Corporation, java.version.date=2026-01-20, java.home=C:\Users\ar.likith\Downloads\sts-5.1.1.RELEASE\plugins\org.eclipse.justj.openjdk.hotspot.jre.full.win32.x86_64_25.0.2.v20260203-1141\jre, file.separator=\, java.vm.compressedOopsMode=Zero based, line.separator=
, java.vm.specification.vendor=Oracle Corporation, java.specification.name=Java Platform API Specification, hibernate.hbm2ddl.auto=update, user.script=, sun.management.compiler=HotSpot 64-Bit Tiered Compilers, java.runtime.version=25.0.2+10-LTS, user.name=ar.likith, stdout.encoding=UTF-8, path.separator=;, hibernate.connection.username=****, os.version=10.0, java.runtime.name=OpenJDK Runtime Environment, hibernate.connection.url=jdbc:mysql://localhost:3306/mlamarch, file.encoding=UTF-8, format_sql=true, java.vm.name=OpenJDK 64-Bit Server VM, hibernate.show_sql=true, java.vendor.version=Temurin-25.0.2+10, show_sql=true, hibernate.connection.driver_class=com.mysql.cj.jdbc.Driver, java.vendor.url.bug=https://github.com/adoptium/adoptium-support/issues, java.io.tmpdir=C:\Users\ARBCDF~1.LIK\AppData\Local\Temp\, java.version=25.0.2, user.dir=C:\Users\ar.likith\Desktop\sts\Assesment, os.arch=amd64, java.vm.specification.name=Java Virtual Machine Specification, hibernate.connection.password=****, sun.os.patch.level=, hibernate.boot.CfgXmlAccessService.key=org.hibernate.boot.cfgxml.spi.LoadedConfig@7f3fc42f, native.encoding=Cp1252, java.library.path=C:\Users\ar.likith\Downloads\sts-5.1.1.RELEASE\plugins\org.eclipse.justj.openjdk.hotspot.jre.full.win32.x86_64_25.0.2.v20260203-1141\jre\bin;C:\WINDOWS\Sun\Java\bin;C:\WINDOWS\system32;C:\WINDOWS;C:/Users/ar.likith/Downloads/sts-5.1.1.RELEASE//plugins/org.eclipse.justj.openjdk.hotspot.jre.full.win32.x86_64_25.0.2.v20260203-1141/jre/bin/server;C:/Users/ar.likith/Downloads/sts-5.1.1.RELEASE//plugins/org.eclipse.justj.openjdk.hotspot.jre.full.win32.x86_64_25.0.2.v20260203-1141/jre/bin;C:\Program Files\Microsoft\jdk-11.0.23.9-hotspot\bin;C:\Program Files\Microsoft\jdk-17.0.15.6-hotspot\bin;C:\Program Files\Python313\Scripts\;C:\Program Files\Python313\;%SystemRoot%\system32;%SystemRoot%;%SystemRoot%\System32\Wbem;%SYSTEMROOT%\System32\WindowsPowerShell\v1.0\;%SYSTEMROOT%\System32\OpenSSH\;C:\Program Files (x86)\Microsoft SQL Server\160\Tools\Binn\;C:\Program Files\Microsoft SQL Server\160\Tools\Binn\;C:\Program Files\Microsoft SQL Server\Client SDK\ODBC\170\Tools\Binn\;C:\Program Files\Microsoft SQL Server\160\DTS\Binn\;C:\Program Files\dotnet\;C:\Program Files\Microsoft VS Code\bin;C:\Program Files\Git\cmd;C:\Program Files\apache-maven-3.9.10\bin;C:\Program Files\nodejs\;C:\Program Files\PuTTY\;C:\Program Files (x86)\Microsoft SQL Server\160\DTS\Binn\;C:\Program Files\apache-maven-3.9.10\bin;C:\Program Files\apache-maven-3.9.10\bin;C:\Program Files\apache-maven-3.9.10\bin;C:\Program Files\apache-maven-3.9.10\bin;C:\Program Files\apache-maven-3.9.10\bin;C:\Users\ar.likith\AppData\Local\Microsoft\WindowsApps;;C:\Users\ar.likith\Downloads\sts-5.1.1.RELEASE;;., stderr.encoding=UTF-8, java.vendor=Eclipse Adoptium, java.vm.info=mixed mode, sharing, stdin.encoding=Cp1252, java.vm.version=25.0.2+10-LTS, sun.io.unicode.encoding=UnicodeLittle, java.class.version=69.0}
2026-03-25 17:01:06 DEBUG HQL_FUNCTIONS:155 - Available HQL Functions:
	abs(NUMERIC arg)
	Double acos(NUMERIC arg)
	adddate(DATE datetime, INTEGER days)
	addtime(TIME datetime, TIME time)
	Boolean any(BOOLEAN arg)
	Integer ascii(STRING arg)
	Double asin(NUMERIC arg)
	Double atan(NUMERIC arg)
	Double atan2(NUMERIC arg0, NUMERIC arg1)
	avg(arg)
	bit_and(arg)
	Integer bit_length(STRING_OR_CLOB arg)
	bit_or(arg)
	bitand(arg0, arg1)
	bitnot(arg)
	bitor(arg0, arg1)
	bitxor(arg0, arg1)
	cast(arg as Type)
	ceiling(NUMERIC arg)
	Character char(INTEGER arg)
	Integer character_length(STRING_OR_CLOB arg)
	Character chr(INTEGER arg)
	coalesce(arg0[, arg1[, ...]])
	String collate(STRING string as COLLATION collation)
	String concat(STRING string0[, STRING string1[, ...]])
	Double cos(NUMERIC arg)
	Double cosh(NUMERIC arg)
	Double cot(NUMERIC arg)
	Long count([distinct ]{arg|*})
	Integer crc32(arg)
	Double cume_dist([arg0[, ...]])
	Date curdate()
	Date current date
	Date current time
	Date current timestamp
	Date current_date
	Instant current_instant
	Date current_time
	Date current_timestamp
	Date curtime()
	Date date(arg)
	dateadd(TEMPORAL_UNIT field, INTEGER magnitude, TEMPORAL datetime)
	Integer datediff(DATE end, DATE start)
	Integer day(DATE arg)
	String dayname(DATE arg)
	Integer dayofmonth(DATE arg)
	Integer dayofweek(DATE arg)
	Integer dayofyear(DATE arg)
	Double degrees(NUMERIC arg)
	Long dense_rank([arg0[, ...]])
	Boolean every(BOOLEAN arg)
	Double exp(NUMERIC arg)
	extract(TEMPORAL_UNIT field from TEMPORAL arg)
	first_valueANY value
	floor(NUMERIC arg)
	String format(TEMPORAL datetime as STRING pattern)
	greatest(COMPARABLE arg0, COMPARABLE arg1[, arg2[, ...]])
	String hex(arg)
	Integer hour(TIME arg)
	ifnull(arg0, arg1)
	String insert(STRING string, INTEGER start, INTEGER length, STRING replacement)
	Instant instant
	Integer instr(STRING string, STRING pattern[, INTEGER start[, INTEGER occurrence]])
	String json_array([arg0[, ...]])
	String json_array_append(IMPLICIT_JSON arg0, STRING arg1, ANY arg2)
	String json_array_insert(IMPLICIT_JSON arg0, STRING arg1, ANY arg2)
	String json_arrayagg(arg0[, arg1])
	Boolean json_exists(IMPLICIT_JSON arg0, STRING arg1)
	String json_insert(IMPLICIT_JSON arg0, STRING arg1, ANY arg2)
	String json_mergepatch(IMPLICIT_JSON arg0, IMPLICIT_JSON arg1[, arg2[, ...]])
	String json_object( ... )
	String json_objectagg(arg0, arg1[, arg2, arg3])
	String json_query( ... )
	String json_remove(IMPLICIT_JSON arg0, STRING arg1)
	String json_replace(IMPLICIT_JSON arg0, STRING arg1, ANY arg2)
	String json_set(IMPLICIT_JSON arg0, STRING arg1, ANY arg2)
	json_value( ... )
	lagANY value[, INTEGER offset[, ANY default]]
	Date last_day(DATE arg)
	last_valueANY value
	leadANY value[, INTEGER offset[, ANY default]]
	least(COMPARABLE arg0, COMPARABLE arg1[, arg2[, ...]])
	String left(STRING string, INTEGER length)
	Integer length(STRING_OR_CLOB arg)
	String listagg(STRING arg0, STRING arg1)
	Double ln(NUMERIC arg)
	LocalDate local date
	LocalDateTime local datetime
	LocalTime local time
	LocalDate local_date
	LocalDateTime local_datetime
	LocalTime local_time
	Date localtime
	Date localtimestamp
	Integer locate(STRING pattern, STRING string[, INTEGER start])
	Double log(NUMERIC arg0[, NUMERIC arg1])
	Double log10(NUMERIC arg)
	Double log2(NUMERIC arg)
	String lower(STRING string)
	String lpad(string, length[, padding])
	String ltrim(STRING string[, STRING characters])
	Date makedate(INTEGER year, INTEGER dayofyear)
	Date maketime(INTEGER hour, INTEGER min, INTEGER sec)
	max(COMPARABLE arg)
	byte[] md5(arg)
	Integer microsecond(TIME arg)
	min(COMPARABLE arg)
	Integer minute(TIME arg)
	Integer mod(INTEGER arg0, INTEGER arg1)
	Integer month(DATE arg)
	String monthname(DATE arg)
	Date now()
	nth_valueANY value, INTEGER nth
	nullif(arg0, arg1)
	Integer octet_length(STRING_OR_CLOB arg)
	OffsetDateTime offset datetime
	OffsetDateTime offset_datetime
	Integer ordinal(ENUM arg)
	String overlay(STRING string placing STRING replacement from INTEGER start[ for INTEGER length])
	String pad(STRING string with INTEGER length {leading|trailing}[ STRING character])
	Double percent_rank([arg0[, ...]])
	Double pi
	Integer position(STRING pattern in STRING string)
	Double power(NUMERIC arg0, NUMERIC arg1)
	Integer quarter(DATE arg)
	Double radians(NUMERIC arg)
	Double rand([INTEGER seed])
	Long rank([arg0[, ...]])
	Boolean regexp_like(STRING arg0, STRING arg1[, STRING arg2])
	String repeat(STRING string, INTEGER times)
	String replace(STRING string, STRING pattern, STRING replacement)
	String reverse(STRING arg)
	String right(STRING string, INTEGER length)
	round(NUMERIC number[, INTEGER places])
	Long row_number()
	String rpad(string, length[, padding])
	String rtrim(STRING string[, STRING characters])
	Integer second(TIME arg)
	byte[] sha(arg)
	String sha1(arg)
	String sha2(arg0, arg1)
	Integer sign(NUMERIC arg)
	Double sin(NUMERIC arg)
	Double sinh(NUMERIC arg)
	String soundex(arg)
	String space(INTEGER arg)
	sql
	Double sqrt(NUMERIC arg)
	Double stddev(NUMERIC arg)
	Double stddev_pop(NUMERIC arg)
	Double stddev_samp(NUMERIC arg)
	String str(arg)
	String string(ENUM arg)
	subdate(DATE datetime, INTEGER days)
	String substr(STRING string, INTEGER start[, INTEGER length])
	String substring(STRING string{ from|,} INTEGER start[{ for|,} INTEGER length])
	subtime(TIME datetime, TIME time)
	sum(arg)
	Date sysdate()
	Double tan(NUMERIC arg)
	Double tanh(NUMERIC arg)
	String time(arg)
	Date timestamp(arg0[, arg1])
	timestampadd(TEMPORAL_UNIT field, INTEGER magnitude, TEMPORAL datetime)
	Long|Double timestampdiff(TEMPORAL_UNIT field, TEMPORAL start, TEMPORAL end)
	String trim([[{leading|trailing|both} ][STRING arg0 ]from] STRING arg1)
	trunc( ... )
	truncate( ... )
	String upper(STRING string)
	Date utc_date
	Date utc_time
	Date utc_timestamp
	Double var_pop(NUMERIC arg)
	Double var_samp(NUMERIC arg)
	Double variance(NUMERIC arg)
	Integer week(DATE arg)
	Integer year(DATE arg)

2026-03-25 17:01:06 DEBUG core:211 - HHH000513: Unable to create the ReflectionOptimizer for [com.test.Books]: private accessor [b_author]
2026-03-25 17:01:06 DEBUG core:211 - HHH000513: Unable to create the ReflectionOptimizer for [com.test.Story_Book]: private accessor [b_author]
2026-03-25 17:01:06 INFO  core:53 - HHH000489: No JTA platform available (set 'hibernate.transaction.jta.platform' to enable JTA platform integration)
2026-03-25 17:01:06 DEBUG service:102 - HHH010454: EventListenerRegistry access via ServiceRegistry is deprecated - use 'sessionFactory.getEventEngine().getListenerRegistry()' instead
2026-03-25 17:01:06 DEBUG SQL:126 - 
    alter table books232 
       add column DTYPE varchar(31) not null check ((DTYPE in ('Books','Story_Book')))
2026-03-25 17:01:07 WARN  ExceptionHandlerLoggedImpl:25 - GenerationTarget encountered exception accepting command : Error executing DDL "
    alter table books232 
       add column DTYPE varchar(31) not null check ((DTYPE in ('Books','Story_Book')))" via JDBC [Check constraint 'books232_chk_1' is violated.]
org.hibernate.tool.schema.spi.CommandAcceptanceException: Error executing DDL "
    alter table books232 
       add column DTYPE varchar(31) not null check ((DTYPE in ('Books','Story_Book')))" via JDBC [Check constraint 'books232_chk_1' is violated.]
	at org.hibernate.tool.schema.internal.exec.GenerationTargetToDatabase.accept(GenerationTargetToDatabase.java:81) ~[hibernate-core-7.3.0.Final.jar:7.3.0.Final]
	at org.hibernate.tool.schema.internal.AbstractSchemaMigrator.applySqlString(AbstractSchemaMigrator.java:566) [hibernate-core-7.3.0.Final.jar:7.3.0.Final]
	at org.hibernate.tool.schema.internal.AbstractSchemaMigrator.applySqlStrings(AbstractSchemaMigrator.java:506) [hibernate-core-7.3.0.Final.jar:7.3.0.Final]
	at org.hibernate.tool.schema.internal.AbstractSchemaMigrator.migrateTable(AbstractSchemaMigrator.java:324) [hibernate-core-7.3.0.Final.jar:7.3.0.Final]
	at org.hibernate.tool.schema.internal.GroupedSchemaMigratorImpl.performTablesMigration(GroupedSchemaMigratorImpl.java:84) [hibernate-core-7.3.0.Final.jar:7.3.0.Final]
	at org.hibernate.tool.schema.internal.AbstractSchemaMigrator.performMigration(AbstractSchemaMigrator.java:220) [hibernate-core-7.3.0.Final.jar:7.3.0.Final]
	at org.hibernate.tool.schema.internal.AbstractSchemaMigrator.doMigration(AbstractSchemaMigrator.java:96) [hibernate-core-7.3.0.Final.jar:7.3.0.Final]
	at org.hibernate.tool.schema.spi.SchemaManagementToolCoordinator.performDatabaseAction(SchemaManagementToolCoordinator.java:269) [hibernate-core-7.3.0.Final.jar:7.3.0.Final]
	at org.hibernate.tool.schema.spi.SchemaManagementToolCoordinator.lambda$process$1(SchemaManagementToolCoordinator.java:101) [hibernate-core-7.3.0.Final.jar:7.3.0.Final]
	at java.util.HashMap.forEach(HashMap.java:1430) [?:?]
	at org.hibernate.tool.schema.spi.SchemaManagementToolCoordinator.process(SchemaManagementToolCoordinator.java:100) [hibernate-core-7.3.0.Final.jar:7.3.0.Final]
	at org.hibernate.boot.internal.SessionFactoryObserverForSchemaExport.sessionFactoryCreated(SessionFactoryObserverForSchemaExport.java:35) [hibernate-core-7.3.0.Final.jar:7.3.0.Final]
	at org.hibernate.internal.SessionFactoryObserverChain.sessionFactoryCreated(SessionFactoryObserverChain.java:33) [hibernate-core-7.3.0.Final.jar:7.3.0.Final]
	at org.hibernate.internal.SessionFactoryImpl.<init>(SessionFactoryImpl.java:323) [hibernate-core-7.3.0.Final.jar:7.3.0.Final]
	at org.hibernate.internal.SessionFactoryRegistry.instantiateSessionFactory(SessionFactoryRegistry.java:64) [hibernate-core-7.3.0.Final.jar:7.3.0.Final]
	at org.hibernate.boot.internal.SessionFactoryBuilderImpl.build(SessionFactoryBuilderImpl.java:444) [hibernate-core-7.3.0.Final.jar:7.3.0.Final]
	at org.hibernate.cfg.Configuration.buildSessionFactory(Configuration.java:1112) [hibernate-core-7.3.0.Final.jar:7.3.0.Final]
	at org.hibernate.cfg.Configuration.buildSessionFactory(Configuration.java:1131) [hibernate-core-7.3.0.Final.jar:7.3.0.Final]
	at com.test.InheritanceDemo.main(InheritanceDemo.java:14) [classes/:?]
Caused by: java.sql.SQLException: Check constraint 'books232_chk_1' is violated.
	at com.mysql.cj.jdbc.exceptions.SQLError.createSQLException(SQLError.java:130) ~[mysql-connector-j-8.0.33.jar:8.0.33]
	at com.mysql.cj.jdbc.exceptions.SQLExceptionsMapping.translateException(SQLExceptionsMapping.java:122) ~[mysql-connector-j-8.0.33.jar:8.0.33]
	at com.mysql.cj.jdbc.StatementImpl.executeInternal(StatementImpl.java:763) ~[mysql-connector-j-8.0.33.jar:8.0.33]
	at com.mysql.cj.jdbc.StatementImpl.execute(StatementImpl.java:648) ~[mysql-connector-j-8.0.33.jar:8.0.33]
	at org.hibernate.tool.schema.internal.exec.GenerationTargetToDatabase.accept(GenerationTargetToDatabase.java:76) ~[hibernate-core-7.3.0.Final.jar:7.3.0.Final]
	... 18 more
2026-03-25 17:01:07 DEBUG SQL:126 - 
    alter table books232 
       add column pages varchar(255)
2026-03-25 17:01:07 DEBUG Table:101 - No alter strings for table: books232_SEQ
2026-03-25 17:01:07 DEBUG factoryRegistry:86 - HHH020384: Registering SessionFactory [e6dcf4fd-8fac-4981-86fb-557dc48d1c16] (<unnamed>)
2026-03-25 17:01:07 DEBUG core:151 - HHH006588: Opening session [tenant=null]
2026-03-25 17:01:07 DEBUG core:74 - HHH006583: Beginning transaction
2026-03-25 17:01:07 DEBUG SQL:126 - 
    select
        next_val as id_val 
    from
        books232_SEQ 
    for
        update
2026-03-25 17:01:07 DEBUG SQL:126 - 
    update
        books232_SEQ 
    set
        next_val= ? 
    where
        next_val=?
2026-03-25 17:01:07 DEBUG core:87 - HHH006584: Committing transaction
2026-03-25 17:01:07 DEBUG event:98 - HHH90060071: Flushed: 2 insertions, 0 updates, 0 deletions to 2 objects
2026-03-25 17:01:07 DEBUG event:104 - HHH90060072: Flushed: 0 (re)creations, 0 updates, 0 removals to 0 collections
2026-03-25 17:01:07 DEBUG core:102 - Listing entities:
2026-03-25 17:01:07 DEBUG core:111 - com.test.Books{b_name=Maths, b_price=1233, b_author=RDSharma, id=52, b_genre=Study}
2026-03-25 17:01:07 DEBUG core:111 - com.test.Story_Book{b_name=null, b_price=0, pages=677, b_author=null, id=53, b_genre=null}
2026-03-25 17:01:07 DEBUG SQL:126 - 
    insert 
    into
        books232
        (b_author, b_genre, b_name, b_price, DTYPE, id) 
    values
        (?, ?, ?, ?, 'Books', ?)
2026-03-25 17:01:07 WARN  error:143 - HHH000247: ErrorCode: 1054, SQLState: 42S22
2026-03-25 17:01:07 WARN  error:144 - Unknown column 'DTYPE' in 'field list'
2026-03-25 17:01:07 DEBUG error:150 - could not execute statement [insert into books232 (b_author,b_genre,b_name,b_price,DTYPE,id) values (?,?,?,?,'Books',?)]
java.sql.SQLSyntaxErrorException: Unknown column 'DTYPE' in 'field list'
	at com.mysql.cj.jdbc.exceptions.SQLError.createSQLException(SQLError.java:121) ~[mysql-connector-j-8.0.33.jar:8.0.33]
	at com.mysql.cj.jdbc.exceptions.SQLExceptionsMapping.translateException(SQLExceptionsMapping.java:122) ~[mysql-connector-j-8.0.33.jar:8.0.33]
	at com.mysql.cj.jdbc.ClientPreparedStatement.executeInternal(ClientPreparedStatement.java:916) ~[mysql-connector-j-8.0.33.jar:8.0.33]
	at com.mysql.cj.jdbc.ClientPreparedStatement.executeUpdateInternal(ClientPreparedStatement.java:1061) ~[mysql-connector-j-8.0.33.jar:8.0.33]
	at com.mysql.cj.jdbc.ClientPreparedStatement.executeUpdateInternal(ClientPreparedStatement.java:1009) ~[mysql-connector-j-8.0.33.jar:8.0.33]
	at com.mysql.cj.jdbc.ClientPreparedStatement.executeLargeUpdate(ClientPreparedStatement.java:1320) ~[mysql-connector-j-8.0.33.jar:8.0.33]
	at com.mysql.cj.jdbc.ClientPreparedStatement.executeUpdate(ClientPreparedStatement.java:994) ~[mysql-connector-j-8.0.33.jar:8.0.33]
	at org.hibernate.engine.jdbc.internal.ResultSetReturnImpl.executeUpdate(ResultSetReturnImpl.java:185) [hibernate-core-7.3.0.Final.jar:7.3.0.Final]
	at org.hibernate.engine.jdbc.mutation.internal.AbstractMutationExecutor.performNonBatchedMutation(AbstractMutationExecutor.java:145) [hibernate-core-7.3.0.Final.jar:7.3.0.Final]
	at org.hibernate.engine.jdbc.mutation.internal.MutationExecutorSingleNonBatched.performNonBatchedOperations(MutationExecutorSingleNonBatched.java:53) [hibernate-core-7.3.0.Final.jar:7.3.0.Final]
	at org.hibernate.engine.jdbc.mutation.internal.AbstractMutationExecutor.execute(AbstractMutationExecutor.java:65) [hibernate-core-7.3.0.Final.jar:7.3.0.Final]
	at org.hibernate.engine.jdbc.mutation.internal.AbstractMutationExecutor.execute(AbstractMutationExecutor.java:54) [hibernate-core-7.3.0.Final.jar:7.3.0.Final]
	at org.hibernate.persister.entity.mutation.InsertCoordinatorStandard.doStaticInserts(InsertCoordinatorStandard.java:180) [hibernate-core-7.3.0.Final.jar:7.3.0.Final]
	at org.hibernate.persister.entity.mutation.InsertCoordinatorStandard.coordinateInsert(InsertCoordinatorStandard.java:120) [hibernate-core-7.3.0.Final.jar:7.3.0.Final]
	at org.hibernate.persister.entity.mutation.InsertCoordinatorStandard.insert(InsertCoordinatorStandard.java:93) [hibernate-core-7.3.0.Final.jar:7.3.0.Final]
	at org.hibernate.action.internal.EntityInsertAction.execute(EntityInsertAction.java:108) [hibernate-core-7.3.0.Final.jar:7.3.0.Final]
	at org.hibernate.engine.spi.ActionQueue.executeActions(ActionQueue.java:634) [hibernate-core-7.3.0.Final.jar:7.3.0.Final]
	at org.hibernate.engine.spi.ActionQueue.executeActions(ActionQueue.java:505) [hibernate-core-7.3.0.Final.jar:7.3.0.Final]
	at org.hibernate.event.internal.AbstractFlushingEventListener.performExecutions(AbstractFlushingEventListener.java:381) [hibernate-core-7.3.0.Final.jar:7.3.0.Final]
	at org.hibernate.event.internal.DefaultFlushEventListener.onFlush(DefaultFlushEventListener.java:40) [hibernate-core-7.3.0.Final.jar:7.3.0.Final]
	at org.hibernate.event.service.internal.EventListenerGroupImpl.fireEventOnEachListener(EventListenerGroupImpl.java:138) [hibernate-core-7.3.0.Final.jar:7.3.0.Final]
	at org.hibernate.internal.SessionImpl.fireFlush(SessionImpl.java:1451) [hibernate-core-7.3.0.Final.jar:7.3.0.Final]
	at org.hibernate.internal.SessionImpl.managedFlush(SessionImpl.java:482) [hibernate-core-7.3.0.Final.jar:7.3.0.Final]
	at org.hibernate.internal.SessionImpl.flushBeforeTransactionCompletion(SessionImpl.java:2078) [hibernate-core-7.3.0.Final.jar:7.3.0.Final]
	at org.hibernate.internal.SessionImpl.beforeTransactionCompletion(SessionImpl.java:2000) [hibernate-core-7.3.0.Final.jar:7.3.0.Final]
	at org.hibernate.engine.jdbc.internal.JdbcCoordinatorImpl.beforeTransactionCompletion(JdbcCoordinatorImpl.java:426) [hibernate-core-7.3.0.Final.jar:7.3.0.Final]
	at org.hibernate.resource.transaction.backend.jdbc.internal.JdbcResourceLocalTransactionCoordinatorImpl.beforeCompletionCallback(JdbcResourceLocalTransactionCoordinatorImpl.java:166) [hibernate-core-7.3.0.Final.jar:7.3.0.Final]
	at org.hibernate.resource.transaction.backend.jdbc.internal.JdbcResourceLocalTransactionCoordinatorImpl$TransactionDriverControlImpl.commitNoRollbackOnly(JdbcResourceLocalTransactionCoordinatorImpl.java:251) [hibernate-core-7.3.0.Final.jar:7.3.0.Final]
	at org.hibernate.resource.transaction.backend.jdbc.internal.JdbcResourceLocalTransactionCoordinatorImpl$TransactionDriverControlImpl.commit(JdbcResourceLocalTransactionCoordinatorImpl.java:241) [hibernate-core-7.3.0.Final.jar:7.3.0.Final]
	at org.hibernate.engine.transaction.internal.TransactionImpl.commit(TransactionImpl.java:89) [hibernate-core-7.3.0.Final.jar:7.3.0.Final]
	at com.test.InheritanceDemo.main(InheritanceDemo.java:31) [classes/:?]
2026-03-25 17:01:20 DEBUG service:41 - HHH010455: Adding integrator: org.hibernate.boot.beanvalidation.BeanValidationIntegrator
2026-03-25 17:01:20 DEBUG service:41 - HHH010455: Adding integrator: org.hibernate.cache.internal.CollectionCacheInvalidator
2026-03-25 17:01:20 INFO  core:41 - HHH000001: Hibernate ORM core version 7.3.0.Final
2026-03-25 17:01:20 DEBUG core:155 - HHH000206: 'hibernate.properties' not found
2026-03-25 17:01:20 DEBUG boot:97 - HHH160204: cfg.xml document did not define namespaces; wrapping in custom event reader to introduce namespace information
2026-03-25 17:01:20 DEBUG cache:116 - HHH90001031: Cannot default RegionFactory since no RegionFactory strategies were registered
2026-03-25 17:01:20 DEBUG cache:46 - HHH90001029: Second-level cache disabled
2026-03-25 17:01:20 WARN  pooling:86 - HHH10001002: Using built-in connection pool (not intended for production use)
2026-03-25 17:01:21 DEBUG pooling:34 - HHH10001014: Initializing connection pool with 1 connections
2026-03-25 17:01:21 DEBUG jdbc:457 - HHH100017: Database:
	name: MySQL
	version: 8.0.42
	major: 8
	minor: 0
2026-03-25 17:01:21 DEBUG jdbc:463 - HHH100018: Driver:
	name: MySQL Connector/J
	version: mysql-connector-j-8.0.33 (Revision: 7d6b0800528b6b25c68b52dc10d6c1c8429c100c)
	major: 8
	minor: 0
	JDBC version: 4.2
2026-03-25 17:01:21 WARN  deprecation:152 - HHH90000025: MySQLDialect does not need to be specified explicitly using 'hibernate.dialect' (remove the property setting and it will be selected by default)
2026-03-25 17:01:21 DEBUG dialect:93 - HHH035001: Using dialect: org.hibernate.dialect.MySQLDialect, version: 8.0.42
2026-03-25 17:01:21 DEBUG IdentifierHelperBuilder:205 - IdentifierCaseStrategy for both quoted and unquoted identifiers was set to the same strategy [LOWER]; that will likely lead to problems in schema update and validation if using quoted identifiers
2026-03-25 17:01:21 DEBUG jdbc:379 - HHH100122: Using default JDBC fetch size: 0
2026-03-25 17:01:21 INFO  pooling:179 - HHH10001005: Database info:
	Database JDBC URL [jdbc:mysql://localhost:3306/mlamarch]
	Database driver: MySQL Connector/J
	Database dialect: MySQLDialect
	Database version: 8.0.42
	Default catalog/schema: mlamarch/undefined
	Autocommit mode: false
	Isolation level: REPEATABLE_READ
	JDBC fetch size: none
	Pool: DriverManagerConnectionProvider
	Minimum pool size: 1
	Maximum pool size: 20
2026-03-25 17:01:21 DEBUG factory:230 - HHH90020001: Instantiating factory [af1775f7-d28b-45b0-b8a0-d5523189fbcf] with settings: {hibernate.format_sql=true, java.specification.version=25, sun.cpu.isalist=amd64, sun.jnu.encoding=Cp1252, hibernate.dialect=org.hibernate.dialect.MySQLDialect, java.class.path=C:\Users\ar.likith\Desktop\sts\Assesment\target\classes;C:\Users\ar.likith\.m2\repository\com\mysql\mysql-connector-j\8.0.33\mysql-connector-j-8.0.33.jar;C:\Users\ar.likith\.m2\repository\com\google\protobuf\protobuf-java\3.21.9\protobuf-java-3.21.9.jar;C:\Users\ar.likith\.m2\repository\org\hibernate\orm\hibernate-core\7.3.0.Final\hibernate-core-7.3.0.Final.jar;C:\Users\ar.likith\.m2\repository\jakarta\persistence\jakarta.persistence-api\3.2.0\jakarta.persistence-api-3.2.0.jar;C:\Users\ar.likith\.m2\repository\jakarta\transaction\jakarta.transaction-api\2.0.1\jakarta.transaction-api-2.0.1.jar;C:\Users\ar.likith\.m2\repository\org\jboss\logging\jboss-logging\3.6.1.Final\jboss-logging-3.6.1.Final.jar;C:\Users\ar.likith\.m2\repository\org\hibernate\models\hibernate-models\1.1.0\hibernate-models-1.1.0.jar;C:\Users\ar.likith\.m2\repository\net\bytebuddy\byte-buddy\1.18.7\byte-buddy-1.18.7.jar;C:\Users\ar.likith\.m2\repository\jakarta\xml\bind\jakarta.xml.bind-api\4.0.4\jakarta.xml.bind-api-4.0.4.jar;C:\Users\ar.likith\.m2\repository\jakarta\activation\jakarta.activation-api\2.1.4\jakarta.activation-api-2.1.4.jar;C:\Users\ar.likith\.m2\repository\org\glassfish\jaxb\jaxb-runtime\4.0.6\jaxb-runtime-4.0.6.jar;C:\Users\ar.likith\.m2\repository\org\glassfish\jaxb\jaxb-core\4.0.6\jaxb-core-4.0.6.jar;C:\Users\ar.likith\.m2\repository\org\eclipse\angus\angus-activation\2.0.3\angus-activation-2.0.3.jar;C:\Users\ar.likith\.m2\repository\org\glassfish\jaxb\txw2\4.0.6\txw2-4.0.6.jar;C:\Users\ar.likith\.m2\repository\com\sun\istack\istack-commons-runtime\4.1.2\istack-commons-runtime-4.1.2.jar;C:\Users\ar.likith\.m2\repository\jakarta\inject\jakarta.inject-api\2.0.1\jakarta.inject-api-2.0.1.jar;C:\Users\ar.likith\.m2\repository\org\antlr\antlr4-runtime\4.13.2\antlr4-runtime-4.13.2.jar;C:\Users\ar.likith\.m2\repository\org\apache\logging\log4j\log4j-core\2.17.1\log4j-core-2.17.1.jar;C:\Users\ar.likith\.m2\repository\org\apache\logging\log4j\log4j-api\2.17.1\log4j-api-2.17.1.jar;C:\Users\ar.likith\.m2\repository\org\apache\logging\log4j\log4j-slf4j-impl\2.17.1\log4j-slf4j-impl-2.17.1.jar;C:\Users\ar.likith\.m2\repository\org\slf4j\slf4j-api\1.7.25\slf4j-api-1.7.25.jar, java.vm.vendor=Eclipse Adoptium, sun.arch.data.model=64, hbm2ddl.auto=create, user.variant=, java.vendor.url=https://adoptium.net/, user.timezone=Asia/Calcutta, java.vm.specification.version=25, os.name=Windows 11, sun.java.launcher=SUN_STANDARD, user.country=US, sun.boot.library.path=C:\Users\ar.likith\Downloads\sts-5.1.1.RELEASE\plugins\org.eclipse.justj.openjdk.hotspot.jre.full.win32.x86_64_25.0.2.v20260203-1141\jre\bin, sun.java.command=com.test.InheritanceDemo, jdk.debug=release, sun.cpu.endian=little, user.home=C:\Users\ar.likith, user.language=en, java.specification.vendor=Oracle Corporation, java.version.date=2026-01-20, java.home=C:\Users\ar.likith\Downloads\sts-5.1.1.RELEASE\plugins\org.eclipse.justj.openjdk.hotspot.jre.full.win32.x86_64_25.0.2.v20260203-1141\jre, file.separator=\, java.vm.compressedOopsMode=Zero based, line.separator=
, java.vm.specification.vendor=Oracle Corporation, java.specification.name=Java Platform API Specification, hibernate.hbm2ddl.auto=create, user.script=, sun.management.compiler=HotSpot 64-Bit Tiered Compilers, java.runtime.version=25.0.2+10-LTS, user.name=ar.likith, stdout.encoding=UTF-8, path.separator=;, hibernate.connection.username=****, os.version=10.0, java.runtime.name=OpenJDK Runtime Environment, hibernate.connection.url=jdbc:mysql://localhost:3306/mlamarch, file.encoding=UTF-8, format_sql=true, java.vm.name=OpenJDK 64-Bit Server VM, hibernate.show_sql=true, java.vendor.version=Temurin-25.0.2+10, show_sql=true, hibernate.connection.driver_class=com.mysql.cj.jdbc.Driver, java.vendor.url.bug=https://github.com/adoptium/adoptium-support/issues, java.io.tmpdir=C:\Users\ARBCDF~1.LIK\AppData\Local\Temp\, java.version=25.0.2, user.dir=C:\Users\ar.likith\Desktop\sts\Assesment, os.arch=amd64, java.vm.specification.name=Java Virtual Machine Specification, hibernate.connection.password=****, sun.os.patch.level=, hibernate.boot.CfgXmlAccessService.key=org.hibernate.boot.cfgxml.spi.LoadedConfig@7f3fc42f, native.encoding=Cp1252, java.library.path=C:\Users\ar.likith\Downloads\sts-5.1.1.RELEASE\plugins\org.eclipse.justj.openjdk.hotspot.jre.full.win32.x86_64_25.0.2.v20260203-1141\jre\bin;C:\WINDOWS\Sun\Java\bin;C:\WINDOWS\system32;C:\WINDOWS;C:/Users/ar.likith/Downloads/sts-5.1.1.RELEASE//plugins/org.eclipse.justj.openjdk.hotspot.jre.full.win32.x86_64_25.0.2.v20260203-1141/jre/bin/server;C:/Users/ar.likith/Downloads/sts-5.1.1.RELEASE//plugins/org.eclipse.justj.openjdk.hotspot.jre.full.win32.x86_64_25.0.2.v20260203-1141/jre/bin;C:\Program Files\Microsoft\jdk-11.0.23.9-hotspot\bin;C:\Program Files\Microsoft\jdk-17.0.15.6-hotspot\bin;C:\Program Files\Python313\Scripts\;C:\Program Files\Python313\;%SystemRoot%\system32;%SystemRoot%;%SystemRoot%\System32\Wbem;%SYSTEMROOT%\System32\WindowsPowerShell\v1.0\;%SYSTEMROOT%\System32\OpenSSH\;C:\Program Files (x86)\Microsoft SQL Server\160\Tools\Binn\;C:\Program Files\Microsoft SQL Server\160\Tools\Binn\;C:\Program Files\Microsoft SQL Server\Client SDK\ODBC\170\Tools\Binn\;C:\Program Files\Microsoft SQL Server\160\DTS\Binn\;C:\Program Files\dotnet\;C:\Program Files\Microsoft VS Code\bin;C:\Program Files\Git\cmd;C:\Program Files\apache-maven-3.9.10\bin;C:\Program Files\nodejs\;C:\Program Files\PuTTY\;C:\Program Files (x86)\Microsoft SQL Server\160\DTS\Binn\;C:\Program Files\apache-maven-3.9.10\bin;C:\Program Files\apache-maven-3.9.10\bin;C:\Program Files\apache-maven-3.9.10\bin;C:\Program Files\apache-maven-3.9.10\bin;C:\Program Files\apache-maven-3.9.10\bin;C:\Users\ar.likith\AppData\Local\Microsoft\WindowsApps;;C:\Users\ar.likith\Downloads\sts-5.1.1.RELEASE;;., stderr.encoding=UTF-8, java.vendor=Eclipse Adoptium, java.vm.info=mixed mode, sharing, stdin.encoding=Cp1252, java.vm.version=25.0.2+10-LTS, sun.io.unicode.encoding=UnicodeLittle, java.class.version=69.0}
2026-03-25 17:01:21 DEBUG HQL_FUNCTIONS:155 - Available HQL Functions:
	abs(NUMERIC arg)
	Double acos(NUMERIC arg)
	adddate(DATE datetime, INTEGER days)
	addtime(TIME datetime, TIME time)
	Boolean any(BOOLEAN arg)
	Integer ascii(STRING arg)
	Double asin(NUMERIC arg)
	Double atan(NUMERIC arg)
	Double atan2(NUMERIC arg0, NUMERIC arg1)
	avg(arg)
	bit_and(arg)
	Integer bit_length(STRING_OR_CLOB arg)
	bit_or(arg)
	bitand(arg0, arg1)
	bitnot(arg)
	bitor(arg0, arg1)
	bitxor(arg0, arg1)
	cast(arg as Type)
	ceiling(NUMERIC arg)
	Character char(INTEGER arg)
	Integer character_length(STRING_OR_CLOB arg)
	Character chr(INTEGER arg)
	coalesce(arg0[, arg1[, ...]])
	String collate(STRING string as COLLATION collation)
	String concat(STRING string0[, STRING string1[, ...]])
	Double cos(NUMERIC arg)
	Double cosh(NUMERIC arg)
	Double cot(NUMERIC arg)
	Long count([distinct ]{arg|*})
	Integer crc32(arg)
	Double cume_dist([arg0[, ...]])
	Date curdate()
	Date current date
	Date current time
	Date current timestamp
	Date current_date
	Instant current_instant
	Date current_time
	Date current_timestamp
	Date curtime()
	Date date(arg)
	dateadd(TEMPORAL_UNIT field, INTEGER magnitude, TEMPORAL datetime)
	Integer datediff(DATE end, DATE start)
	Integer day(DATE arg)
	String dayname(DATE arg)
	Integer dayofmonth(DATE arg)
	Integer dayofweek(DATE arg)
	Integer dayofyear(DATE arg)
	Double degrees(NUMERIC arg)
	Long dense_rank([arg0[, ...]])
	Boolean every(BOOLEAN arg)
	Double exp(NUMERIC arg)
	extract(TEMPORAL_UNIT field from TEMPORAL arg)
	first_valueANY value
	floor(NUMERIC arg)
	String format(TEMPORAL datetime as STRING pattern)
	greatest(COMPARABLE arg0, COMPARABLE arg1[, arg2[, ...]])
	String hex(arg)
	Integer hour(TIME arg)
	ifnull(arg0, arg1)
	String insert(STRING string, INTEGER start, INTEGER length, STRING replacement)
	Instant instant
	Integer instr(STRING string, STRING pattern[, INTEGER start[, INTEGER occurrence]])
	String json_array([arg0[, ...]])
	String json_array_append(IMPLICIT_JSON arg0, STRING arg1, ANY arg2)
	String json_array_insert(IMPLICIT_JSON arg0, STRING arg1, ANY arg2)
	String json_arrayagg(arg0[, arg1])
	Boolean json_exists(IMPLICIT_JSON arg0, STRING arg1)
	String json_insert(IMPLICIT_JSON arg0, STRING arg1, ANY arg2)
	String json_mergepatch(IMPLICIT_JSON arg0, IMPLICIT_JSON arg1[, arg2[, ...]])
	String json_object( ... )
	String json_objectagg(arg0, arg1[, arg2, arg3])
	String json_query( ... )
	String json_remove(IMPLICIT_JSON arg0, STRING arg1)
	String json_replace(IMPLICIT_JSON arg0, STRING arg1, ANY arg2)
	String json_set(IMPLICIT_JSON arg0, STRING arg1, ANY arg2)
	json_value( ... )
	lagANY value[, INTEGER offset[, ANY default]]
	Date last_day(DATE arg)
	last_valueANY value
	leadANY value[, INTEGER offset[, ANY default]]
	least(COMPARABLE arg0, COMPARABLE arg1[, arg2[, ...]])
	String left(STRING string, INTEGER length)
	Integer length(STRING_OR_CLOB arg)
	String listagg(STRING arg0, STRING arg1)
	Double ln(NUMERIC arg)
	LocalDate local date
	LocalDateTime local datetime
	LocalTime local time
	LocalDate local_date
	LocalDateTime local_datetime
	LocalTime local_time
	Date localtime
	Date localtimestamp
	Integer locate(STRING pattern, STRING string[, INTEGER start])
	Double log(NUMERIC arg0[, NUMERIC arg1])
	Double log10(NUMERIC arg)
	Double log2(NUMERIC arg)
	String lower(STRING string)
	String lpad(string, length[, padding])
	String ltrim(STRING string[, STRING characters])
	Date makedate(INTEGER year, INTEGER dayofyear)
	Date maketime(INTEGER hour, INTEGER min, INTEGER sec)
	max(COMPARABLE arg)
	byte[] md5(arg)
	Integer microsecond(TIME arg)
	min(COMPARABLE arg)
	Integer minute(TIME arg)
	Integer mod(INTEGER arg0, INTEGER arg1)
	Integer month(DATE arg)
	String monthname(DATE arg)
	Date now()
	nth_valueANY value, INTEGER nth
	nullif(arg0, arg1)
	Integer octet_length(STRING_OR_CLOB arg)
	OffsetDateTime offset datetime
	OffsetDateTime offset_datetime
	Integer ordinal(ENUM arg)
	String overlay(STRING string placing STRING replacement from INTEGER start[ for INTEGER length])
	String pad(STRING string with INTEGER length {leading|trailing}[ STRING character])
	Double percent_rank([arg0[, ...]])
	Double pi
	Integer position(STRING pattern in STRING string)
	Double power(NUMERIC arg0, NUMERIC arg1)
	Integer quarter(DATE arg)
	Double radians(NUMERIC arg)
	Double rand([INTEGER seed])
	Long rank([arg0[, ...]])
	Boolean regexp_like(STRING arg0, STRING arg1[, STRING arg2])
	String repeat(STRING string, INTEGER times)
	String replace(STRING string, STRING pattern, STRING replacement)
	String reverse(STRING arg)
	String right(STRING string, INTEGER length)
	round(NUMERIC number[, INTEGER places])
	Long row_number()
	String rpad(string, length[, padding])
	String rtrim(STRING string[, STRING characters])
	Integer second(TIME arg)
	byte[] sha(arg)
	String sha1(arg)
	String sha2(arg0, arg1)
	Integer sign(NUMERIC arg)
	Double sin(NUMERIC arg)
	Double sinh(NUMERIC arg)
	String soundex(arg)
	String space(INTEGER arg)
	sql
	Double sqrt(NUMERIC arg)
	Double stddev(NUMERIC arg)
	Double stddev_pop(NUMERIC arg)
	Double stddev_samp(NUMERIC arg)
	String str(arg)
	String string(ENUM arg)
	subdate(DATE datetime, INTEGER days)
	String substr(STRING string, INTEGER start[, INTEGER length])
	String substring(STRING string{ from|,} INTEGER start[{ for|,} INTEGER length])
	subtime(TIME datetime, TIME time)
	sum(arg)
	Date sysdate()
	Double tan(NUMERIC arg)
	Double tanh(NUMERIC arg)
	String time(arg)
	Date timestamp(arg0[, arg1])
	timestampadd(TEMPORAL_UNIT field, INTEGER magnitude, TEMPORAL datetime)
	Long|Double timestampdiff(TEMPORAL_UNIT field, TEMPORAL start, TEMPORAL end)
	String trim([[{leading|trailing|both} ][STRING arg0 ]from] STRING arg1)
	trunc( ... )
	truncate( ... )
	String upper(STRING string)
	Date utc_date
	Date utc_time
	Date utc_timestamp
	Double var_pop(NUMERIC arg)
	Double var_samp(NUMERIC arg)
	Double variance(NUMERIC arg)
	Integer week(DATE arg)
	Integer year(DATE arg)

2026-03-25 17:01:22 DEBUG core:211 - HHH000513: Unable to create the ReflectionOptimizer for [com.test.Books]: private accessor [b_author]
2026-03-25 17:01:22 DEBUG core:211 - HHH000513: Unable to create the ReflectionOptimizer for [com.test.Story_Book]: private accessor [b_author]
2026-03-25 17:01:22 INFO  core:53 - HHH000489: No JTA platform available (set 'hibernate.transaction.jta.platform' to enable JTA platform integration)
2026-03-25 17:01:22 DEBUG service:102 - HHH010454: EventListenerRegistry access via ServiceRegistry is deprecated - use 'sessionFactory.getEventEngine().getListenerRegistry()' instead
2026-03-25 17:01:22 DEBUG SQL:126 - 
    drop table if exists books232
2026-03-25 17:01:22 DEBUG SQL:126 - 
    drop table if exists books232_SEQ
2026-03-25 17:01:22 DEBUG SQL:126 - 
    create table books232 (
        b_price integer not null,
        id integer not null,
        DTYPE varchar(31) not null check ((DTYPE in ('Books','Story_Book'))),
        b_author varchar(255),
        b_genre varchar(255),
        b_name varchar(255),
        pages varchar(255),
        primary key (id)
    ) engine=InnoDB
2026-03-25 17:01:23 DEBUG SQL:126 - 
    create table books232_SEQ (
        next_val bigint
    ) engine=InnoDB
2026-03-25 17:01:23 DEBUG SQL:126 - 
    insert into books232_SEQ ( next_val ) values ( 1 )
2026-03-25 17:01:24 DEBUG factoryRegistry:86 - HHH020384: Registering SessionFactory [af1775f7-d28b-45b0-b8a0-d5523189fbcf] (<unnamed>)
2026-03-25 17:01:24 DEBUG core:151 - HHH006588: Opening session [tenant=null]
2026-03-25 17:01:24 DEBUG core:74 - HHH006583: Beginning transaction
2026-03-25 17:01:24 DEBUG SQL:126 - 
    select
        next_val as id_val 
    from
        books232_SEQ 
    for
        update
2026-03-25 17:01:24 DEBUG SQL:126 - 
    update
        books232_SEQ 
    set
        next_val= ? 
    where
        next_val=?
2026-03-25 17:01:24 DEBUG SQL:126 - 
    select
        next_val as id_val 
    from
        books232_SEQ 
    for
        update
2026-03-25 17:01:24 DEBUG SQL:126 - 
    update
        books232_SEQ 
    set
        next_val= ? 
    where
        next_val=?
2026-03-25 17:01:24 DEBUG core:87 - HHH006584: Committing transaction
2026-03-25 17:01:24 DEBUG event:98 - HHH90060071: Flushed: 2 insertions, 0 updates, 0 deletions to 2 objects
2026-03-25 17:01:24 DEBUG event:104 - HHH90060072: Flushed: 0 (re)creations, 0 updates, 0 removals to 0 collections
2026-03-25 17:01:24 DEBUG core:102 - Listing entities:
2026-03-25 17:01:24 DEBUG core:111 - com.test.Books{b_name=Maths, b_price=1233, b_author=RDSharma, id=1, b_genre=Study}
2026-03-25 17:01:24 DEBUG core:111 - com.test.Story_Book{b_name=null, b_price=0, pages=677, b_author=null, id=2, b_genre=null}
2026-03-25 17:01:24 DEBUG SQL:126 - 
    insert 
    into
        books232
        (b_author, b_genre, b_name, b_price, DTYPE, id) 
    values
        (?, ?, ?, ?, 'Books', ?)
2026-03-25 17:01:24 DEBUG SQL:126 - 
    insert 
    into
        books232
        (b_author, b_genre, b_name, b_price, pages, DTYPE, id) 
    values
        (?, ?, ?, ?, ?, 'Story_Book', ?)
2026-03-25 17:04:55 DEBUG service:41 - HHH010455: Adding integrator: org.hibernate.boot.beanvalidation.BeanValidationIntegrator
2026-03-25 17:04:55 DEBUG service:41 - HHH010455: Adding integrator: org.hibernate.cache.internal.CollectionCacheInvalidator
2026-03-25 17:04:55 INFO  core:41 - HHH000001: Hibernate ORM core version 7.3.0.Final
2026-03-25 17:04:55 DEBUG core:155 - HHH000206: 'hibernate.properties' not found
2026-03-25 17:04:55 DEBUG service:41 - HHH010455: Adding integrator: org.hibernate.boot.beanvalidation.BeanValidationIntegrator
2026-03-25 17:04:55 DEBUG service:41 - HHH010455: Adding integrator: org.hibernate.cache.internal.CollectionCacheInvalidator
2026-03-25 17:04:55 DEBUG cache:116 - HHH90001031: Cannot default RegionFactory since no RegionFactory strategies were registered
2026-03-25 17:04:55 DEBUG cache:46 - HHH90001029: Second-level cache disabled
2026-03-25 17:04:56 WARN  pooling:86 - HHH10001002: Using built-in connection pool (not intended for production use)
2026-03-25 17:04:56 DEBUG pooling:34 - HHH10001014: Initializing connection pool with 1 connections
2026-03-25 17:04:56 DEBUG jdbc:457 - HHH100017: Database:
	name: MySQL
	version: 8.0.42
	major: 8
	minor: 0
2026-03-25 17:04:56 DEBUG jdbc:463 - HHH100018: Driver:
	name: MySQL Connector/J
	version: mysql-connector-j-8.0.33 (Revision: 7d6b0800528b6b25c68b52dc10d6c1c8429c100c)
	major: 8
	minor: 0
	JDBC version: 4.2
2026-03-25 17:04:56 DEBUG dialect:93 - HHH035001: Using dialect: org.hibernate.dialect.MySQLDialect, version: 8.0.42
2026-03-25 17:04:56 DEBUG IdentifierHelperBuilder:205 - IdentifierCaseStrategy for both quoted and unquoted identifiers was set to the same strategy [LOWER]; that will likely lead to problems in schema update and validation if using quoted identifiers
2026-03-25 17:04:56 DEBUG jdbc:379 - HHH100122: Using default JDBC fetch size: 0
2026-03-25 17:04:56 INFO  pooling:179 - HHH10001005: Database info:
	Database JDBC URL [jdbc:mysql://localhost:3306/mlamarch]
	Database driver: MySQL Connector/J
	Database dialect: MySQLDialect
	Database version: 8.0.42
	Default catalog/schema: mlamarch/undefined
	Autocommit mode: false
	Isolation level: REPEATABLE_READ
	JDBC fetch size: none
	Pool: DriverManagerConnectionProvider
	Minimum pool size: 1
	Maximum pool size: 20
2026-03-25 17:04:57 DEBUG factory:230 - HHH90020001: Instantiating factory [3f6e188b-b70b-45e7-ad44-504a0638d51f] with settings: {java.specification.version=25, sun.cpu.isalist=amd64, sun.jnu.encoding=Cp1252, java.class.path=C:\Users\ar.likith\Desktop\sts\Assesment\target\classes;C:\Users\ar.likith\.m2\repository\com\mysql\mysql-connector-j\8.0.33\mysql-connector-j-8.0.33.jar;C:\Users\ar.likith\.m2\repository\com\google\protobuf\protobuf-java\3.21.9\protobuf-java-3.21.9.jar;C:\Users\ar.likith\.m2\repository\org\hibernate\orm\hibernate-core\7.3.0.Final\hibernate-core-7.3.0.Final.jar;C:\Users\ar.likith\.m2\repository\jakarta\persistence\jakarta.persistence-api\3.2.0\jakarta.persistence-api-3.2.0.jar;C:\Users\ar.likith\.m2\repository\jakarta\transaction\jakarta.transaction-api\2.0.1\jakarta.transaction-api-2.0.1.jar;C:\Users\ar.likith\.m2\repository\org\jboss\logging\jboss-logging\3.6.1.Final\jboss-logging-3.6.1.Final.jar;C:\Users\ar.likith\.m2\repository\org\hibernate\models\hibernate-models\1.1.0\hibernate-models-1.1.0.jar;C:\Users\ar.likith\.m2\repository\net\bytebuddy\byte-buddy\1.18.7\byte-buddy-1.18.7.jar;C:\Users\ar.likith\.m2\repository\jakarta\xml\bind\jakarta.xml.bind-api\4.0.4\jakarta.xml.bind-api-4.0.4.jar;C:\Users\ar.likith\.m2\repository\jakarta\activation\jakarta.activation-api\2.1.4\jakarta.activation-api-2.1.4.jar;C:\Users\ar.likith\.m2\repository\org\glassfish\jaxb\jaxb-runtime\4.0.6\jaxb-runtime-4.0.6.jar;C:\Users\ar.likith\.m2\repository\org\glassfish\jaxb\jaxb-core\4.0.6\jaxb-core-4.0.6.jar;C:\Users\ar.likith\.m2\repository\org\eclipse\angus\angus-activation\2.0.3\angus-activation-2.0.3.jar;C:\Users\ar.likith\.m2\repository\org\glassfish\jaxb\txw2\4.0.6\txw2-4.0.6.jar;C:\Users\ar.likith\.m2\repository\com\sun\istack\istack-commons-runtime\4.1.2\istack-commons-runtime-4.1.2.jar;C:\Users\ar.likith\.m2\repository\jakarta\inject\jakarta.inject-api\2.0.1\jakarta.inject-api-2.0.1.jar;C:\Users\ar.likith\.m2\repository\org\antlr\antlr4-runtime\4.13.2\antlr4-runtime-4.13.2.jar;C:\Users\ar.likith\.m2\repository\org\apache\logging\log4j\log4j-core\2.17.1\log4j-core-2.17.1.jar;C:\Users\ar.likith\.m2\repository\org\apache\logging\log4j\log4j-api\2.17.1\log4j-api-2.17.1.jar;C:\Users\ar.likith\.m2\repository\org\apache\logging\log4j\log4j-slf4j-impl\2.17.1\log4j-slf4j-impl-2.17.1.jar;C:\Users\ar.likith\.m2\repository\org\slf4j\slf4j-api\1.7.25\slf4j-api-1.7.25.jar, java.vm.vendor=Eclipse Adoptium, sun.arch.data.model=64, user.variant=, java.vendor.url=https://adoptium.net/, user.timezone=Asia/Calcutta, java.vm.specification.version=25, os.name=Windows 11, sun.java.launcher=SUN_STANDARD, user.country=US, sun.boot.library.path=C:\Users\ar.likith\Downloads\sts-5.1.1.RELEASE\plugins\org.eclipse.justj.openjdk.hotspot.jre.full.win32.x86_64_25.0.2.v20260203-1141\jre\bin, sun.java.command=com.test.HQLTest, jdk.debug=release, sun.cpu.endian=little, user.home=C:\Users\ar.likith, user.language=en, java.specification.vendor=Oracle Corporation, java.version.date=2026-01-20, java.home=C:\Users\ar.likith\Downloads\sts-5.1.1.RELEASE\plugins\org.eclipse.justj.openjdk.hotspot.jre.full.win32.x86_64_25.0.2.v20260203-1141\jre, file.separator=\, java.vm.compressedOopsMode=Zero based, line.separator=
, java.vm.specification.vendor=Oracle Corporation, java.specification.name=Java Platform API Specification, hibernate.hbm2ddl.auto=update, user.script=, sun.management.compiler=HotSpot 64-Bit Tiered Compilers, java.runtime.version=25.0.2+10-LTS, user.name=ar.likith, stdout.encoding=UTF-8, path.separator=;, hibernate.connection.username=****, os.version=10.0, java.runtime.name=OpenJDK Runtime Environment, hibernate.connection.url=jdbc:mysql://localhost:3306/mlamarch, file.encoding=UTF-8, java.vm.name=OpenJDK 64-Bit Server VM, hibernate.show_sql=true, java.vendor.version=Temurin-25.0.2+10, hibernate.current_session_context_class=thread, hibernate.connection.driver_class=com.mysql.cj.jdbc.Driver, java.vendor.url.bug=https://github.com/adoptium/adoptium-support/issues, java.io.tmpdir=C:\Users\ARBCDF~1.LIK\AppData\Local\Temp\, java.version=25.0.2, user.dir=C:\Users\ar.likith\Desktop\sts\Assesment, os.arch=amd64, java.vm.specification.name=Java Virtual Machine Specification, hibernate.connection.password=****, sun.os.patch.level=, hibernate.boot.CfgXmlAccessService.key=org.hibernate.boot.cfgxml.spi.LoadedConfig@3520963d, native.encoding=Cp1252, java.library.path=C:\Users\ar.likith\Downloads\sts-5.1.1.RELEASE\plugins\org.eclipse.justj.openjdk.hotspot.jre.full.win32.x86_64_25.0.2.v20260203-1141\jre\bin;C:\WINDOWS\Sun\Java\bin;C:\WINDOWS\system32;C:\WINDOWS;C:/Users/ar.likith/Downloads/sts-5.1.1.RELEASE//plugins/org.eclipse.justj.openjdk.hotspot.jre.full.win32.x86_64_25.0.2.v20260203-1141/jre/bin/server;C:/Users/ar.likith/Downloads/sts-5.1.1.RELEASE//plugins/org.eclipse.justj.openjdk.hotspot.jre.full.win32.x86_64_25.0.2.v20260203-1141/jre/bin;C:\Program Files\Microsoft\jdk-11.0.23.9-hotspot\bin;C:\Program Files\Microsoft\jdk-17.0.15.6-hotspot\bin;C:\Program Files\Python313\Scripts\;C:\Program Files\Python313\;%SystemRoot%\system32;%SystemRoot%;%SystemRoot%\System32\Wbem;%SYSTEMROOT%\System32\WindowsPowerShell\v1.0\;%SYSTEMROOT%\System32\OpenSSH\;C:\Program Files (x86)\Microsoft SQL Server\160\Tools\Binn\;C:\Program Files\Microsoft SQL Server\160\Tools\Binn\;C:\Program Files\Microsoft SQL Server\Client SDK\ODBC\170\Tools\Binn\;C:\Program Files\Microsoft SQL Server\160\DTS\Binn\;C:\Program Files\dotnet\;C:\Program Files\Microsoft VS Code\bin;C:\Program Files\Git\cmd;C:\Program Files\apache-maven-3.9.10\bin;C:\Program Files\nodejs\;C:\Program Files\PuTTY\;C:\Program Files (x86)\Microsoft SQL Server\160\DTS\Binn\;C:\Program Files\apache-maven-3.9.10\bin;C:\Program Files\apache-maven-3.9.10\bin;C:\Program Files\apache-maven-3.9.10\bin;C:\Program Files\apache-maven-3.9.10\bin;C:\Program Files\apache-maven-3.9.10\bin;C:\Users\ar.likith\AppData\Local\Microsoft\WindowsApps;;C:\Users\ar.likith\Downloads\sts-5.1.1.RELEASE;;., stderr.encoding=UTF-8, java.vendor=Eclipse Adoptium, java.vm.info=mixed mode, sharing, java.vm.version=25.0.2+10-LTS, stdin.encoding=Cp1252, sun.io.unicode.encoding=UnicodeLittle, java.class.version=69.0}
2026-03-25 17:04:57 DEBUG HQL_FUNCTIONS:155 - Available HQL Functions:
	abs(NUMERIC arg)
	Double acos(NUMERIC arg)
	adddate(DATE datetime, INTEGER days)
	addtime(TIME datetime, TIME time)
	Boolean any(BOOLEAN arg)
	Integer ascii(STRING arg)
	Double asin(NUMERIC arg)
	Double atan(NUMERIC arg)
	Double atan2(NUMERIC arg0, NUMERIC arg1)
	avg(arg)
	bit_and(arg)
	Integer bit_length(STRING_OR_CLOB arg)
	bit_or(arg)
	bitand(arg0, arg1)
	bitnot(arg)
	bitor(arg0, arg1)
	bitxor(arg0, arg1)
	cast(arg as Type)
	ceiling(NUMERIC arg)
	Character char(INTEGER arg)
	Integer character_length(STRING_OR_CLOB arg)
	Character chr(INTEGER arg)
	coalesce(arg0[, arg1[, ...]])
	String collate(STRING string as COLLATION collation)
	String concat(STRING string0[, STRING string1[, ...]])
	Double cos(NUMERIC arg)
	Double cosh(NUMERIC arg)
	Double cot(NUMERIC arg)
	Long count([distinct ]{arg|*})
	Integer crc32(arg)
	Double cume_dist([arg0[, ...]])
	Date curdate()
	Date current date
	Date current time
	Date current timestamp
	Date current_date
	Instant current_instant
	Date current_time
	Date current_timestamp
	Date curtime()
	Date date(arg)
	dateadd(TEMPORAL_UNIT field, INTEGER magnitude, TEMPORAL datetime)
	Integer datediff(DATE end, DATE start)
	Integer day(DATE arg)
	String dayname(DATE arg)
	Integer dayofmonth(DATE arg)
	Integer dayofweek(DATE arg)
	Integer dayofyear(DATE arg)
	Double degrees(NUMERIC arg)
	Long dense_rank([arg0[, ...]])
	Boolean every(BOOLEAN arg)
	Double exp(NUMERIC arg)
	extract(TEMPORAL_UNIT field from TEMPORAL arg)
	first_valueANY value
	floor(NUMERIC arg)
	String format(TEMPORAL datetime as STRING pattern)
	greatest(COMPARABLE arg0, COMPARABLE arg1[, arg2[, ...]])
	String hex(arg)
	Integer hour(TIME arg)
	ifnull(arg0, arg1)
	String insert(STRING string, INTEGER start, INTEGER length, STRING replacement)
	Instant instant
	Integer instr(STRING string, STRING pattern[, INTEGER start[, INTEGER occurrence]])
	String json_array([arg0[, ...]])
	String json_array_append(IMPLICIT_JSON arg0, STRING arg1, ANY arg2)
	String json_array_insert(IMPLICIT_JSON arg0, STRING arg1, ANY arg2)
	String json_arrayagg(arg0[, arg1])
	Boolean json_exists(IMPLICIT_JSON arg0, STRING arg1)
	String json_insert(IMPLICIT_JSON arg0, STRING arg1, ANY arg2)
	String json_mergepatch(IMPLICIT_JSON arg0, IMPLICIT_JSON arg1[, arg2[, ...]])
	String json_object( ... )
	String json_objectagg(arg0, arg1[, arg2, arg3])
	String json_query( ... )
	String json_remove(IMPLICIT_JSON arg0, STRING arg1)
	String json_replace(IMPLICIT_JSON arg0, STRING arg1, ANY arg2)
	String json_set(IMPLICIT_JSON arg0, STRING arg1, ANY arg2)
	json_value( ... )
	lagANY value[, INTEGER offset[, ANY default]]
	Date last_day(DATE arg)
	last_valueANY value
	leadANY value[, INTEGER offset[, ANY default]]
	least(COMPARABLE arg0, COMPARABLE arg1[, arg2[, ...]])
	String left(STRING string, INTEGER length)
	Integer length(STRING_OR_CLOB arg)
	String listagg(STRING arg0, STRING arg1)
	Double ln(NUMERIC arg)
	LocalDate local date
	LocalDateTime local datetime
	LocalTime local time
	LocalDate local_date
	LocalDateTime local_datetime
	LocalTime local_time
	Date localtime
	Date localtimestamp
	Integer locate(STRING pattern, STRING string[, INTEGER start])
	Double log(NUMERIC arg0[, NUMERIC arg1])
	Double log10(NUMERIC arg)
	Double log2(NUMERIC arg)
	String lower(STRING string)
	String lpad(string, length[, padding])
	String ltrim(STRING string[, STRING characters])
	Date makedate(INTEGER year, INTEGER dayofyear)
	Date maketime(INTEGER hour, INTEGER min, INTEGER sec)
	max(COMPARABLE arg)
	byte[] md5(arg)
	Integer microsecond(TIME arg)
	min(COMPARABLE arg)
	Integer minute(TIME arg)
	Integer mod(INTEGER arg0, INTEGER arg1)
	Integer month(DATE arg)
	String monthname(DATE arg)
	Date now()
	nth_valueANY value, INTEGER nth
	nullif(arg0, arg1)
	Integer octet_length(STRING_OR_CLOB arg)
	OffsetDateTime offset datetime
	OffsetDateTime offset_datetime
	Integer ordinal(ENUM arg)
	String overlay(STRING string placing STRING replacement from INTEGER start[ for INTEGER length])
	String pad(STRING string with INTEGER length {leading|trailing}[ STRING character])
	Double percent_rank([arg0[, ...]])
	Double pi
	Integer position(STRING pattern in STRING string)
	Double power(NUMERIC arg0, NUMERIC arg1)
	Integer quarter(DATE arg)
	Double radians(NUMERIC arg)
	Double rand([INTEGER seed])
	Long rank([arg0[, ...]])
	Boolean regexp_like(STRING arg0, STRING arg1[, STRING arg2])
	String repeat(STRING string, INTEGER times)
	String replace(STRING string, STRING pattern, STRING replacement)
	String reverse(STRING arg)
	String right(STRING string, INTEGER length)
	round(NUMERIC number[, INTEGER places])
	Long row_number()
	String rpad(string, length[, padding])
	String rtrim(STRING string[, STRING characters])
	Integer second(TIME arg)
	byte[] sha(arg)
	String sha1(arg)
	String sha2(arg0, arg1)
	Integer sign(NUMERIC arg)
	Double sin(NUMERIC arg)
	Double sinh(NUMERIC arg)
	String soundex(arg)
	String space(INTEGER arg)
	sql
	Double sqrt(NUMERIC arg)
	Double stddev(NUMERIC arg)
	Double stddev_pop(NUMERIC arg)
	Double stddev_samp(NUMERIC arg)
	String str(arg)
	String string(ENUM arg)
	subdate(DATE datetime, INTEGER days)
	String substr(STRING string, INTEGER start[, INTEGER length])
	String substring(STRING string{ from|,} INTEGER start[{ for|,} INTEGER length])
	subtime(TIME datetime, TIME time)
	sum(arg)
	Date sysdate()
	Double tan(NUMERIC arg)
	Double tanh(NUMERIC arg)
	String time(arg)
	Date timestamp(arg0[, arg1])
	timestampadd(TEMPORAL_UNIT field, INTEGER magnitude, TEMPORAL datetime)
	Long|Double timestampdiff(TEMPORAL_UNIT field, TEMPORAL start, TEMPORAL end)
	String trim([[{leading|trailing|both} ][STRING arg0 ]from] STRING arg1)
	trunc( ... )
	truncate( ... )
	String upper(STRING string)
	Date utc_date
	Date utc_time
	Date utc_timestamp
	Double var_pop(NUMERIC arg)
	Double var_samp(NUMERIC arg)
	Double variance(NUMERIC arg)
	Integer week(DATE arg)
	Integer year(DATE arg)

2026-03-25 17:04:57 DEBUG core:211 - HHH000513: Unable to create the ReflectionOptimizer for [com.test.Books]: private accessor [b_author]
2026-03-25 17:04:57 DEBUG service:102 - HHH010454: EventListenerRegistry access via ServiceRegistry is deprecated - use 'sessionFactory.getEventEngine().getListenerRegistry()' instead
2026-03-25 17:04:57 DEBUG Table:101 - No alter strings for table: books232
2026-03-25 17:04:57 DEBUG Table:101 - No alter strings for table: books232_SEQ
2026-03-25 17:04:57 DEBUG factoryRegistry:86 - HHH020384: Registering SessionFactory [3f6e188b-b70b-45e7-ad44-504a0638d51f] (<unnamed>)
2026-03-25 17:04:57 DEBUG core:151 - HHH006588: Opening session [tenant=null]
2026-03-25 17:04:57 DEBUG core:74 - HHH006583: Beginning transaction
2026-03-25 17:05:28 DEBUG service:41 - HHH010455: Adding integrator: org.hibernate.boot.beanvalidation.BeanValidationIntegrator
2026-03-25 17:05:28 DEBUG service:41 - HHH010455: Adding integrator: org.hibernate.cache.internal.CollectionCacheInvalidator
2026-03-25 17:05:28 INFO  core:41 - HHH000001: Hibernate ORM core version 7.3.0.Final
2026-03-25 17:05:28 DEBUG core:155 - HHH000206: 'hibernate.properties' not found
2026-03-25 17:05:28 DEBUG service:41 - HHH010455: Adding integrator: org.hibernate.boot.beanvalidation.BeanValidationIntegrator
2026-03-25 17:05:28 DEBUG service:41 - HHH010455: Adding integrator: org.hibernate.cache.internal.CollectionCacheInvalidator
2026-03-25 17:05:28 DEBUG cache:116 - HHH90001031: Cannot default RegionFactory since no RegionFactory strategies were registered
2026-03-25 17:05:28 DEBUG cache:46 - HHH90001029: Second-level cache disabled
2026-03-25 17:05:29 WARN  pooling:86 - HHH10001002: Using built-in connection pool (not intended for production use)
2026-03-25 17:05:29 DEBUG pooling:34 - HHH10001014: Initializing connection pool with 1 connections
2026-03-25 17:05:29 DEBUG jdbc:457 - HHH100017: Database:
	name: MySQL
	version: 8.0.42
	major: 8
	minor: 0
2026-03-25 17:05:29 DEBUG jdbc:463 - HHH100018: Driver:
	name: MySQL Connector/J
	version: mysql-connector-j-8.0.33 (Revision: 7d6b0800528b6b25c68b52dc10d6c1c8429c100c)
	major: 8
	minor: 0
	JDBC version: 4.2
2026-03-25 17:05:29 DEBUG dialect:93 - HHH035001: Using dialect: org.hibernate.dialect.MySQLDialect, version: 8.0.42
2026-03-25 17:05:29 DEBUG IdentifierHelperBuilder:205 - IdentifierCaseStrategy for both quoted and unquoted identifiers was set to the same strategy [LOWER]; that will likely lead to problems in schema update and validation if using quoted identifiers
2026-03-25 17:05:29 DEBUG jdbc:379 - HHH100122: Using default JDBC fetch size: 0
2026-03-25 17:05:29 INFO  pooling:179 - HHH10001005: Database info:
	Database JDBC URL [jdbc:mysql://localhost:3306/mlamarch]
	Database driver: MySQL Connector/J
	Database dialect: MySQLDialect
	Database version: 8.0.42
	Default catalog/schema: mlamarch/undefined
	Autocommit mode: false
	Isolation level: REPEATABLE_READ
	JDBC fetch size: none
	Pool: DriverManagerConnectionProvider
	Minimum pool size: 1
	Maximum pool size: 20
2026-03-25 17:05:30 DEBUG factory:230 - HHH90020001: Instantiating factory [f83cad96-d240-4329-adba-3b395b525ad9] with settings: {java.specification.version=25, sun.cpu.isalist=amd64, sun.jnu.encoding=Cp1252, java.class.path=C:\Users\ar.likith\Desktop\sts\Assesment\target\classes;C:\Users\ar.likith\.m2\repository\com\mysql\mysql-connector-j\8.0.33\mysql-connector-j-8.0.33.jar;C:\Users\ar.likith\.m2\repository\com\google\protobuf\protobuf-java\3.21.9\protobuf-java-3.21.9.jar;C:\Users\ar.likith\.m2\repository\org\hibernate\orm\hibernate-core\7.3.0.Final\hibernate-core-7.3.0.Final.jar;C:\Users\ar.likith\.m2\repository\jakarta\persistence\jakarta.persistence-api\3.2.0\jakarta.persistence-api-3.2.0.jar;C:\Users\ar.likith\.m2\repository\jakarta\transaction\jakarta.transaction-api\2.0.1\jakarta.transaction-api-2.0.1.jar;C:\Users\ar.likith\.m2\repository\org\jboss\logging\jboss-logging\3.6.1.Final\jboss-logging-3.6.1.Final.jar;C:\Users\ar.likith\.m2\repository\org\hibernate\models\hibernate-models\1.1.0\hibernate-models-1.1.0.jar;C:\Users\ar.likith\.m2\repository\net\bytebuddy\byte-buddy\1.18.7\byte-buddy-1.18.7.jar;C:\Users\ar.likith\.m2\repository\jakarta\xml\bind\jakarta.xml.bind-api\4.0.4\jakarta.xml.bind-api-4.0.4.jar;C:\Users\ar.likith\.m2\repository\jakarta\activation\jakarta.activation-api\2.1.4\jakarta.activation-api-2.1.4.jar;C:\Users\ar.likith\.m2\repository\org\glassfish\jaxb\jaxb-runtime\4.0.6\jaxb-runtime-4.0.6.jar;C:\Users\ar.likith\.m2\repository\org\glassfish\jaxb\jaxb-core\4.0.6\jaxb-core-4.0.6.jar;C:\Users\ar.likith\.m2\repository\org\eclipse\angus\angus-activation\2.0.3\angus-activation-2.0.3.jar;C:\Users\ar.likith\.m2\repository\org\glassfish\jaxb\txw2\4.0.6\txw2-4.0.6.jar;C:\Users\ar.likith\.m2\repository\com\sun\istack\istack-commons-runtime\4.1.2\istack-commons-runtime-4.1.2.jar;C:\Users\ar.likith\.m2\repository\jakarta\inject\jakarta.inject-api\2.0.1\jakarta.inject-api-2.0.1.jar;C:\Users\ar.likith\.m2\repository\org\antlr\antlr4-runtime\4.13.2\antlr4-runtime-4.13.2.jar;C:\Users\ar.likith\.m2\repository\org\apache\logging\log4j\log4j-core\2.17.1\log4j-core-2.17.1.jar;C:\Users\ar.likith\.m2\repository\org\apache\logging\log4j\log4j-api\2.17.1\log4j-api-2.17.1.jar;C:\Users\ar.likith\.m2\repository\org\apache\logging\log4j\log4j-slf4j-impl\2.17.1\log4j-slf4j-impl-2.17.1.jar;C:\Users\ar.likith\.m2\repository\org\slf4j\slf4j-api\1.7.25\slf4j-api-1.7.25.jar, java.vm.vendor=Eclipse Adoptium, sun.arch.data.model=64, user.variant=, java.vendor.url=https://adoptium.net/, user.timezone=Asia/Calcutta, java.vm.specification.version=25, os.name=Windows 11, sun.java.launcher=SUN_STANDARD, user.country=US, sun.boot.library.path=C:\Users\ar.likith\Downloads\sts-5.1.1.RELEASE\plugins\org.eclipse.justj.openjdk.hotspot.jre.full.win32.x86_64_25.0.2.v20260203-1141\jre\bin, sun.java.command=com.test.HQLTest, jdk.debug=release, sun.cpu.endian=little, user.home=C:\Users\ar.likith, user.language=en, java.specification.vendor=Oracle Corporation, java.version.date=2026-01-20, java.home=C:\Users\ar.likith\Downloads\sts-5.1.1.RELEASE\plugins\org.eclipse.justj.openjdk.hotspot.jre.full.win32.x86_64_25.0.2.v20260203-1141\jre, file.separator=\, java.vm.compressedOopsMode=Zero based, line.separator=
, java.vm.specification.vendor=Oracle Corporation, java.specification.name=Java Platform API Specification, hibernate.hbm2ddl.auto=update, user.script=, sun.management.compiler=HotSpot 64-Bit Tiered Compilers, java.runtime.version=25.0.2+10-LTS, user.name=ar.likith, stdout.encoding=UTF-8, path.separator=;, hibernate.connection.username=****, os.version=10.0, java.runtime.name=OpenJDK Runtime Environment, hibernate.connection.url=jdbc:mysql://localhost:3306/mlamarch, file.encoding=UTF-8, java.vm.name=OpenJDK 64-Bit Server VM, hibernate.show_sql=true, java.vendor.version=Temurin-25.0.2+10, hibernate.current_session_context_class=thread, hibernate.connection.driver_class=com.mysql.cj.jdbc.Driver, java.vendor.url.bug=https://github.com/adoptium/adoptium-support/issues, java.io.tmpdir=C:\Users\ARBCDF~1.LIK\AppData\Local\Temp\, java.version=25.0.2, user.dir=C:\Users\ar.likith\Desktop\sts\Assesment, os.arch=amd64, java.vm.specification.name=Java Virtual Machine Specification, hibernate.connection.password=****, sun.os.patch.level=, hibernate.boot.CfgXmlAccessService.key=org.hibernate.boot.cfgxml.spi.LoadedConfig@3520963d, native.encoding=Cp1252, java.library.path=C:\Users\ar.likith\Downloads\sts-5.1.1.RELEASE\plugins\org.eclipse.justj.openjdk.hotspot.jre.full.win32.x86_64_25.0.2.v20260203-1141\jre\bin;C:\WINDOWS\Sun\Java\bin;C:\WINDOWS\system32;C:\WINDOWS;C:/Users/ar.likith/Downloads/sts-5.1.1.RELEASE//plugins/org.eclipse.justj.openjdk.hotspot.jre.full.win32.x86_64_25.0.2.v20260203-1141/jre/bin/server;C:/Users/ar.likith/Downloads/sts-5.1.1.RELEASE//plugins/org.eclipse.justj.openjdk.hotspot.jre.full.win32.x86_64_25.0.2.v20260203-1141/jre/bin;C:\Program Files\Microsoft\jdk-11.0.23.9-hotspot\bin;C:\Program Files\Microsoft\jdk-17.0.15.6-hotspot\bin;C:\Program Files\Python313\Scripts\;C:\Program Files\Python313\;%SystemRoot%\system32;%SystemRoot%;%SystemRoot%\System32\Wbem;%SYSTEMROOT%\System32\WindowsPowerShell\v1.0\;%SYSTEMROOT%\System32\OpenSSH\;C:\Program Files (x86)\Microsoft SQL Server\160\Tools\Binn\;C:\Program Files\Microsoft SQL Server\160\Tools\Binn\;C:\Program Files\Microsoft SQL Server\Client SDK\ODBC\170\Tools\Binn\;C:\Program Files\Microsoft SQL Server\160\DTS\Binn\;C:\Program Files\dotnet\;C:\Program Files\Microsoft VS Code\bin;C:\Program Files\Git\cmd;C:\Program Files\apache-maven-3.9.10\bin;C:\Program Files\nodejs\;C:\Program Files\PuTTY\;C:\Program Files (x86)\Microsoft SQL Server\160\DTS\Binn\;C:\Program Files\apache-maven-3.9.10\bin;C:\Program Files\apache-maven-3.9.10\bin;C:\Program Files\apache-maven-3.9.10\bin;C:\Program Files\apache-maven-3.9.10\bin;C:\Program Files\apache-maven-3.9.10\bin;C:\Users\ar.likith\AppData\Local\Microsoft\WindowsApps;;C:\Users\ar.likith\Downloads\sts-5.1.1.RELEASE;;., stderr.encoding=UTF-8, java.vendor=Eclipse Adoptium, java.vm.info=mixed mode, sharing, java.vm.version=25.0.2+10-LTS, stdin.encoding=Cp1252, sun.io.unicode.encoding=UnicodeLittle, java.class.version=69.0}
2026-03-25 17:05:30 DEBUG HQL_FUNCTIONS:155 - Available HQL Functions:
	abs(NUMERIC arg)
	Double acos(NUMERIC arg)
	adddate(DATE datetime, INTEGER days)
	addtime(TIME datetime, TIME time)
	Boolean any(BOOLEAN arg)
	Integer ascii(STRING arg)
	Double asin(NUMERIC arg)
	Double atan(NUMERIC arg)
	Double atan2(NUMERIC arg0, NUMERIC arg1)
	avg(arg)
	bit_and(arg)
	Integer bit_length(STRING_OR_CLOB arg)
	bit_or(arg)
	bitand(arg0, arg1)
	bitnot(arg)
	bitor(arg0, arg1)
	bitxor(arg0, arg1)
	cast(arg as Type)
	ceiling(NUMERIC arg)
	Character char(INTEGER arg)
	Integer character_length(STRING_OR_CLOB arg)
	Character chr(INTEGER arg)
	coalesce(arg0[, arg1[, ...]])
	String collate(STRING string as COLLATION collation)
	String concat(STRING string0[, STRING string1[, ...]])
	Double cos(NUMERIC arg)
	Double cosh(NUMERIC arg)
	Double cot(NUMERIC arg)
	Long count([distinct ]{arg|*})
	Integer crc32(arg)
	Double cume_dist([arg0[, ...]])
	Date curdate()
	Date current date
	Date current time
	Date current timestamp
	Date current_date
	Instant current_instant
	Date current_time
	Date current_timestamp
	Date curtime()
	Date date(arg)
	dateadd(TEMPORAL_UNIT field, INTEGER magnitude, TEMPORAL datetime)
	Integer datediff(DATE end, DATE start)
	Integer day(DATE arg)
	String dayname(DATE arg)
	Integer dayofmonth(DATE arg)
	Integer dayofweek(DATE arg)
	Integer dayofyear(DATE arg)
	Double degrees(NUMERIC arg)
	Long dense_rank([arg0[, ...]])
	Boolean every(BOOLEAN arg)
	Double exp(NUMERIC arg)
	extract(TEMPORAL_UNIT field from TEMPORAL arg)
	first_valueANY value
	floor(NUMERIC arg)
	String format(TEMPORAL datetime as STRING pattern)
	greatest(COMPARABLE arg0, COMPARABLE arg1[, arg2[, ...]])
	String hex(arg)
	Integer hour(TIME arg)
	ifnull(arg0, arg1)
	String insert(STRING string, INTEGER start, INTEGER length, STRING replacement)
	Instant instant
	Integer instr(STRING string, STRING pattern[, INTEGER start[, INTEGER occurrence]])
	String json_array([arg0[, ...]])
	String json_array_append(IMPLICIT_JSON arg0, STRING arg1, ANY arg2)
	String json_array_insert(IMPLICIT_JSON arg0, STRING arg1, ANY arg2)
	String json_arrayagg(arg0[, arg1])
	Boolean json_exists(IMPLICIT_JSON arg0, STRING arg1)
	String json_insert(IMPLICIT_JSON arg0, STRING arg1, ANY arg2)
	String json_mergepatch(IMPLICIT_JSON arg0, IMPLICIT_JSON arg1[, arg2[, ...]])
	String json_object( ... )
	String json_objectagg(arg0, arg1[, arg2, arg3])
	String json_query( ... )
	String json_remove(IMPLICIT_JSON arg0, STRING arg1)
	String json_replace(IMPLICIT_JSON arg0, STRING arg1, ANY arg2)
	String json_set(IMPLICIT_JSON arg0, STRING arg1, ANY arg2)
	json_value( ... )
	lagANY value[, INTEGER offset[, ANY default]]
	Date last_day(DATE arg)
	last_valueANY value
	leadANY value[, INTEGER offset[, ANY default]]
	least(COMPARABLE arg0, COMPARABLE arg1[, arg2[, ...]])
	String left(STRING string, INTEGER length)
	Integer length(STRING_OR_CLOB arg)
	String listagg(STRING arg0, STRING arg1)
	Double ln(NUMERIC arg)
	LocalDate local date
	LocalDateTime local datetime
	LocalTime local time
	LocalDate local_date
	LocalDateTime local_datetime
	LocalTime local_time
	Date localtime
	Date localtimestamp
	Integer locate(STRING pattern, STRING string[, INTEGER start])
	Double log(NUMERIC arg0[, NUMERIC arg1])
	Double log10(NUMERIC arg)
	Double log2(NUMERIC arg)
	String lower(STRING string)
	String lpad(string, length[, padding])
	String ltrim(STRING string[, STRING characters])
	Date makedate(INTEGER year, INTEGER dayofyear)
	Date maketime(INTEGER hour, INTEGER min, INTEGER sec)
	max(COMPARABLE arg)
	byte[] md5(arg)
	Integer microsecond(TIME arg)
	min(COMPARABLE arg)
	Integer minute(TIME arg)
	Integer mod(INTEGER arg0, INTEGER arg1)
	Integer month(DATE arg)
	String monthname(DATE arg)
	Date now()
	nth_valueANY value, INTEGER nth
	nullif(arg0, arg1)
	Integer octet_length(STRING_OR_CLOB arg)
	OffsetDateTime offset datetime
	OffsetDateTime offset_datetime
	Integer ordinal(ENUM arg)
	String overlay(STRING string placing STRING replacement from INTEGER start[ for INTEGER length])
	String pad(STRING string with INTEGER length {leading|trailing}[ STRING character])
	Double percent_rank([arg0[, ...]])
	Double pi
	Integer position(STRING pattern in STRING string)
	Double power(NUMERIC arg0, NUMERIC arg1)
	Integer quarter(DATE arg)
	Double radians(NUMERIC arg)
	Double rand([INTEGER seed])
	Long rank([arg0[, ...]])
	Boolean regexp_like(STRING arg0, STRING arg1[, STRING arg2])
	String repeat(STRING string, INTEGER times)
	String replace(STRING string, STRING pattern, STRING replacement)
	String reverse(STRING arg)
	String right(STRING string, INTEGER length)
	round(NUMERIC number[, INTEGER places])
	Long row_number()
	String rpad(string, length[, padding])
	String rtrim(STRING string[, STRING characters])
	Integer second(TIME arg)
	byte[] sha(arg)
	String sha1(arg)
	String sha2(arg0, arg1)
	Integer sign(NUMERIC arg)
	Double sin(NUMERIC arg)
	Double sinh(NUMERIC arg)
	String soundex(arg)
	String space(INTEGER arg)
	sql
	Double sqrt(NUMERIC arg)
	Double stddev(NUMERIC arg)
	Double stddev_pop(NUMERIC arg)
	Double stddev_samp(NUMERIC arg)
	String str(arg)
	String string(ENUM arg)
	subdate(DATE datetime, INTEGER days)
	String substr(STRING string, INTEGER start[, INTEGER length])
	String substring(STRING string{ from|,} INTEGER start[{ for|,} INTEGER length])
	subtime(TIME datetime, TIME time)
	sum(arg)
	Date sysdate()
	Double tan(NUMERIC arg)
	Double tanh(NUMERIC arg)
	String time(arg)
	Date timestamp(arg0[, arg1])
	timestampadd(TEMPORAL_UNIT field, INTEGER magnitude, TEMPORAL datetime)
	Long|Double timestampdiff(TEMPORAL_UNIT field, TEMPORAL start, TEMPORAL end)
	String trim([[{leading|trailing|both} ][STRING arg0 ]from] STRING arg1)
	trunc( ... )
	truncate( ... )
	String upper(STRING string)
	Date utc_date
	Date utc_time
	Date utc_timestamp
	Double var_pop(NUMERIC arg)
	Double var_samp(NUMERIC arg)
	Double variance(NUMERIC arg)
	Integer week(DATE arg)
	Integer year(DATE arg)

2026-03-25 17:05:30 DEBUG core:211 - HHH000513: Unable to create the ReflectionOptimizer for [com.test.Books]: private accessor [b_author]
2026-03-25 17:05:30 DEBUG service:102 - HHH010454: EventListenerRegistry access via ServiceRegistry is deprecated - use 'sessionFactory.getEventEngine().getListenerRegistry()' instead
2026-03-25 17:05:30 DEBUG Table:101 - No alter strings for table: books232
2026-03-25 17:05:30 DEBUG Table:101 - No alter strings for table: books232_SEQ
2026-03-25 17:05:30 DEBUG factoryRegistry:86 - HHH020384: Registering SessionFactory [f83cad96-d240-4329-adba-3b395b525ad9] (<unnamed>)
2026-03-25 17:05:30 DEBUG core:151 - HHH006588: Opening session [tenant=null]
2026-03-25 17:05:30 DEBUG core:74 - HHH006583: Beginning transaction
2026-03-25 17:05:41 DEBUG service:41 - HHH010455: Adding integrator: org.hibernate.boot.beanvalidation.BeanValidationIntegrator
2026-03-25 17:05:41 DEBUG service:41 - HHH010455: Adding integrator: org.hibernate.cache.internal.CollectionCacheInvalidator
2026-03-25 17:05:41 INFO  core:41 - HHH000001: Hibernate ORM core version 7.3.0.Final
2026-03-25 17:05:41 DEBUG core:155 - HHH000206: 'hibernate.properties' not found
2026-03-25 17:05:41 DEBUG service:41 - HHH010455: Adding integrator: org.hibernate.boot.beanvalidation.BeanValidationIntegrator
2026-03-25 17:05:41 DEBUG service:41 - HHH010455: Adding integrator: org.hibernate.cache.internal.CollectionCacheInvalidator
2026-03-25 17:05:41 DEBUG cache:116 - HHH90001031: Cannot default RegionFactory since no RegionFactory strategies were registered
2026-03-25 17:05:41 DEBUG cache:46 - HHH90001029: Second-level cache disabled
2026-03-25 17:05:41 WARN  pooling:86 - HHH10001002: Using built-in connection pool (not intended for production use)
2026-03-25 17:05:41 DEBUG pooling:34 - HHH10001014: Initializing connection pool with 1 connections
2026-03-25 17:05:42 DEBUG jdbc:457 - HHH100017: Database:
	name: MySQL
	version: 8.0.42
	major: 8
	minor: 0
2026-03-25 17:05:42 DEBUG jdbc:463 - HHH100018: Driver:
	name: MySQL Connector/J
	version: mysql-connector-j-8.0.33 (Revision: 7d6b0800528b6b25c68b52dc10d6c1c8429c100c)
	major: 8
	minor: 0
	JDBC version: 4.2
2026-03-25 17:05:42 DEBUG dialect:93 - HHH035001: Using dialect: org.hibernate.dialect.MySQLDialect, version: 8.0.42
2026-03-25 17:05:42 DEBUG IdentifierHelperBuilder:205 - IdentifierCaseStrategy for both quoted and unquoted identifiers was set to the same strategy [LOWER]; that will likely lead to problems in schema update and validation if using quoted identifiers
2026-03-25 17:05:42 DEBUG jdbc:379 - HHH100122: Using default JDBC fetch size: 0
2026-03-25 17:05:42 INFO  pooling:179 - HHH10001005: Database info:
	Database JDBC URL [jdbc:mysql://localhost:3306/mlamarch]
	Database driver: MySQL Connector/J
	Database dialect: MySQLDialect
	Database version: 8.0.42
	Default catalog/schema: mlamarch/undefined
	Autocommit mode: false
	Isolation level: REPEATABLE_READ
	JDBC fetch size: none
	Pool: DriverManagerConnectionProvider
	Minimum pool size: 1
	Maximum pool size: 20
2026-03-25 17:05:42 DEBUG factory:230 - HHH90020001: Instantiating factory [dcf92d5b-82c0-4b26-8d9c-8e6f3849c2e8] with settings: {java.specification.version=25, sun.cpu.isalist=amd64, sun.jnu.encoding=Cp1252, java.class.path=C:\Users\ar.likith\Desktop\sts\Assesment\target\classes;C:\Users\ar.likith\.m2\repository\com\mysql\mysql-connector-j\8.0.33\mysql-connector-j-8.0.33.jar;C:\Users\ar.likith\.m2\repository\com\google\protobuf\protobuf-java\3.21.9\protobuf-java-3.21.9.jar;C:\Users\ar.likith\.m2\repository\org\hibernate\orm\hibernate-core\7.3.0.Final\hibernate-core-7.3.0.Final.jar;C:\Users\ar.likith\.m2\repository\jakarta\persistence\jakarta.persistence-api\3.2.0\jakarta.persistence-api-3.2.0.jar;C:\Users\ar.likith\.m2\repository\jakarta\transaction\jakarta.transaction-api\2.0.1\jakarta.transaction-api-2.0.1.jar;C:\Users\ar.likith\.m2\repository\org\jboss\logging\jboss-logging\3.6.1.Final\jboss-logging-3.6.1.Final.jar;C:\Users\ar.likith\.m2\repository\org\hibernate\models\hibernate-models\1.1.0\hibernate-models-1.1.0.jar;C:\Users\ar.likith\.m2\repository\net\bytebuddy\byte-buddy\1.18.7\byte-buddy-1.18.7.jar;C:\Users\ar.likith\.m2\repository\jakarta\xml\bind\jakarta.xml.bind-api\4.0.4\jakarta.xml.bind-api-4.0.4.jar;C:\Users\ar.likith\.m2\repository\jakarta\activation\jakarta.activation-api\2.1.4\jakarta.activation-api-2.1.4.jar;C:\Users\ar.likith\.m2\repository\org\glassfish\jaxb\jaxb-runtime\4.0.6\jaxb-runtime-4.0.6.jar;C:\Users\ar.likith\.m2\repository\org\glassfish\jaxb\jaxb-core\4.0.6\jaxb-core-4.0.6.jar;C:\Users\ar.likith\.m2\repository\org\eclipse\angus\angus-activation\2.0.3\angus-activation-2.0.3.jar;C:\Users\ar.likith\.m2\repository\org\glassfish\jaxb\txw2\4.0.6\txw2-4.0.6.jar;C:\Users\ar.likith\.m2\repository\com\sun\istack\istack-commons-runtime\4.1.2\istack-commons-runtime-4.1.2.jar;C:\Users\ar.likith\.m2\repository\jakarta\inject\jakarta.inject-api\2.0.1\jakarta.inject-api-2.0.1.jar;C:\Users\ar.likith\.m2\repository\org\antlr\antlr4-runtime\4.13.2\antlr4-runtime-4.13.2.jar;C:\Users\ar.likith\.m2\repository\org\apache\logging\log4j\log4j-core\2.17.1\log4j-core-2.17.1.jar;C:\Users\ar.likith\.m2\repository\org\apache\logging\log4j\log4j-api\2.17.1\log4j-api-2.17.1.jar;C:\Users\ar.likith\.m2\repository\org\apache\logging\log4j\log4j-slf4j-impl\2.17.1\log4j-slf4j-impl-2.17.1.jar;C:\Users\ar.likith\.m2\repository\org\slf4j\slf4j-api\1.7.25\slf4j-api-1.7.25.jar, java.vm.vendor=Eclipse Adoptium, sun.arch.data.model=64, user.variant=, java.vendor.url=https://adoptium.net/, user.timezone=Asia/Calcutta, java.vm.specification.version=25, os.name=Windows 11, sun.java.launcher=SUN_STANDARD, user.country=US, sun.boot.library.path=C:\Users\ar.likith\Downloads\sts-5.1.1.RELEASE\plugins\org.eclipse.justj.openjdk.hotspot.jre.full.win32.x86_64_25.0.2.v20260203-1141\jre\bin, sun.java.command=com.test.HQLTest, jdk.debug=release, sun.cpu.endian=little, user.home=C:\Users\ar.likith, user.language=en, java.specification.vendor=Oracle Corporation, java.version.date=2026-01-20, java.home=C:\Users\ar.likith\Downloads\sts-5.1.1.RELEASE\plugins\org.eclipse.justj.openjdk.hotspot.jre.full.win32.x86_64_25.0.2.v20260203-1141\jre, file.separator=\, java.vm.compressedOopsMode=Zero based, line.separator=
, java.vm.specification.vendor=Oracle Corporation, java.specification.name=Java Platform API Specification, hibernate.hbm2ddl.auto=update, user.script=, sun.management.compiler=HotSpot 64-Bit Tiered Compilers, java.runtime.version=25.0.2+10-LTS, user.name=ar.likith, stdout.encoding=UTF-8, path.separator=;, hibernate.connection.username=****, os.version=10.0, java.runtime.name=OpenJDK Runtime Environment, hibernate.connection.url=jdbc:mysql://localhost:3306/mlamarch, file.encoding=UTF-8, java.vm.name=OpenJDK 64-Bit Server VM, hibernate.show_sql=true, java.vendor.version=Temurin-25.0.2+10, hibernate.current_session_context_class=thread, hibernate.connection.driver_class=com.mysql.cj.jdbc.Driver, java.vendor.url.bug=https://github.com/adoptium/adoptium-support/issues, java.io.tmpdir=C:\Users\ARBCDF~1.LIK\AppData\Local\Temp\, java.version=25.0.2, user.dir=C:\Users\ar.likith\Desktop\sts\Assesment, os.arch=amd64, java.vm.specification.name=Java Virtual Machine Specification, hibernate.connection.password=****, sun.os.patch.level=, hibernate.boot.CfgXmlAccessService.key=org.hibernate.boot.cfgxml.spi.LoadedConfig@3520963d, native.encoding=Cp1252, java.library.path=C:\Users\ar.likith\Downloads\sts-5.1.1.RELEASE\plugins\org.eclipse.justj.openjdk.hotspot.jre.full.win32.x86_64_25.0.2.v20260203-1141\jre\bin;C:\WINDOWS\Sun\Java\bin;C:\WINDOWS\system32;C:\WINDOWS;C:/Users/ar.likith/Downloads/sts-5.1.1.RELEASE//plugins/org.eclipse.justj.openjdk.hotspot.jre.full.win32.x86_64_25.0.2.v20260203-1141/jre/bin/server;C:/Users/ar.likith/Downloads/sts-5.1.1.RELEASE//plugins/org.eclipse.justj.openjdk.hotspot.jre.full.win32.x86_64_25.0.2.v20260203-1141/jre/bin;C:\Program Files\Microsoft\jdk-11.0.23.9-hotspot\bin;C:\Program Files\Microsoft\jdk-17.0.15.6-hotspot\bin;C:\Program Files\Python313\Scripts\;C:\Program Files\Python313\;%SystemRoot%\system32;%SystemRoot%;%SystemRoot%\System32\Wbem;%SYSTEMROOT%\System32\WindowsPowerShell\v1.0\;%SYSTEMROOT%\System32\OpenSSH\;C:\Program Files (x86)\Microsoft SQL Server\160\Tools\Binn\;C:\Program Files\Microsoft SQL Server\160\Tools\Binn\;C:\Program Files\Microsoft SQL Server\Client SDK\ODBC\170\Tools\Binn\;C:\Program Files\Microsoft SQL Server\160\DTS\Binn\;C:\Program Files\dotnet\;C:\Program Files\Microsoft VS Code\bin;C:\Program Files\Git\cmd;C:\Program Files\apache-maven-3.9.10\bin;C:\Program Files\nodejs\;C:\Program Files\PuTTY\;C:\Program Files (x86)\Microsoft SQL Server\160\DTS\Binn\;C:\Program Files\apache-maven-3.9.10\bin;C:\Program Files\apache-maven-3.9.10\bin;C:\Program Files\apache-maven-3.9.10\bin;C:\Program Files\apache-maven-3.9.10\bin;C:\Program Files\apache-maven-3.9.10\bin;C:\Users\ar.likith\AppData\Local\Microsoft\WindowsApps;;C:\Users\ar.likith\Downloads\sts-5.1.1.RELEASE;;., stderr.encoding=UTF-8, java.vendor=Eclipse Adoptium, java.vm.info=mixed mode, sharing, java.vm.version=25.0.2+10-LTS, stdin.encoding=Cp1252, sun.io.unicode.encoding=UnicodeLittle, java.class.version=69.0}
2026-03-25 17:05:42 DEBUG HQL_FUNCTIONS:155 - Available HQL Functions:
	abs(NUMERIC arg)
	Double acos(NUMERIC arg)
	adddate(DATE datetime, INTEGER days)
	addtime(TIME datetime, TIME time)
	Boolean any(BOOLEAN arg)
	Integer ascii(STRING arg)
	Double asin(NUMERIC arg)
	Double atan(NUMERIC arg)
	Double atan2(NUMERIC arg0, NUMERIC arg1)
	avg(arg)
	bit_and(arg)
	Integer bit_length(STRING_OR_CLOB arg)
	bit_or(arg)
	bitand(arg0, arg1)
	bitnot(arg)
	bitor(arg0, arg1)
	bitxor(arg0, arg1)
	cast(arg as Type)
	ceiling(NUMERIC arg)
	Character char(INTEGER arg)
	Integer character_length(STRING_OR_CLOB arg)
	Character chr(INTEGER arg)
	coalesce(arg0[, arg1[, ...]])
	String collate(STRING string as COLLATION collation)
	String concat(STRING string0[, STRING string1[, ...]])
	Double cos(NUMERIC arg)
	Double cosh(NUMERIC arg)
	Double cot(NUMERIC arg)
	Long count([distinct ]{arg|*})
	Integer crc32(arg)
	Double cume_dist([arg0[, ...]])
	Date curdate()
	Date current date
	Date current time
	Date current timestamp
	Date current_date
	Instant current_instant
	Date current_time
	Date current_timestamp
	Date curtime()
	Date date(arg)
	dateadd(TEMPORAL_UNIT field, INTEGER magnitude, TEMPORAL datetime)
	Integer datediff(DATE end, DATE start)
	Integer day(DATE arg)
	String dayname(DATE arg)
	Integer dayofmonth(DATE arg)
	Integer dayofweek(DATE arg)
	Integer dayofyear(DATE arg)
	Double degrees(NUMERIC arg)
	Long dense_rank([arg0[, ...]])
	Boolean every(BOOLEAN arg)
	Double exp(NUMERIC arg)
	extract(TEMPORAL_UNIT field from TEMPORAL arg)
	first_valueANY value
	floor(NUMERIC arg)
	String format(TEMPORAL datetime as STRING pattern)
	greatest(COMPARABLE arg0, COMPARABLE arg1[, arg2[, ...]])
	String hex(arg)
	Integer hour(TIME arg)
	ifnull(arg0, arg1)
	String insert(STRING string, INTEGER start, INTEGER length, STRING replacement)
	Instant instant
	Integer instr(STRING string, STRING pattern[, INTEGER start[, INTEGER occurrence]])
	String json_array([arg0[, ...]])
	String json_array_append(IMPLICIT_JSON arg0, STRING arg1, ANY arg2)
	String json_array_insert(IMPLICIT_JSON arg0, STRING arg1, ANY arg2)
	String json_arrayagg(arg0[, arg1])
	Boolean json_exists(IMPLICIT_JSON arg0, STRING arg1)
	String json_insert(IMPLICIT_JSON arg0, STRING arg1, ANY arg2)
	String json_mergepatch(IMPLICIT_JSON arg0, IMPLICIT_JSON arg1[, arg2[, ...]])
	String json_object( ... )
	String json_objectagg(arg0, arg1[, arg2, arg3])
	String json_query( ... )
	String json_remove(IMPLICIT_JSON arg0, STRING arg1)
	String json_replace(IMPLICIT_JSON arg0, STRING arg1, ANY arg2)
	String json_set(IMPLICIT_JSON arg0, STRING arg1, ANY arg2)
	json_value( ... )
	lagANY value[, INTEGER offset[, ANY default]]
	Date last_day(DATE arg)
	last_valueANY value
	leadANY value[, INTEGER offset[, ANY default]]
	least(COMPARABLE arg0, COMPARABLE arg1[, arg2[, ...]])
	String left(STRING string, INTEGER length)
	Integer length(STRING_OR_CLOB arg)
	String listagg(STRING arg0, STRING arg1)
	Double ln(NUMERIC arg)
	LocalDate local date
	LocalDateTime local datetime
	LocalTime local time
	LocalDate local_date
	LocalDateTime local_datetime
	LocalTime local_time
	Date localtime
	Date localtimestamp
	Integer locate(STRING pattern, STRING string[, INTEGER start])
	Double log(NUMERIC arg0[, NUMERIC arg1])
	Double log10(NUMERIC arg)
	Double log2(NUMERIC arg)
	String lower(STRING string)
	String lpad(string, length[, padding])
	String ltrim(STRING string[, STRING characters])
	Date makedate(INTEGER year, INTEGER dayofyear)
	Date maketime(INTEGER hour, INTEGER min, INTEGER sec)
	max(COMPARABLE arg)
	byte[] md5(arg)
	Integer microsecond(TIME arg)
	min(COMPARABLE arg)
	Integer minute(TIME arg)
	Integer mod(INTEGER arg0, INTEGER arg1)
	Integer month(DATE arg)
	String monthname(DATE arg)
	Date now()
	nth_valueANY value, INTEGER nth
	nullif(arg0, arg1)
	Integer octet_length(STRING_OR_CLOB arg)
	OffsetDateTime offset datetime
	OffsetDateTime offset_datetime
	Integer ordinal(ENUM arg)
	String overlay(STRING string placing STRING replacement from INTEGER start[ for INTEGER length])
	String pad(STRING string with INTEGER length {leading|trailing}[ STRING character])
	Double percent_rank([arg0[, ...]])
	Double pi
	Integer position(STRING pattern in STRING string)
	Double power(NUMERIC arg0, NUMERIC arg1)
	Integer quarter(DATE arg)
	Double radians(NUMERIC arg)
	Double rand([INTEGER seed])
	Long rank([arg0[, ...]])
	Boolean regexp_like(STRING arg0, STRING arg1[, STRING arg2])
	String repeat(STRING string, INTEGER times)
	String replace(STRING string, STRING pattern, STRING replacement)
	String reverse(STRING arg)
	String right(STRING string, INTEGER length)
	round(NUMERIC number[, INTEGER places])
	Long row_number()
	String rpad(string, length[, padding])
	String rtrim(STRING string[, STRING characters])
	Integer second(TIME arg)
	byte[] sha(arg)
	String sha1(arg)
	String sha2(arg0, arg1)
	Integer sign(NUMERIC arg)
	Double sin(NUMERIC arg)
	Double sinh(NUMERIC arg)
	String soundex(arg)
	String space(INTEGER arg)
	sql
	Double sqrt(NUMERIC arg)
	Double stddev(NUMERIC arg)
	Double stddev_pop(NUMERIC arg)
	Double stddev_samp(NUMERIC arg)
	String str(arg)
	String string(ENUM arg)
	subdate(DATE datetime, INTEGER days)
	String substr(STRING string, INTEGER start[, INTEGER length])
	String substring(STRING string{ from|,} INTEGER start[{ for|,} INTEGER length])
	subtime(TIME datetime, TIME time)
	sum(arg)
	Date sysdate()
	Double tan(NUMERIC arg)
	Double tanh(NUMERIC arg)
	String time(arg)
	Date timestamp(arg0[, arg1])
	timestampadd(TEMPORAL_UNIT field, INTEGER magnitude, TEMPORAL datetime)
	Long|Double timestampdiff(TEMPORAL_UNIT field, TEMPORAL start, TEMPORAL end)
	String trim([[{leading|trailing|both} ][STRING arg0 ]from] STRING arg1)
	trunc( ... )
	truncate( ... )
	String upper(STRING string)
	Date utc_date
	Date utc_time
	Date utc_timestamp
	Double var_pop(NUMERIC arg)
	Double var_samp(NUMERIC arg)
	Double variance(NUMERIC arg)
	Integer week(DATE arg)
	Integer year(DATE arg)

2026-03-25 17:05:42 DEBUG core:211 - HHH000513: Unable to create the ReflectionOptimizer for [com.test.Books]: private accessor [b_author]
2026-03-25 17:05:43 DEBUG service:102 - HHH010454: EventListenerRegistry access via ServiceRegistry is deprecated - use 'sessionFactory.getEventEngine().getListenerRegistry()' instead
2026-03-25 17:05:43 DEBUG Table:101 - No alter strings for table: books232
2026-03-25 17:05:43 DEBUG Table:101 - No alter strings for table: books232_SEQ
2026-03-25 17:05:43 DEBUG factoryRegistry:86 - HHH020384: Registering SessionFactory [dcf92d5b-82c0-4b26-8d9c-8e6f3849c2e8] (<unnamed>)
2026-03-25 17:05:43 DEBUG core:151 - HHH006588: Opening session [tenant=null]
2026-03-25 17:05:43 DEBUG core:74 - HHH006583: Beginning transaction
2026-03-25 17:06:00 DEBUG service:41 - HHH010455: Adding integrator: org.hibernate.boot.beanvalidation.BeanValidationIntegrator
2026-03-25 17:06:00 DEBUG service:41 - HHH010455: Adding integrator: org.hibernate.cache.internal.CollectionCacheInvalidator
2026-03-25 17:06:00 INFO  core:41 - HHH000001: Hibernate ORM core version 7.3.0.Final
2026-03-25 17:06:00 DEBUG core:155 - HHH000206: 'hibernate.properties' not found
2026-03-25 17:06:00 DEBUG service:41 - HHH010455: Adding integrator: org.hibernate.boot.beanvalidation.BeanValidationIntegrator
2026-03-25 17:06:00 DEBUG service:41 - HHH010455: Adding integrator: org.hibernate.cache.internal.CollectionCacheInvalidator
2026-03-25 17:06:00 DEBUG cache:116 - HHH90001031: Cannot default RegionFactory since no RegionFactory strategies were registered
2026-03-25 17:06:00 DEBUG cache:46 - HHH90001029: Second-level cache disabled
2026-03-25 17:06:00 WARN  pooling:86 - HHH10001002: Using built-in connection pool (not intended for production use)
2026-03-25 17:06:00 DEBUG pooling:34 - HHH10001014: Initializing connection pool with 1 connections
2026-03-25 17:06:00 DEBUG jdbc:457 - HHH100017: Database:
	name: MySQL
	version: 8.0.42
	major: 8
	minor: 0
2026-03-25 17:06:00 DEBUG jdbc:463 - HHH100018: Driver:
	name: MySQL Connector/J
	version: mysql-connector-j-8.0.33 (Revision: 7d6b0800528b6b25c68b52dc10d6c1c8429c100c)
	major: 8
	minor: 0
	JDBC version: 4.2
2026-03-25 17:06:00 DEBUG dialect:93 - HHH035001: Using dialect: org.hibernate.dialect.MySQLDialect, version: 8.0.42
2026-03-25 17:06:00 DEBUG IdentifierHelperBuilder:205 - IdentifierCaseStrategy for both quoted and unquoted identifiers was set to the same strategy [LOWER]; that will likely lead to problems in schema update and validation if using quoted identifiers
2026-03-25 17:06:00 DEBUG jdbc:379 - HHH100122: Using default JDBC fetch size: 0
2026-03-25 17:06:00 INFO  pooling:179 - HHH10001005: Database info:
	Database JDBC URL [jdbc:mysql://localhost:3306/mlamarch]
	Database driver: MySQL Connector/J
	Database dialect: MySQLDialect
	Database version: 8.0.42
	Default catalog/schema: mlamarch/undefined
	Autocommit mode: false
	Isolation level: REPEATABLE_READ
	JDBC fetch size: none
	Pool: DriverManagerConnectionProvider
	Minimum pool size: 1
	Maximum pool size: 20
2026-03-25 17:06:01 DEBUG factory:230 - HHH90020001: Instantiating factory [1c960726-1e15-467a-a309-456a68061fec] with settings: {java.specification.version=25, sun.cpu.isalist=amd64, sun.jnu.encoding=Cp1252, java.class.path=C:\Users\ar.likith\Desktop\sts\Assesment\target\classes;C:\Users\ar.likith\.m2\repository\com\mysql\mysql-connector-j\8.0.33\mysql-connector-j-8.0.33.jar;C:\Users\ar.likith\.m2\repository\com\google\protobuf\protobuf-java\3.21.9\protobuf-java-3.21.9.jar;C:\Users\ar.likith\.m2\repository\org\hibernate\orm\hibernate-core\7.3.0.Final\hibernate-core-7.3.0.Final.jar;C:\Users\ar.likith\.m2\repository\jakarta\persistence\jakarta.persistence-api\3.2.0\jakarta.persistence-api-3.2.0.jar;C:\Users\ar.likith\.m2\repository\jakarta\transaction\jakarta.transaction-api\2.0.1\jakarta.transaction-api-2.0.1.jar;C:\Users\ar.likith\.m2\repository\org\jboss\logging\jboss-logging\3.6.1.Final\jboss-logging-3.6.1.Final.jar;C:\Users\ar.likith\.m2\repository\org\hibernate\models\hibernate-models\1.1.0\hibernate-models-1.1.0.jar;C:\Users\ar.likith\.m2\repository\net\bytebuddy\byte-buddy\1.18.7\byte-buddy-1.18.7.jar;C:\Users\ar.likith\.m2\repository\jakarta\xml\bind\jakarta.xml.bind-api\4.0.4\jakarta.xml.bind-api-4.0.4.jar;C:\Users\ar.likith\.m2\repository\jakarta\activation\jakarta.activation-api\2.1.4\jakarta.activation-api-2.1.4.jar;C:\Users\ar.likith\.m2\repository\org\glassfish\jaxb\jaxb-runtime\4.0.6\jaxb-runtime-4.0.6.jar;C:\Users\ar.likith\.m2\repository\org\glassfish\jaxb\jaxb-core\4.0.6\jaxb-core-4.0.6.jar;C:\Users\ar.likith\.m2\repository\org\eclipse\angus\angus-activation\2.0.3\angus-activation-2.0.3.jar;C:\Users\ar.likith\.m2\repository\org\glassfish\jaxb\txw2\4.0.6\txw2-4.0.6.jar;C:\Users\ar.likith\.m2\repository\com\sun\istack\istack-commons-runtime\4.1.2\istack-commons-runtime-4.1.2.jar;C:\Users\ar.likith\.m2\repository\jakarta\inject\jakarta.inject-api\2.0.1\jakarta.inject-api-2.0.1.jar;C:\Users\ar.likith\.m2\repository\org\antlr\antlr4-runtime\4.13.2\antlr4-runtime-4.13.2.jar;C:\Users\ar.likith\.m2\repository\org\apache\logging\log4j\log4j-core\2.17.1\log4j-core-2.17.1.jar;C:\Users\ar.likith\.m2\repository\org\apache\logging\log4j\log4j-api\2.17.1\log4j-api-2.17.1.jar;C:\Users\ar.likith\.m2\repository\org\apache\logging\log4j\log4j-slf4j-impl\2.17.1\log4j-slf4j-impl-2.17.1.jar;C:\Users\ar.likith\.m2\repository\org\slf4j\slf4j-api\1.7.25\slf4j-api-1.7.25.jar, java.vm.vendor=Eclipse Adoptium, sun.arch.data.model=64, user.variant=, java.vendor.url=https://adoptium.net/, user.timezone=Asia/Calcutta, java.vm.specification.version=25, os.name=Windows 11, sun.java.launcher=SUN_STANDARD, user.country=US, sun.boot.library.path=C:\Users\ar.likith\Downloads\sts-5.1.1.RELEASE\plugins\org.eclipse.justj.openjdk.hotspot.jre.full.win32.x86_64_25.0.2.v20260203-1141\jre\bin, sun.java.command=com.test.HQLTest, jdk.debug=release, sun.cpu.endian=little, user.home=C:\Users\ar.likith, user.language=en, java.specification.vendor=Oracle Corporation, java.version.date=2026-01-20, java.home=C:\Users\ar.likith\Downloads\sts-5.1.1.RELEASE\plugins\org.eclipse.justj.openjdk.hotspot.jre.full.win32.x86_64_25.0.2.v20260203-1141\jre, file.separator=\, java.vm.compressedOopsMode=Zero based, line.separator=
, java.vm.specification.vendor=Oracle Corporation, java.specification.name=Java Platform API Specification, hibernate.hbm2ddl.auto=update, user.script=, sun.management.compiler=HotSpot 64-Bit Tiered Compilers, java.runtime.version=25.0.2+10-LTS, user.name=ar.likith, stdout.encoding=UTF-8, path.separator=;, hibernate.connection.username=****, os.version=10.0, java.runtime.name=OpenJDK Runtime Environment, hibernate.connection.url=jdbc:mysql://localhost:3306/mlamarch, file.encoding=UTF-8, java.vm.name=OpenJDK 64-Bit Server VM, hibernate.show_sql=true, java.vendor.version=Temurin-25.0.2+10, hibernate.current_session_context_class=thread, hibernate.connection.driver_class=com.mysql.cj.jdbc.Driver, java.vendor.url.bug=https://github.com/adoptium/adoptium-support/issues, java.io.tmpdir=C:\Users\ARBCDF~1.LIK\AppData\Local\Temp\, java.version=25.0.2, user.dir=C:\Users\ar.likith\Desktop\sts\Assesment, os.arch=amd64, java.vm.specification.name=Java Virtual Machine Specification, hibernate.connection.password=****, sun.os.patch.level=, hibernate.boot.CfgXmlAccessService.key=org.hibernate.boot.cfgxml.spi.LoadedConfig@3520963d, native.encoding=Cp1252, java.library.path=C:\Users\ar.likith\Downloads\sts-5.1.1.RELEASE\plugins\org.eclipse.justj.openjdk.hotspot.jre.full.win32.x86_64_25.0.2.v20260203-1141\jre\bin;C:\WINDOWS\Sun\Java\bin;C:\WINDOWS\system32;C:\WINDOWS;C:/Users/ar.likith/Downloads/sts-5.1.1.RELEASE//plugins/org.eclipse.justj.openjdk.hotspot.jre.full.win32.x86_64_25.0.2.v20260203-1141/jre/bin/server;C:/Users/ar.likith/Downloads/sts-5.1.1.RELEASE//plugins/org.eclipse.justj.openjdk.hotspot.jre.full.win32.x86_64_25.0.2.v20260203-1141/jre/bin;C:\Program Files\Microsoft\jdk-11.0.23.9-hotspot\bin;C:\Program Files\Microsoft\jdk-17.0.15.6-hotspot\bin;C:\Program Files\Python313\Scripts\;C:\Program Files\Python313\;%SystemRoot%\system32;%SystemRoot%;%SystemRoot%\System32\Wbem;%SYSTEMROOT%\System32\WindowsPowerShell\v1.0\;%SYSTEMROOT%\System32\OpenSSH\;C:\Program Files (x86)\Microsoft SQL Server\160\Tools\Binn\;C:\Program Files\Microsoft SQL Server\160\Tools\Binn\;C:\Program Files\Microsoft SQL Server\Client SDK\ODBC\170\Tools\Binn\;C:\Program Files\Microsoft SQL Server\160\DTS\Binn\;C:\Program Files\dotnet\;C:\Program Files\Microsoft VS Code\bin;C:\Program Files\Git\cmd;C:\Program Files\apache-maven-3.9.10\bin;C:\Program Files\nodejs\;C:\Program Files\PuTTY\;C:\Program Files (x86)\Microsoft SQL Server\160\DTS\Binn\;C:\Program Files\apache-maven-3.9.10\bin;C:\Program Files\apache-maven-3.9.10\bin;C:\Program Files\apache-maven-3.9.10\bin;C:\Program Files\apache-maven-3.9.10\bin;C:\Program Files\apache-maven-3.9.10\bin;C:\Users\ar.likith\AppData\Local\Microsoft\WindowsApps;;C:\Users\ar.likith\Downloads\sts-5.1.1.RELEASE;;., stderr.encoding=UTF-8, java.vendor=Eclipse Adoptium, java.vm.info=mixed mode, sharing, java.vm.version=25.0.2+10-LTS, stdin.encoding=Cp1252, sun.io.unicode.encoding=UnicodeLittle, java.class.version=69.0}
2026-03-25 17:06:01 DEBUG HQL_FUNCTIONS:155 - Available HQL Functions:
	abs(NUMERIC arg)
	Double acos(NUMERIC arg)
	adddate(DATE datetime, INTEGER days)
	addtime(TIME datetime, TIME time)
	Boolean any(BOOLEAN arg)
	Integer ascii(STRING arg)
	Double asin(NUMERIC arg)
	Double atan(NUMERIC arg)
	Double atan2(NUMERIC arg0, NUMERIC arg1)
	avg(arg)
	bit_and(arg)
	Integer bit_length(STRING_OR_CLOB arg)
	bit_or(arg)
	bitand(arg0, arg1)
	bitnot(arg)
	bitor(arg0, arg1)
	bitxor(arg0, arg1)
	cast(arg as Type)
	ceiling(NUMERIC arg)
	Character char(INTEGER arg)
	Integer character_length(STRING_OR_CLOB arg)
	Character chr(INTEGER arg)
	coalesce(arg0[, arg1[, ...]])
	String collate(STRING string as COLLATION collation)
	String concat(STRING string0[, STRING string1[, ...]])
	Double cos(NUMERIC arg)
	Double cosh(NUMERIC arg)
	Double cot(NUMERIC arg)
	Long count([distinct ]{arg|*})
	Integer crc32(arg)
	Double cume_dist([arg0[, ...]])
	Date curdate()
	Date current date
	Date current time
	Date current timestamp
	Date current_date
	Instant current_instant
	Date current_time
	Date current_timestamp
	Date curtime()
	Date date(arg)
	dateadd(TEMPORAL_UNIT field, INTEGER magnitude, TEMPORAL datetime)
	Integer datediff(DATE end, DATE start)
	Integer day(DATE arg)
	String dayname(DATE arg)
	Integer dayofmonth(DATE arg)
	Integer dayofweek(DATE arg)
	Integer dayofyear(DATE arg)
	Double degrees(NUMERIC arg)
	Long dense_rank([arg0[, ...]])
	Boolean every(BOOLEAN arg)
	Double exp(NUMERIC arg)
	extract(TEMPORAL_UNIT field from TEMPORAL arg)
	first_valueANY value
	floor(NUMERIC arg)
	String format(TEMPORAL datetime as STRING pattern)
	greatest(COMPARABLE arg0, COMPARABLE arg1[, arg2[, ...]])
	String hex(arg)
	Integer hour(TIME arg)
	ifnull(arg0, arg1)
	String insert(STRING string, INTEGER start, INTEGER length, STRING replacement)
	Instant instant
	Integer instr(STRING string, STRING pattern[, INTEGER start[, INTEGER occurrence]])
	String json_array([arg0[, ...]])
	String json_array_append(IMPLICIT_JSON arg0, STRING arg1, ANY arg2)
	String json_array_insert(IMPLICIT_JSON arg0, STRING arg1, ANY arg2)
	String json_arrayagg(arg0[, arg1])
	Boolean json_exists(IMPLICIT_JSON arg0, STRING arg1)
	String json_insert(IMPLICIT_JSON arg0, STRING arg1, ANY arg2)
	String json_mergepatch(IMPLICIT_JSON arg0, IMPLICIT_JSON arg1[, arg2[, ...]])
	String json_object( ... )
	String json_objectagg(arg0, arg1[, arg2, arg3])
	String json_query( ... )
	String json_remove(IMPLICIT_JSON arg0, STRING arg1)
	String json_replace(IMPLICIT_JSON arg0, STRING arg1, ANY arg2)
	String json_set(IMPLICIT_JSON arg0, STRING arg1, ANY arg2)
	json_value( ... )
	lagANY value[, INTEGER offset[, ANY default]]
	Date last_day(DATE arg)
	last_valueANY value
	leadANY value[, INTEGER offset[, ANY default]]
	least(COMPARABLE arg0, COMPARABLE arg1[, arg2[, ...]])
	String left(STRING string, INTEGER length)
	Integer length(STRING_OR_CLOB arg)
	String listagg(STRING arg0, STRING arg1)
	Double ln(NUMERIC arg)
	LocalDate local date
	LocalDateTime local datetime
	LocalTime local time
	LocalDate local_date
	LocalDateTime local_datetime
	LocalTime local_time
	Date localtime
	Date localtimestamp
	Integer locate(STRING pattern, STRING string[, INTEGER start])
	Double log(NUMERIC arg0[, NUMERIC arg1])
	Double log10(NUMERIC arg)
	Double log2(NUMERIC arg)
	String lower(STRING string)
	String lpad(string, length[, padding])
	String ltrim(STRING string[, STRING characters])
	Date makedate(INTEGER year, INTEGER dayofyear)
	Date maketime(INTEGER hour, INTEGER min, INTEGER sec)
	max(COMPARABLE arg)
	byte[] md5(arg)
	Integer microsecond(TIME arg)
	min(COMPARABLE arg)
	Integer minute(TIME arg)
	Integer mod(INTEGER arg0, INTEGER arg1)
	Integer month(DATE arg)
	String monthname(DATE arg)
	Date now()
	nth_valueANY value, INTEGER nth
	nullif(arg0, arg1)
	Integer octet_length(STRING_OR_CLOB arg)
	OffsetDateTime offset datetime
	OffsetDateTime offset_datetime
	Integer ordinal(ENUM arg)
	String overlay(STRING string placing STRING replacement from INTEGER start[ for INTEGER length])
	String pad(STRING string with INTEGER length {leading|trailing}[ STRING character])
	Double percent_rank([arg0[, ...]])
	Double pi
	Integer position(STRING pattern in STRING string)
	Double power(NUMERIC arg0, NUMERIC arg1)
	Integer quarter(DATE arg)
	Double radians(NUMERIC arg)
	Double rand([INTEGER seed])
	Long rank([arg0[, ...]])
	Boolean regexp_like(STRING arg0, STRING arg1[, STRING arg2])
	String repeat(STRING string, INTEGER times)
	String replace(STRING string, STRING pattern, STRING replacement)
	String reverse(STRING arg)
	String right(STRING string, INTEGER length)
	round(NUMERIC number[, INTEGER places])
	Long row_number()
	String rpad(string, length[, padding])
	String rtrim(STRING string[, STRING characters])
	Integer second(TIME arg)
	byte[] sha(arg)
	String sha1(arg)
	String sha2(arg0, arg1)
	Integer sign(NUMERIC arg)
	Double sin(NUMERIC arg)
	Double sinh(NUMERIC arg)
	String soundex(arg)
	String space(INTEGER arg)
	sql
	Double sqrt(NUMERIC arg)
	Double stddev(NUMERIC arg)
	Double stddev_pop(NUMERIC arg)
	Double stddev_samp(NUMERIC arg)
	String str(arg)
	String string(ENUM arg)
	subdate(DATE datetime, INTEGER days)
	String substr(STRING string, INTEGER start[, INTEGER length])
	String substring(STRING string{ from|,} INTEGER start[{ for|,} INTEGER length])
	subtime(TIME datetime, TIME time)
	sum(arg)
	Date sysdate()
	Double tan(NUMERIC arg)
	Double tanh(NUMERIC arg)
	String time(arg)
	Date timestamp(arg0[, arg1])
	timestampadd(TEMPORAL_UNIT field, INTEGER magnitude, TEMPORAL datetime)
	Long|Double timestampdiff(TEMPORAL_UNIT field, TEMPORAL start, TEMPORAL end)
	String trim([[{leading|trailing|both} ][STRING arg0 ]from] STRING arg1)
	trunc( ... )
	truncate( ... )
	String upper(STRING string)
	Date utc_date
	Date utc_time
	Date utc_timestamp
	Double var_pop(NUMERIC arg)
	Double var_samp(NUMERIC arg)
	Double variance(NUMERIC arg)
	Integer week(DATE arg)
	Integer year(DATE arg)

2026-03-25 17:06:01 DEBUG core:211 - HHH000513: Unable to create the ReflectionOptimizer for [com.test.Books]: private accessor [b_author]
2026-03-25 17:06:01 DEBUG service:102 - HHH010454: EventListenerRegistry access via ServiceRegistry is deprecated - use 'sessionFactory.getEventEngine().getListenerRegistry()' instead
2026-03-25 17:06:02 DEBUG Table:101 - No alter strings for table: books232
2026-03-25 17:06:02 DEBUG Table:101 - No alter strings for table: books232_SEQ
2026-03-25 17:06:02 DEBUG factoryRegistry:86 - HHH020384: Registering SessionFactory [1c960726-1e15-467a-a309-456a68061fec] (<unnamed>)
2026-03-25 17:06:02 DEBUG core:151 - HHH006588: Opening session [tenant=null]
2026-03-25 17:06:02 DEBUG core:74 - HHH006583: Beginning transaction
2026-03-25 17:07:57 DEBUG service:41 - HHH010455: Adding integrator: org.hibernate.boot.beanvalidation.BeanValidationIntegrator
2026-03-25 17:07:57 DEBUG service:41 - HHH010455: Adding integrator: org.hibernate.cache.internal.CollectionCacheInvalidator
2026-03-25 17:07:57 INFO  core:41 - HHH000001: Hibernate ORM core version 7.3.0.Final
2026-03-25 17:07:57 DEBUG core:155 - HHH000206: 'hibernate.properties' not found
2026-03-25 17:07:57 DEBUG service:41 - HHH010455: Adding integrator: org.hibernate.boot.beanvalidation.BeanValidationIntegrator
2026-03-25 17:07:57 DEBUG service:41 - HHH010455: Adding integrator: org.hibernate.cache.internal.CollectionCacheInvalidator
2026-03-25 17:07:57 DEBUG cache:116 - HHH90001031: Cannot default RegionFactory since no RegionFactory strategies were registered
2026-03-25 17:07:57 DEBUG cache:46 - HHH90001029: Second-level cache disabled
2026-03-25 17:07:57 WARN  pooling:86 - HHH10001002: Using built-in connection pool (not intended for production use)
2026-03-25 17:07:57 DEBUG pooling:34 - HHH10001014: Initializing connection pool with 1 connections
2026-03-25 17:07:57 DEBUG jdbc:457 - HHH100017: Database:
	name: MySQL
	version: 8.0.42
	major: 8
	minor: 0
2026-03-25 17:07:57 DEBUG jdbc:463 - HHH100018: Driver:
	name: MySQL Connector/J
	version: mysql-connector-j-8.0.33 (Revision: 7d6b0800528b6b25c68b52dc10d6c1c8429c100c)
	major: 8
	minor: 0
	JDBC version: 4.2
2026-03-25 17:07:57 DEBUG dialect:93 - HHH035001: Using dialect: org.hibernate.dialect.MySQLDialect, version: 8.0.42
2026-03-25 17:07:57 DEBUG IdentifierHelperBuilder:205 - IdentifierCaseStrategy for both quoted and unquoted identifiers was set to the same strategy [LOWER]; that will likely lead to problems in schema update and validation if using quoted identifiers
2026-03-25 17:07:57 DEBUG jdbc:379 - HHH100122: Using default JDBC fetch size: 0
2026-03-25 17:07:57 INFO  pooling:179 - HHH10001005: Database info:
	Database JDBC URL [jdbc:mysql://localhost:3306/mlamarch]
	Database driver: MySQL Connector/J
	Database dialect: MySQLDialect
	Database version: 8.0.42
	Default catalog/schema: mlamarch/undefined
	Autocommit mode: false
	Isolation level: REPEATABLE_READ
	JDBC fetch size: none
	Pool: DriverManagerConnectionProvider
	Minimum pool size: 1
	Maximum pool size: 20
2026-03-25 17:07:58 DEBUG factory:230 - HHH90020001: Instantiating factory [c6853758-ef89-48ae-a0ce-b625b0f81c5b] with settings: {java.specification.version=25, sun.cpu.isalist=amd64, sun.jnu.encoding=Cp1252, java.class.path=C:\Users\ar.likith\Desktop\sts\Assesment\target\classes;C:\Users\ar.likith\.m2\repository\com\mysql\mysql-connector-j\8.0.33\mysql-connector-j-8.0.33.jar;C:\Users\ar.likith\.m2\repository\com\google\protobuf\protobuf-java\3.21.9\protobuf-java-3.21.9.jar;C:\Users\ar.likith\.m2\repository\org\hibernate\orm\hibernate-core\7.3.0.Final\hibernate-core-7.3.0.Final.jar;C:\Users\ar.likith\.m2\repository\jakarta\persistence\jakarta.persistence-api\3.2.0\jakarta.persistence-api-3.2.0.jar;C:\Users\ar.likith\.m2\repository\jakarta\transaction\jakarta.transaction-api\2.0.1\jakarta.transaction-api-2.0.1.jar;C:\Users\ar.likith\.m2\repository\org\jboss\logging\jboss-logging\3.6.1.Final\jboss-logging-3.6.1.Final.jar;C:\Users\ar.likith\.m2\repository\org\hibernate\models\hibernate-models\1.1.0\hibernate-models-1.1.0.jar;C:\Users\ar.likith\.m2\repository\net\bytebuddy\byte-buddy\1.18.7\byte-buddy-1.18.7.jar;C:\Users\ar.likith\.m2\repository\jakarta\xml\bind\jakarta.xml.bind-api\4.0.4\jakarta.xml.bind-api-4.0.4.jar;C:\Users\ar.likith\.m2\repository\jakarta\activation\jakarta.activation-api\2.1.4\jakarta.activation-api-2.1.4.jar;C:\Users\ar.likith\.m2\repository\org\glassfish\jaxb\jaxb-runtime\4.0.6\jaxb-runtime-4.0.6.jar;C:\Users\ar.likith\.m2\repository\org\glassfish\jaxb\jaxb-core\4.0.6\jaxb-core-4.0.6.jar;C:\Users\ar.likith\.m2\repository\org\eclipse\angus\angus-activation\2.0.3\angus-activation-2.0.3.jar;C:\Users\ar.likith\.m2\repository\org\glassfish\jaxb\txw2\4.0.6\txw2-4.0.6.jar;C:\Users\ar.likith\.m2\repository\com\sun\istack\istack-commons-runtime\4.1.2\istack-commons-runtime-4.1.2.jar;C:\Users\ar.likith\.m2\repository\jakarta\inject\jakarta.inject-api\2.0.1\jakarta.inject-api-2.0.1.jar;C:\Users\ar.likith\.m2\repository\org\antlr\antlr4-runtime\4.13.2\antlr4-runtime-4.13.2.jar;C:\Users\ar.likith\.m2\repository\org\apache\logging\log4j\log4j-core\2.17.1\log4j-core-2.17.1.jar;C:\Users\ar.likith\.m2\repository\org\apache\logging\log4j\log4j-api\2.17.1\log4j-api-2.17.1.jar;C:\Users\ar.likith\.m2\repository\org\apache\logging\log4j\log4j-slf4j-impl\2.17.1\log4j-slf4j-impl-2.17.1.jar;C:\Users\ar.likith\.m2\repository\org\slf4j\slf4j-api\1.7.25\slf4j-api-1.7.25.jar, java.vm.vendor=Eclipse Adoptium, sun.arch.data.model=64, user.variant=, java.vendor.url=https://adoptium.net/, user.timezone=Asia/Calcutta, java.vm.specification.version=25, os.name=Windows 11, sun.java.launcher=SUN_STANDARD, user.country=US, sun.boot.library.path=C:\Users\ar.likith\Downloads\sts-5.1.1.RELEASE\plugins\org.eclipse.justj.openjdk.hotspot.jre.full.win32.x86_64_25.0.2.v20260203-1141\jre\bin, sun.java.command=com.test.HQLTest, jdk.debug=release, sun.cpu.endian=little, user.home=C:\Users\ar.likith, user.language=en, java.specification.vendor=Oracle Corporation, java.version.date=2026-01-20, java.home=C:\Users\ar.likith\Downloads\sts-5.1.1.RELEASE\plugins\org.eclipse.justj.openjdk.hotspot.jre.full.win32.x86_64_25.0.2.v20260203-1141\jre, file.separator=\, java.vm.compressedOopsMode=Zero based, line.separator=
, java.vm.specification.vendor=Oracle Corporation, java.specification.name=Java Platform API Specification, hibernate.hbm2ddl.auto=update, user.script=, sun.management.compiler=HotSpot 64-Bit Tiered Compilers, java.runtime.version=25.0.2+10-LTS, user.name=ar.likith, stdout.encoding=UTF-8, path.separator=;, hibernate.connection.username=****, os.version=10.0, java.runtime.name=OpenJDK Runtime Environment, hibernate.connection.url=jdbc:mysql://localhost:3306/mlamarch, file.encoding=UTF-8, java.vm.name=OpenJDK 64-Bit Server VM, hibernate.show_sql=true, java.vendor.version=Temurin-25.0.2+10, hibernate.current_session_context_class=thread, hibernate.connection.driver_class=com.mysql.cj.jdbc.Driver, java.vendor.url.bug=https://github.com/adoptium/adoptium-support/issues, java.io.tmpdir=C:\Users\ARBCDF~1.LIK\AppData\Local\Temp\, java.version=25.0.2, user.dir=C:\Users\ar.likith\Desktop\sts\Assesment, os.arch=amd64, java.vm.specification.name=Java Virtual Machine Specification, hibernate.connection.password=****, sun.os.patch.level=, hibernate.boot.CfgXmlAccessService.key=org.hibernate.boot.cfgxml.spi.LoadedConfig@3520963d, native.encoding=Cp1252, java.library.path=C:\Users\ar.likith\Downloads\sts-5.1.1.RELEASE\plugins\org.eclipse.justj.openjdk.hotspot.jre.full.win32.x86_64_25.0.2.v20260203-1141\jre\bin;C:\WINDOWS\Sun\Java\bin;C:\WINDOWS\system32;C:\WINDOWS;C:/Users/ar.likith/Downloads/sts-5.1.1.RELEASE//plugins/org.eclipse.justj.openjdk.hotspot.jre.full.win32.x86_64_25.0.2.v20260203-1141/jre/bin/server;C:/Users/ar.likith/Downloads/sts-5.1.1.RELEASE//plugins/org.eclipse.justj.openjdk.hotspot.jre.full.win32.x86_64_25.0.2.v20260203-1141/jre/bin;C:\Program Files\Microsoft\jdk-11.0.23.9-hotspot\bin;C:\Program Files\Microsoft\jdk-17.0.15.6-hotspot\bin;C:\Program Files\Python313\Scripts\;C:\Program Files\Python313\;%SystemRoot%\system32;%SystemRoot%;%SystemRoot%\System32\Wbem;%SYSTEMROOT%\System32\WindowsPowerShell\v1.0\;%SYSTEMROOT%\System32\OpenSSH\;C:\Program Files (x86)\Microsoft SQL Server\160\Tools\Binn\;C:\Program Files\Microsoft SQL Server\160\Tools\Binn\;C:\Program Files\Microsoft SQL Server\Client SDK\ODBC\170\Tools\Binn\;C:\Program Files\Microsoft SQL Server\160\DTS\Binn\;C:\Program Files\dotnet\;C:\Program Files\Microsoft VS Code\bin;C:\Program Files\Git\cmd;C:\Program Files\apache-maven-3.9.10\bin;C:\Program Files\nodejs\;C:\Program Files\PuTTY\;C:\Program Files (x86)\Microsoft SQL Server\160\DTS\Binn\;C:\Program Files\apache-maven-3.9.10\bin;C:\Program Files\apache-maven-3.9.10\bin;C:\Program Files\apache-maven-3.9.10\bin;C:\Program Files\apache-maven-3.9.10\bin;C:\Program Files\apache-maven-3.9.10\bin;C:\Users\ar.likith\AppData\Local\Microsoft\WindowsApps;;C:\Users\ar.likith\Downloads\sts-5.1.1.RELEASE;;., stderr.encoding=UTF-8, java.vendor=Eclipse Adoptium, java.vm.info=mixed mode, sharing, java.vm.version=25.0.2+10-LTS, stdin.encoding=Cp1252, sun.io.unicode.encoding=UnicodeLittle, java.class.version=69.0}
2026-03-25 17:07:58 DEBUG HQL_FUNCTIONS:155 - Available HQL Functions:
	abs(NUMERIC arg)
	Double acos(NUMERIC arg)
	adddate(DATE datetime, INTEGER days)
	addtime(TIME datetime, TIME time)
	Boolean any(BOOLEAN arg)
	Integer ascii(STRING arg)
	Double asin(NUMERIC arg)
	Double atan(NUMERIC arg)
	Double atan2(NUMERIC arg0, NUMERIC arg1)
	avg(arg)
	bit_and(arg)
	Integer bit_length(STRING_OR_CLOB arg)
	bit_or(arg)
	bitand(arg0, arg1)
	bitnot(arg)
	bitor(arg0, arg1)
	bitxor(arg0, arg1)
	cast(arg as Type)
	ceiling(NUMERIC arg)
	Character char(INTEGER arg)
	Integer character_length(STRING_OR_CLOB arg)
	Character chr(INTEGER arg)
	coalesce(arg0[, arg1[, ...]])
	String collate(STRING string as COLLATION collation)
	String concat(STRING string0[, STRING string1[, ...]])
	Double cos(NUMERIC arg)
	Double cosh(NUMERIC arg)
	Double cot(NUMERIC arg)
	Long count([distinct ]{arg|*})
	Integer crc32(arg)
	Double cume_dist([arg0[, ...]])
	Date curdate()
	Date current date
	Date current time
	Date current timestamp
	Date current_date
	Instant current_instant
	Date current_time
	Date current_timestamp
	Date curtime()
	Date date(arg)
	dateadd(TEMPORAL_UNIT field, INTEGER magnitude, TEMPORAL datetime)
	Integer datediff(DATE end, DATE start)
	Integer day(DATE arg)
	String dayname(DATE arg)
	Integer dayofmonth(DATE arg)
	Integer dayofweek(DATE arg)
	Integer dayofyear(DATE arg)
	Double degrees(NUMERIC arg)
	Long dense_rank([arg0[, ...]])
	Boolean every(BOOLEAN arg)
	Double exp(NUMERIC arg)
	extract(TEMPORAL_UNIT field from TEMPORAL arg)
	first_valueANY value
	floor(NUMERIC arg)
	String format(TEMPORAL datetime as STRING pattern)
	greatest(COMPARABLE arg0, COMPARABLE arg1[, arg2[, ...]])
	String hex(arg)
	Integer hour(TIME arg)
	ifnull(arg0, arg1)
	String insert(STRING string, INTEGER start, INTEGER length, STRING replacement)
	Instant instant
	Integer instr(STRING string, STRING pattern[, INTEGER start[, INTEGER occurrence]])
	String json_array([arg0[, ...]])
	String json_array_append(IMPLICIT_JSON arg0, STRING arg1, ANY arg2)
	String json_array_insert(IMPLICIT_JSON arg0, STRING arg1, ANY arg2)
	String json_arrayagg(arg0[, arg1])
	Boolean json_exists(IMPLICIT_JSON arg0, STRING arg1)
	String json_insert(IMPLICIT_JSON arg0, STRING arg1, ANY arg2)
	String json_mergepatch(IMPLICIT_JSON arg0, IMPLICIT_JSON arg1[, arg2[, ...]])
	String json_object( ... )
	String json_objectagg(arg0, arg1[, arg2, arg3])
	String json_query( ... )
	String json_remove(IMPLICIT_JSON arg0, STRING arg1)
	String json_replace(IMPLICIT_JSON arg0, STRING arg1, ANY arg2)
	String json_set(IMPLICIT_JSON arg0, STRING arg1, ANY arg2)
	json_value( ... )
	lagANY value[, INTEGER offset[, ANY default]]
	Date last_day(DATE arg)
	last_valueANY value
	leadANY value[, INTEGER offset[, ANY default]]
	least(COMPARABLE arg0, COMPARABLE arg1[, arg2[, ...]])
	String left(STRING string, INTEGER length)
	Integer length(STRING_OR_CLOB arg)
	String listagg(STRING arg0, STRING arg1)
	Double ln(NUMERIC arg)
	LocalDate local date
	LocalDateTime local datetime
	LocalTime local time
	LocalDate local_date
	LocalDateTime local_datetime
	LocalTime local_time
	Date localtime
	Date localtimestamp
	Integer locate(STRING pattern, STRING string[, INTEGER start])
	Double log(NUMERIC arg0[, NUMERIC arg1])
	Double log10(NUMERIC arg)
	Double log2(NUMERIC arg)
	String lower(STRING string)
	String lpad(string, length[, padding])
	String ltrim(STRING string[, STRING characters])
	Date makedate(INTEGER year, INTEGER dayofyear)
	Date maketime(INTEGER hour, INTEGER min, INTEGER sec)
	max(COMPARABLE arg)
	byte[] md5(arg)
	Integer microsecond(TIME arg)
	min(COMPARABLE arg)
	Integer minute(TIME arg)
	Integer mod(INTEGER arg0, INTEGER arg1)
	Integer month(DATE arg)
	String monthname(DATE arg)
	Date now()
	nth_valueANY value, INTEGER nth
	nullif(arg0, arg1)
	Integer octet_length(STRING_OR_CLOB arg)
	OffsetDateTime offset datetime
	OffsetDateTime offset_datetime
	Integer ordinal(ENUM arg)
	String overlay(STRING string placing STRING replacement from INTEGER start[ for INTEGER length])
	String pad(STRING string with INTEGER length {leading|trailing}[ STRING character])
	Double percent_rank([arg0[, ...]])
	Double pi
	Integer position(STRING pattern in STRING string)
	Double power(NUMERIC arg0, NUMERIC arg1)
	Integer quarter(DATE arg)
	Double radians(NUMERIC arg)
	Double rand([INTEGER seed])
	Long rank([arg0[, ...]])
	Boolean regexp_like(STRING arg0, STRING arg1[, STRING arg2])
	String repeat(STRING string, INTEGER times)
	String replace(STRING string, STRING pattern, STRING replacement)
	String reverse(STRING arg)
	String right(STRING string, INTEGER length)
	round(NUMERIC number[, INTEGER places])
	Long row_number()
	String rpad(string, length[, padding])
	String rtrim(STRING string[, STRING characters])
	Integer second(TIME arg)
	byte[] sha(arg)
	String sha1(arg)
	String sha2(arg0, arg1)
	Integer sign(NUMERIC arg)
	Double sin(NUMERIC arg)
	Double sinh(NUMERIC arg)
	String soundex(arg)
	String space(INTEGER arg)
	sql
	Double sqrt(NUMERIC arg)
	Double stddev(NUMERIC arg)
	Double stddev_pop(NUMERIC arg)
	Double stddev_samp(NUMERIC arg)
	String str(arg)
	String string(ENUM arg)
	subdate(DATE datetime, INTEGER days)
	String substr(STRING string, INTEGER start[, INTEGER length])
	String substring(STRING string{ from|,} INTEGER start[{ for|,} INTEGER length])
	subtime(TIME datetime, TIME time)
	sum(arg)
	Date sysdate()
	Double tan(NUMERIC arg)
	Double tanh(NUMERIC arg)
	String time(arg)
	Date timestamp(arg0[, arg1])
	timestampadd(TEMPORAL_UNIT field, INTEGER magnitude, TEMPORAL datetime)
	Long|Double timestampdiff(TEMPORAL_UNIT field, TEMPORAL start, TEMPORAL end)
	String trim([[{leading|trailing|both} ][STRING arg0 ]from] STRING arg1)
	trunc( ... )
	truncate( ... )
	String upper(STRING string)
	Date utc_date
	Date utc_time
	Date utc_timestamp
	Double var_pop(NUMERIC arg)
	Double var_samp(NUMERIC arg)
	Double variance(NUMERIC arg)
	Integer week(DATE arg)
	Integer year(DATE arg)

2026-03-25 17:07:58 DEBUG core:211 - HHH000513: Unable to create the ReflectionOptimizer for [com.test.Books]: private accessor [b_author]
2026-03-25 17:07:58 DEBUG service:102 - HHH010454: EventListenerRegistry access via ServiceRegistry is deprecated - use 'sessionFactory.getEventEngine().getListenerRegistry()' instead
2026-03-25 17:07:58 DEBUG Table:101 - No alter strings for table: books232
2026-03-25 17:07:58 DEBUG Table:101 - No alter strings for table: books232_SEQ
2026-03-25 17:07:58 DEBUG factoryRegistry:86 - HHH020384: Registering SessionFactory [c6853758-ef89-48ae-a0ce-b625b0f81c5b] (<unnamed>)
2026-03-25 17:07:58 DEBUG core:151 - HHH006588: Opening session [tenant=null]
2026-03-25 17:07:58 DEBUG core:74 - HHH006583: Beginning transaction
2026-03-25 17:08:16 DEBUG service:41 - HHH010455: Adding integrator: org.hibernate.boot.beanvalidation.BeanValidationIntegrator
2026-03-25 17:08:16 DEBUG service:41 - HHH010455: Adding integrator: org.hibernate.cache.internal.CollectionCacheInvalidator
2026-03-25 17:08:16 INFO  core:41 - HHH000001: Hibernate ORM core version 7.3.0.Final
2026-03-25 17:08:16 DEBUG core:155 - HHH000206: 'hibernate.properties' not found
2026-03-25 17:08:16 DEBUG service:41 - HHH010455: Adding integrator: org.hibernate.boot.beanvalidation.BeanValidationIntegrator
2026-03-25 17:08:16 DEBUG service:41 - HHH010455: Adding integrator: org.hibernate.cache.internal.CollectionCacheInvalidator
2026-03-25 17:08:16 DEBUG cache:116 - HHH90001031: Cannot default RegionFactory since no RegionFactory strategies were registered
2026-03-25 17:08:16 DEBUG cache:46 - HHH90001029: Second-level cache disabled
2026-03-25 17:08:16 WARN  pooling:86 - HHH10001002: Using built-in connection pool (not intended for production use)
2026-03-25 17:08:16 DEBUG pooling:34 - HHH10001014: Initializing connection pool with 1 connections
2026-03-25 17:08:16 DEBUG jdbc:457 - HHH100017: Database:
	name: MySQL
	version: 8.0.42
	major: 8
	minor: 0
2026-03-25 17:08:16 DEBUG jdbc:463 - HHH100018: Driver:
	name: MySQL Connector/J
	version: mysql-connector-j-8.0.33 (Revision: 7d6b0800528b6b25c68b52dc10d6c1c8429c100c)
	major: 8
	minor: 0
	JDBC version: 4.2
2026-03-25 17:08:16 DEBUG dialect:93 - HHH035001: Using dialect: org.hibernate.dialect.MySQLDialect, version: 8.0.42
2026-03-25 17:08:16 DEBUG IdentifierHelperBuilder:205 - IdentifierCaseStrategy for both quoted and unquoted identifiers was set to the same strategy [LOWER]; that will likely lead to problems in schema update and validation if using quoted identifiers
2026-03-25 17:08:16 DEBUG jdbc:379 - HHH100122: Using default JDBC fetch size: 0
2026-03-25 17:08:16 INFO  pooling:179 - HHH10001005: Database info:
	Database JDBC URL [jdbc:mysql://localhost:3306/mlamarch]
	Database driver: MySQL Connector/J
	Database dialect: MySQLDialect
	Database version: 8.0.42
	Default catalog/schema: mlamarch/undefined
	Autocommit mode: false
	Isolation level: REPEATABLE_READ
	JDBC fetch size: none
	Pool: DriverManagerConnectionProvider
	Minimum pool size: 1
	Maximum pool size: 20
2026-03-25 17:08:17 DEBUG factory:230 - HHH90020001: Instantiating factory [36f52354-e4e4-4912-a99e-b0910e590b50] with settings: {java.specification.version=25, sun.cpu.isalist=amd64, sun.jnu.encoding=Cp1252, java.class.path=C:\Users\ar.likith\Desktop\sts\Assesment\target\classes;C:\Users\ar.likith\.m2\repository\com\mysql\mysql-connector-j\8.0.33\mysql-connector-j-8.0.33.jar;C:\Users\ar.likith\.m2\repository\com\google\protobuf\protobuf-java\3.21.9\protobuf-java-3.21.9.jar;C:\Users\ar.likith\.m2\repository\org\hibernate\orm\hibernate-core\7.3.0.Final\hibernate-core-7.3.0.Final.jar;C:\Users\ar.likith\.m2\repository\jakarta\persistence\jakarta.persistence-api\3.2.0\jakarta.persistence-api-3.2.0.jar;C:\Users\ar.likith\.m2\repository\jakarta\transaction\jakarta.transaction-api\2.0.1\jakarta.transaction-api-2.0.1.jar;C:\Users\ar.likith\.m2\repository\org\jboss\logging\jboss-logging\3.6.1.Final\jboss-logging-3.6.1.Final.jar;C:\Users\ar.likith\.m2\repository\org\hibernate\models\hibernate-models\1.1.0\hibernate-models-1.1.0.jar;C:\Users\ar.likith\.m2\repository\net\bytebuddy\byte-buddy\1.18.7\byte-buddy-1.18.7.jar;C:\Users\ar.likith\.m2\repository\jakarta\xml\bind\jakarta.xml.bind-api\4.0.4\jakarta.xml.bind-api-4.0.4.jar;C:\Users\ar.likith\.m2\repository\jakarta\activation\jakarta.activation-api\2.1.4\jakarta.activation-api-2.1.4.jar;C:\Users\ar.likith\.m2\repository\org\glassfish\jaxb\jaxb-runtime\4.0.6\jaxb-runtime-4.0.6.jar;C:\Users\ar.likith\.m2\repository\org\glassfish\jaxb\jaxb-core\4.0.6\jaxb-core-4.0.6.jar;C:\Users\ar.likith\.m2\repository\org\eclipse\angus\angus-activation\2.0.3\angus-activation-2.0.3.jar;C:\Users\ar.likith\.m2\repository\org\glassfish\jaxb\txw2\4.0.6\txw2-4.0.6.jar;C:\Users\ar.likith\.m2\repository\com\sun\istack\istack-commons-runtime\4.1.2\istack-commons-runtime-4.1.2.jar;C:\Users\ar.likith\.m2\repository\jakarta\inject\jakarta.inject-api\2.0.1\jakarta.inject-api-2.0.1.jar;C:\Users\ar.likith\.m2\repository\org\antlr\antlr4-runtime\4.13.2\antlr4-runtime-4.13.2.jar;C:\Users\ar.likith\.m2\repository\org\apache\logging\log4j\log4j-core\2.17.1\log4j-core-2.17.1.jar;C:\Users\ar.likith\.m2\repository\org\apache\logging\log4j\log4j-api\2.17.1\log4j-api-2.17.1.jar;C:\Users\ar.likith\.m2\repository\org\apache\logging\log4j\log4j-slf4j-impl\2.17.1\log4j-slf4j-impl-2.17.1.jar;C:\Users\ar.likith\.m2\repository\org\slf4j\slf4j-api\1.7.25\slf4j-api-1.7.25.jar, java.vm.vendor=Eclipse Adoptium, sun.arch.data.model=64, user.variant=, java.vendor.url=https://adoptium.net/, user.timezone=Asia/Calcutta, java.vm.specification.version=25, os.name=Windows 11, sun.java.launcher=SUN_STANDARD, user.country=US, sun.boot.library.path=C:\Users\ar.likith\Downloads\sts-5.1.1.RELEASE\plugins\org.eclipse.justj.openjdk.hotspot.jre.full.win32.x86_64_25.0.2.v20260203-1141\jre\bin, sun.java.command=com.test.HQLTest, jdk.debug=release, sun.cpu.endian=little, user.home=C:\Users\ar.likith, user.language=en, java.specification.vendor=Oracle Corporation, java.version.date=2026-01-20, java.home=C:\Users\ar.likith\Downloads\sts-5.1.1.RELEASE\plugins\org.eclipse.justj.openjdk.hotspot.jre.full.win32.x86_64_25.0.2.v20260203-1141\jre, file.separator=\, java.vm.compressedOopsMode=Zero based, line.separator=
, java.vm.specification.vendor=Oracle Corporation, java.specification.name=Java Platform API Specification, hibernate.hbm2ddl.auto=update, user.script=, sun.management.compiler=HotSpot 64-Bit Tiered Compilers, java.runtime.version=25.0.2+10-LTS, user.name=ar.likith, stdout.encoding=UTF-8, path.separator=;, hibernate.connection.username=****, os.version=10.0, java.runtime.name=OpenJDK Runtime Environment, hibernate.connection.url=jdbc:mysql://localhost:3306/mlamarch, file.encoding=UTF-8, java.vm.name=OpenJDK 64-Bit Server VM, hibernate.show_sql=true, java.vendor.version=Temurin-25.0.2+10, hibernate.current_session_context_class=thread, hibernate.connection.driver_class=com.mysql.cj.jdbc.Driver, java.vendor.url.bug=https://github.com/adoptium/adoptium-support/issues, java.io.tmpdir=C:\Users\ARBCDF~1.LIK\AppData\Local\Temp\, java.version=25.0.2, user.dir=C:\Users\ar.likith\Desktop\sts\Assesment, os.arch=amd64, java.vm.specification.name=Java Virtual Machine Specification, hibernate.connection.password=****, sun.os.patch.level=, hibernate.boot.CfgXmlAccessService.key=org.hibernate.boot.cfgxml.spi.LoadedConfig@3520963d, native.encoding=Cp1252, java.library.path=C:\Users\ar.likith\Downloads\sts-5.1.1.RELEASE\plugins\org.eclipse.justj.openjdk.hotspot.jre.full.win32.x86_64_25.0.2.v20260203-1141\jre\bin;C:\WINDOWS\Sun\Java\bin;C:\WINDOWS\system32;C:\WINDOWS;C:/Users/ar.likith/Downloads/sts-5.1.1.RELEASE//plugins/org.eclipse.justj.openjdk.hotspot.jre.full.win32.x86_64_25.0.2.v20260203-1141/jre/bin/server;C:/Users/ar.likith/Downloads/sts-5.1.1.RELEASE//plugins/org.eclipse.justj.openjdk.hotspot.jre.full.win32.x86_64_25.0.2.v20260203-1141/jre/bin;C:\Program Files\Microsoft\jdk-11.0.23.9-hotspot\bin;C:\Program Files\Microsoft\jdk-17.0.15.6-hotspot\bin;C:\Program Files\Python313\Scripts\;C:\Program Files\Python313\;%SystemRoot%\system32;%SystemRoot%;%SystemRoot%\System32\Wbem;%SYSTEMROOT%\System32\WindowsPowerShell\v1.0\;%SYSTEMROOT%\System32\OpenSSH\;C:\Program Files (x86)\Microsoft SQL Server\160\Tools\Binn\;C:\Program Files\Microsoft SQL Server\160\Tools\Binn\;C:\Program Files\Microsoft SQL Server\Client SDK\ODBC\170\Tools\Binn\;C:\Program Files\Microsoft SQL Server\160\DTS\Binn\;C:\Program Files\dotnet\;C:\Program Files\Microsoft VS Code\bin;C:\Program Files\Git\cmd;C:\Program Files\apache-maven-3.9.10\bin;C:\Program Files\nodejs\;C:\Program Files\PuTTY\;C:\Program Files (x86)\Microsoft SQL Server\160\DTS\Binn\;C:\Program Files\apache-maven-3.9.10\bin;C:\Program Files\apache-maven-3.9.10\bin;C:\Program Files\apache-maven-3.9.10\bin;C:\Program Files\apache-maven-3.9.10\bin;C:\Program Files\apache-maven-3.9.10\bin;C:\Users\ar.likith\AppData\Local\Microsoft\WindowsApps;;C:\Users\ar.likith\Downloads\sts-5.1.1.RELEASE;;., stderr.encoding=UTF-8, java.vendor=Eclipse Adoptium, java.vm.info=mixed mode, sharing, java.vm.version=25.0.2+10-LTS, stdin.encoding=Cp1252, sun.io.unicode.encoding=UnicodeLittle, java.class.version=69.0}
2026-03-25 17:08:17 DEBUG HQL_FUNCTIONS:155 - Available HQL Functions:
	abs(NUMERIC arg)
	Double acos(NUMERIC arg)
	adddate(DATE datetime, INTEGER days)
	addtime(TIME datetime, TIME time)
	Boolean any(BOOLEAN arg)
	Integer ascii(STRING arg)
	Double asin(NUMERIC arg)
	Double atan(NUMERIC arg)
	Double atan2(NUMERIC arg0, NUMERIC arg1)
	avg(arg)
	bit_and(arg)
	Integer bit_length(STRING_OR_CLOB arg)
	bit_or(arg)
	bitand(arg0, arg1)
	bitnot(arg)
	bitor(arg0, arg1)
	bitxor(arg0, arg1)
	cast(arg as Type)
	ceiling(NUMERIC arg)
	Character char(INTEGER arg)
	Integer character_length(STRING_OR_CLOB arg)
	Character chr(INTEGER arg)
	coalesce(arg0[, arg1[, ...]])
	String collate(STRING string as COLLATION collation)
	String concat(STRING string0[, STRING string1[, ...]])
	Double cos(NUMERIC arg)
	Double cosh(NUMERIC arg)
	Double cot(NUMERIC arg)
	Long count([distinct ]{arg|*})
	Integer crc32(arg)
	Double cume_dist([arg0[, ...]])
	Date curdate()
	Date current date
	Date current time
	Date current timestamp
	Date current_date
	Instant current_instant
	Date current_time
	Date current_timestamp
	Date curtime()
	Date date(arg)
	dateadd(TEMPORAL_UNIT field, INTEGER magnitude, TEMPORAL datetime)
	Integer datediff(DATE end, DATE start)
	Integer day(DATE arg)
	String dayname(DATE arg)
	Integer dayofmonth(DATE arg)
	Integer dayofweek(DATE arg)
	Integer dayofyear(DATE arg)
	Double degrees(NUMERIC arg)
	Long dense_rank([arg0[, ...]])
	Boolean every(BOOLEAN arg)
	Double exp(NUMERIC arg)
	extract(TEMPORAL_UNIT field from TEMPORAL arg)
	first_valueANY value
	floor(NUMERIC arg)
	String format(TEMPORAL datetime as STRING pattern)
	greatest(COMPARABLE arg0, COMPARABLE arg1[, arg2[, ...]])
	String hex(arg)
	Integer hour(TIME arg)
	ifnull(arg0, arg1)
	String insert(STRING string, INTEGER start, INTEGER length, STRING replacement)
	Instant instant
	Integer instr(STRING string, STRING pattern[, INTEGER start[, INTEGER occurrence]])
	String json_array([arg0[, ...]])
	String json_array_append(IMPLICIT_JSON arg0, STRING arg1, ANY arg2)
	String json_array_insert(IMPLICIT_JSON arg0, STRING arg1, ANY arg2)
	String json_arrayagg(arg0[, arg1])
	Boolean json_exists(IMPLICIT_JSON arg0, STRING arg1)
	String json_insert(IMPLICIT_JSON arg0, STRING arg1, ANY arg2)
	String json_mergepatch(IMPLICIT_JSON arg0, IMPLICIT_JSON arg1[, arg2[, ...]])
	String json_object( ... )
	String json_objectagg(arg0, arg1[, arg2, arg3])
	String json_query( ... )
	String json_remove(IMPLICIT_JSON arg0, STRING arg1)
	String json_replace(IMPLICIT_JSON arg0, STRING arg1, ANY arg2)
	String json_set(IMPLICIT_JSON arg0, STRING arg1, ANY arg2)
	json_value( ... )
	lagANY value[, INTEGER offset[, ANY default]]
	Date last_day(DATE arg)
	last_valueANY value
	leadANY value[, INTEGER offset[, ANY default]]
	least(COMPARABLE arg0, COMPARABLE arg1[, arg2[, ...]])
	String left(STRING string, INTEGER length)
	Integer length(STRING_OR_CLOB arg)
	String listagg(STRING arg0, STRING arg1)
	Double ln(NUMERIC arg)
	LocalDate local date
	LocalDateTime local datetime
	LocalTime local time
	LocalDate local_date
	LocalDateTime local_datetime
	LocalTime local_time
	Date localtime
	Date localtimestamp
	Integer locate(STRING pattern, STRING string[, INTEGER start])
	Double log(NUMERIC arg0[, NUMERIC arg1])
	Double log10(NUMERIC arg)
	Double log2(NUMERIC arg)
	String lower(STRING string)
	String lpad(string, length[, padding])
	String ltrim(STRING string[, STRING characters])
	Date makedate(INTEGER year, INTEGER dayofyear)
	Date maketime(INTEGER hour, INTEGER min, INTEGER sec)
	max(COMPARABLE arg)
	byte[] md5(arg)
	Integer microsecond(TIME arg)
	min(COMPARABLE arg)
	Integer minute(TIME arg)
	Integer mod(INTEGER arg0, INTEGER arg1)
	Integer month(DATE arg)
	String monthname(DATE arg)
	Date now()
	nth_valueANY value, INTEGER nth
	nullif(arg0, arg1)
	Integer octet_length(STRING_OR_CLOB arg)
	OffsetDateTime offset datetime
	OffsetDateTime offset_datetime
	Integer ordinal(ENUM arg)
	String overlay(STRING string placing STRING replacement from INTEGER start[ for INTEGER length])
	String pad(STRING string with INTEGER length {leading|trailing}[ STRING character])
	Double percent_rank([arg0[, ...]])
	Double pi
	Integer position(STRING pattern in STRING string)
	Double power(NUMERIC arg0, NUMERIC arg1)
	Integer quarter(DATE arg)
	Double radians(NUMERIC arg)
	Double rand([INTEGER seed])
	Long rank([arg0[, ...]])
	Boolean regexp_like(STRING arg0, STRING arg1[, STRING arg2])
	String repeat(STRING string, INTEGER times)
	String replace(STRING string, STRING pattern, STRING replacement)
	String reverse(STRING arg)
	String right(STRING string, INTEGER length)
	round(NUMERIC number[, INTEGER places])
	Long row_number()
	String rpad(string, length[, padding])
	String rtrim(STRING string[, STRING characters])
	Integer second(TIME arg)
	byte[] sha(arg)
	String sha1(arg)
	String sha2(arg0, arg1)
	Integer sign(NUMERIC arg)
	Double sin(NUMERIC arg)
	Double sinh(NUMERIC arg)
	String soundex(arg)
	String space(INTEGER arg)
	sql
	Double sqrt(NUMERIC arg)
	Double stddev(NUMERIC arg)
	Double stddev_pop(NUMERIC arg)
	Double stddev_samp(NUMERIC arg)
	String str(arg)
	String string(ENUM arg)
	subdate(DATE datetime, INTEGER days)
	String substr(STRING string, INTEGER start[, INTEGER length])
	String substring(STRING string{ from|,} INTEGER start[{ for|,} INTEGER length])
	subtime(TIME datetime, TIME time)
	sum(arg)
	Date sysdate()
	Double tan(NUMERIC arg)
	Double tanh(NUMERIC arg)
	String time(arg)
	Date timestamp(arg0[, arg1])
	timestampadd(TEMPORAL_UNIT field, INTEGER magnitude, TEMPORAL datetime)
	Long|Double timestampdiff(TEMPORAL_UNIT field, TEMPORAL start, TEMPORAL end)
	String trim([[{leading|trailing|both} ][STRING arg0 ]from] STRING arg1)
	trunc( ... )
	truncate( ... )
	String upper(STRING string)
	Date utc_date
	Date utc_time
	Date utc_timestamp
	Double var_pop(NUMERIC arg)
	Double var_samp(NUMERIC arg)
	Double variance(NUMERIC arg)
	Integer week(DATE arg)
	Integer year(DATE arg)

2026-03-25 17:08:17 DEBUG core:211 - HHH000513: Unable to create the ReflectionOptimizer for [com.test.Books]: private accessor [b_author]
2026-03-25 17:08:17 DEBUG service:102 - HHH010454: EventListenerRegistry access via ServiceRegistry is deprecated - use 'sessionFactory.getEventEngine().getListenerRegistry()' instead
2026-03-25 17:08:18 DEBUG Table:101 - No alter strings for table: books232
2026-03-25 17:08:18 DEBUG Table:101 - No alter strings for table: books232_SEQ
2026-03-25 17:08:18 DEBUG factoryRegistry:86 - HHH020384: Registering SessionFactory [36f52354-e4e4-4912-a99e-b0910e590b50] (<unnamed>)
2026-03-25 17:08:18 DEBUG core:151 - HHH006588: Opening session [tenant=null]
2026-03-25 17:08:18 DEBUG core:74 - HHH006583: Beginning transaction
2026-03-25 17:08:36 DEBUG service:41 - HHH010455: Adding integrator: org.hibernate.boot.beanvalidation.BeanValidationIntegrator
2026-03-25 17:08:36 DEBUG service:41 - HHH010455: Adding integrator: org.hibernate.cache.internal.CollectionCacheInvalidator
2026-03-25 17:08:36 INFO  core:41 - HHH000001: Hibernate ORM core version 7.3.0.Final
2026-03-25 17:08:36 DEBUG core:155 - HHH000206: 'hibernate.properties' not found
2026-03-25 17:08:36 DEBUG service:41 - HHH010455: Adding integrator: org.hibernate.boot.beanvalidation.BeanValidationIntegrator
2026-03-25 17:08:36 DEBUG service:41 - HHH010455: Adding integrator: org.hibernate.cache.internal.CollectionCacheInvalidator
2026-03-25 17:08:36 DEBUG cache:116 - HHH90001031: Cannot default RegionFactory since no RegionFactory strategies were registered
2026-03-25 17:08:36 DEBUG cache:46 - HHH90001029: Second-level cache disabled
2026-03-25 17:08:37 WARN  pooling:86 - HHH10001002: Using built-in connection pool (not intended for production use)
2026-03-25 17:08:37 DEBUG pooling:34 - HHH10001014: Initializing connection pool with 1 connections
2026-03-25 17:08:37 DEBUG jdbc:457 - HHH100017: Database:
	name: MySQL
	version: 8.0.42
	major: 8
	minor: 0
2026-03-25 17:08:37 DEBUG jdbc:463 - HHH100018: Driver:
	name: MySQL Connector/J
	version: mysql-connector-j-8.0.33 (Revision: 7d6b0800528b6b25c68b52dc10d6c1c8429c100c)
	major: 8
	minor: 0
	JDBC version: 4.2
2026-03-25 17:08:37 DEBUG dialect:93 - HHH035001: Using dialect: org.hibernate.dialect.MySQLDialect, version: 8.0.42
2026-03-25 17:08:37 DEBUG IdentifierHelperBuilder:205 - IdentifierCaseStrategy for both quoted and unquoted identifiers was set to the same strategy [LOWER]; that will likely lead to problems in schema update and validation if using quoted identifiers
2026-03-25 17:08:37 DEBUG jdbc:379 - HHH100122: Using default JDBC fetch size: 0
2026-03-25 17:08:37 INFO  pooling:179 - HHH10001005: Database info:
	Database JDBC URL [jdbc:mysql://localhost:3306/mlamarch]
	Database driver: MySQL Connector/J
	Database dialect: MySQLDialect
	Database version: 8.0.42
	Default catalog/schema: mlamarch/undefined
	Autocommit mode: false
	Isolation level: REPEATABLE_READ
	JDBC fetch size: none
	Pool: DriverManagerConnectionProvider
	Minimum pool size: 1
	Maximum pool size: 20
2026-03-25 17:08:37 DEBUG factory:230 - HHH90020001: Instantiating factory [2d93f992-1905-40dd-9781-9d2cb4aeb583] with settings: {java.specification.version=25, sun.cpu.isalist=amd64, sun.jnu.encoding=Cp1252, java.class.path=C:\Users\ar.likith\Desktop\sts\Assesment\target\classes;C:\Users\ar.likith\.m2\repository\com\mysql\mysql-connector-j\8.0.33\mysql-connector-j-8.0.33.jar;C:\Users\ar.likith\.m2\repository\com\google\protobuf\protobuf-java\3.21.9\protobuf-java-3.21.9.jar;C:\Users\ar.likith\.m2\repository\org\hibernate\orm\hibernate-core\7.3.0.Final\hibernate-core-7.3.0.Final.jar;C:\Users\ar.likith\.m2\repository\jakarta\persistence\jakarta.persistence-api\3.2.0\jakarta.persistence-api-3.2.0.jar;C:\Users\ar.likith\.m2\repository\jakarta\transaction\jakarta.transaction-api\2.0.1\jakarta.transaction-api-2.0.1.jar;C:\Users\ar.likith\.m2\repository\org\jboss\logging\jboss-logging\3.6.1.Final\jboss-logging-3.6.1.Final.jar;C:\Users\ar.likith\.m2\repository\org\hibernate\models\hibernate-models\1.1.0\hibernate-models-1.1.0.jar;C:\Users\ar.likith\.m2\repository\net\bytebuddy\byte-buddy\1.18.7\byte-buddy-1.18.7.jar;C:\Users\ar.likith\.m2\repository\jakarta\xml\bind\jakarta.xml.bind-api\4.0.4\jakarta.xml.bind-api-4.0.4.jar;C:\Users\ar.likith\.m2\repository\jakarta\activation\jakarta.activation-api\2.1.4\jakarta.activation-api-2.1.4.jar;C:\Users\ar.likith\.m2\repository\org\glassfish\jaxb\jaxb-runtime\4.0.6\jaxb-runtime-4.0.6.jar;C:\Users\ar.likith\.m2\repository\org\glassfish\jaxb\jaxb-core\4.0.6\jaxb-core-4.0.6.jar;C:\Users\ar.likith\.m2\repository\org\eclipse\angus\angus-activation\2.0.3\angus-activation-2.0.3.jar;C:\Users\ar.likith\.m2\repository\org\glassfish\jaxb\txw2\4.0.6\txw2-4.0.6.jar;C:\Users\ar.likith\.m2\repository\com\sun\istack\istack-commons-runtime\4.1.2\istack-commons-runtime-4.1.2.jar;C:\Users\ar.likith\.m2\repository\jakarta\inject\jakarta.inject-api\2.0.1\jakarta.inject-api-2.0.1.jar;C:\Users\ar.likith\.m2\repository\org\antlr\antlr4-runtime\4.13.2\antlr4-runtime-4.13.2.jar;C:\Users\ar.likith\.m2\repository\org\apache\logging\log4j\log4j-core\2.17.1\log4j-core-2.17.1.jar;C:\Users\ar.likith\.m2\repository\org\apache\logging\log4j\log4j-api\2.17.1\log4j-api-2.17.1.jar;C:\Users\ar.likith\.m2\repository\org\apache\logging\log4j\log4j-slf4j-impl\2.17.1\log4j-slf4j-impl-2.17.1.jar;C:\Users\ar.likith\.m2\repository\org\slf4j\slf4j-api\1.7.25\slf4j-api-1.7.25.jar, java.vm.vendor=Eclipse Adoptium, sun.arch.data.model=64, user.variant=, java.vendor.url=https://adoptium.net/, user.timezone=Asia/Calcutta, java.vm.specification.version=25, os.name=Windows 11, sun.java.launcher=SUN_STANDARD, user.country=US, sun.boot.library.path=C:\Users\ar.likith\Downloads\sts-5.1.1.RELEASE\plugins\org.eclipse.justj.openjdk.hotspot.jre.full.win32.x86_64_25.0.2.v20260203-1141\jre\bin, sun.java.command=com.test.HQLTest, jdk.debug=release, sun.cpu.endian=little, user.home=C:\Users\ar.likith, user.language=en, java.specification.vendor=Oracle Corporation, java.version.date=2026-01-20, java.home=C:\Users\ar.likith\Downloads\sts-5.1.1.RELEASE\plugins\org.eclipse.justj.openjdk.hotspot.jre.full.win32.x86_64_25.0.2.v20260203-1141\jre, file.separator=\, java.vm.compressedOopsMode=Zero based, line.separator=
, java.vm.specification.vendor=Oracle Corporation, java.specification.name=Java Platform API Specification, hibernate.hbm2ddl.auto=update, user.script=, sun.management.compiler=HotSpot 64-Bit Tiered Compilers, java.runtime.version=25.0.2+10-LTS, user.name=ar.likith, stdout.encoding=UTF-8, path.separator=;, hibernate.connection.username=****, os.version=10.0, java.runtime.name=OpenJDK Runtime Environment, hibernate.connection.url=jdbc:mysql://localhost:3306/mlamarch, file.encoding=UTF-8, java.vm.name=OpenJDK 64-Bit Server VM, hibernate.show_sql=true, java.vendor.version=Temurin-25.0.2+10, hibernate.current_session_context_class=thread, hibernate.connection.driver_class=com.mysql.cj.jdbc.Driver, java.vendor.url.bug=https://github.com/adoptium/adoptium-support/issues, java.io.tmpdir=C:\Users\ARBCDF~1.LIK\AppData\Local\Temp\, java.version=25.0.2, user.dir=C:\Users\ar.likith\Desktop\sts\Assesment, os.arch=amd64, java.vm.specification.name=Java Virtual Machine Specification, hibernate.connection.password=****, sun.os.patch.level=, hibernate.boot.CfgXmlAccessService.key=org.hibernate.boot.cfgxml.spi.LoadedConfig@3520963d, native.encoding=Cp1252, java.library.path=C:\Users\ar.likith\Downloads\sts-5.1.1.RELEASE\plugins\org.eclipse.justj.openjdk.hotspot.jre.full.win32.x86_64_25.0.2.v20260203-1141\jre\bin;C:\WINDOWS\Sun\Java\bin;C:\WINDOWS\system32;C:\WINDOWS;C:/Users/ar.likith/Downloads/sts-5.1.1.RELEASE//plugins/org.eclipse.justj.openjdk.hotspot.jre.full.win32.x86_64_25.0.2.v20260203-1141/jre/bin/server;C:/Users/ar.likith/Downloads/sts-5.1.1.RELEASE//plugins/org.eclipse.justj.openjdk.hotspot.jre.full.win32.x86_64_25.0.2.v20260203-1141/jre/bin;C:\Program Files\Microsoft\jdk-11.0.23.9-hotspot\bin;C:\Program Files\Microsoft\jdk-17.0.15.6-hotspot\bin;C:\Program Files\Python313\Scripts\;C:\Program Files\Python313\;%SystemRoot%\system32;%SystemRoot%;%SystemRoot%\System32\Wbem;%SYSTEMROOT%\System32\WindowsPowerShell\v1.0\;%SYSTEMROOT%\System32\OpenSSH\;C:\Program Files (x86)\Microsoft SQL Server\160\Tools\Binn\;C:\Program Files\Microsoft SQL Server\160\Tools\Binn\;C:\Program Files\Microsoft SQL Server\Client SDK\ODBC\170\Tools\Binn\;C:\Program Files\Microsoft SQL Server\160\DTS\Binn\;C:\Program Files\dotnet\;C:\Program Files\Microsoft VS Code\bin;C:\Program Files\Git\cmd;C:\Program Files\apache-maven-3.9.10\bin;C:\Program Files\nodejs\;C:\Program Files\PuTTY\;C:\Program Files (x86)\Microsoft SQL Server\160\DTS\Binn\;C:\Program Files\apache-maven-3.9.10\bin;C:\Program Files\apache-maven-3.9.10\bin;C:\Program Files\apache-maven-3.9.10\bin;C:\Program Files\apache-maven-3.9.10\bin;C:\Program Files\apache-maven-3.9.10\bin;C:\Users\ar.likith\AppData\Local\Microsoft\WindowsApps;;C:\Users\ar.likith\Downloads\sts-5.1.1.RELEASE;;., stderr.encoding=UTF-8, java.vendor=Eclipse Adoptium, java.vm.info=mixed mode, sharing, java.vm.version=25.0.2+10-LTS, stdin.encoding=Cp1252, sun.io.unicode.encoding=UnicodeLittle, java.class.version=69.0}
2026-03-25 17:08:37 DEBUG HQL_FUNCTIONS:155 - Available HQL Functions:
	abs(NUMERIC arg)
	Double acos(NUMERIC arg)
	adddate(DATE datetime, INTEGER days)
	addtime(TIME datetime, TIME time)
	Boolean any(BOOLEAN arg)
	Integer ascii(STRING arg)
	Double asin(NUMERIC arg)
	Double atan(NUMERIC arg)
	Double atan2(NUMERIC arg0, NUMERIC arg1)
	avg(arg)
	bit_and(arg)
	Integer bit_length(STRING_OR_CLOB arg)
	bit_or(arg)
	bitand(arg0, arg1)
	bitnot(arg)
	bitor(arg0, arg1)
	bitxor(arg0, arg1)
	cast(arg as Type)
	ceiling(NUMERIC arg)
	Character char(INTEGER arg)
	Integer character_length(STRING_OR_CLOB arg)
	Character chr(INTEGER arg)
	coalesce(arg0[, arg1[, ...]])
	String collate(STRING string as COLLATION collation)
	String concat(STRING string0[, STRING string1[, ...]])
	Double cos(NUMERIC arg)
	Double cosh(NUMERIC arg)
	Double cot(NUMERIC arg)
	Long count([distinct ]{arg|*})
	Integer crc32(arg)
	Double cume_dist([arg0[, ...]])
	Date curdate()
	Date current date
	Date current time
	Date current timestamp
	Date current_date
	Instant current_instant
	Date current_time
	Date current_timestamp
	Date curtime()
	Date date(arg)
	dateadd(TEMPORAL_UNIT field, INTEGER magnitude, TEMPORAL datetime)
	Integer datediff(DATE end, DATE start)
	Integer day(DATE arg)
	String dayname(DATE arg)
	Integer dayofmonth(DATE arg)
	Integer dayofweek(DATE arg)
	Integer dayofyear(DATE arg)
	Double degrees(NUMERIC arg)
	Long dense_rank([arg0[, ...]])
	Boolean every(BOOLEAN arg)
	Double exp(NUMERIC arg)
	extract(TEMPORAL_UNIT field from TEMPORAL arg)
	first_valueANY value
	floor(NUMERIC arg)
	String format(TEMPORAL datetime as STRING pattern)
	greatest(COMPARABLE arg0, COMPARABLE arg1[, arg2[, ...]])
	String hex(arg)
	Integer hour(TIME arg)
	ifnull(arg0, arg1)
	String insert(STRING string, INTEGER start, INTEGER length, STRING replacement)
	Instant instant
	Integer instr(STRING string, STRING pattern[, INTEGER start[, INTEGER occurrence]])
	String json_array([arg0[, ...]])
	String json_array_append(IMPLICIT_JSON arg0, STRING arg1, ANY arg2)
	String json_array_insert(IMPLICIT_JSON arg0, STRING arg1, ANY arg2)
	String json_arrayagg(arg0[, arg1])
	Boolean json_exists(IMPLICIT_JSON arg0, STRING arg1)
	String json_insert(IMPLICIT_JSON arg0, STRING arg1, ANY arg2)
	String json_mergepatch(IMPLICIT_JSON arg0, IMPLICIT_JSON arg1[, arg2[, ...]])
	String json_object( ... )
	String json_objectagg(arg0, arg1[, arg2, arg3])
	String json_query( ... )
	String json_remove(IMPLICIT_JSON arg0, STRING arg1)
	String json_replace(IMPLICIT_JSON arg0, STRING arg1, ANY arg2)
	String json_set(IMPLICIT_JSON arg0, STRING arg1, ANY arg2)
	json_value( ... )
	lagANY value[, INTEGER offset[, ANY default]]
	Date last_day(DATE arg)
	last_valueANY value
	leadANY value[, INTEGER offset[, ANY default]]
	least(COMPARABLE arg0, COMPARABLE arg1[, arg2[, ...]])
	String left(STRING string, INTEGER length)
	Integer length(STRING_OR_CLOB arg)
	String listagg(STRING arg0, STRING arg1)
	Double ln(NUMERIC arg)
	LocalDate local date
	LocalDateTime local datetime
	LocalTime local time
	LocalDate local_date
	LocalDateTime local_datetime
	LocalTime local_time
	Date localtime
	Date localtimestamp
	Integer locate(STRING pattern, STRING string[, INTEGER start])
	Double log(NUMERIC arg0[, NUMERIC arg1])
	Double log10(NUMERIC arg)
	Double log2(NUMERIC arg)
	String lower(STRING string)
	String lpad(string, length[, padding])
	String ltrim(STRING string[, STRING characters])
	Date makedate(INTEGER year, INTEGER dayofyear)
	Date maketime(INTEGER hour, INTEGER min, INTEGER sec)
	max(COMPARABLE arg)
	byte[] md5(arg)
	Integer microsecond(TIME arg)
	min(COMPARABLE arg)
	Integer minute(TIME arg)
	Integer mod(INTEGER arg0, INTEGER arg1)
	Integer month(DATE arg)
	String monthname(DATE arg)
	Date now()
	nth_valueANY value, INTEGER nth
	nullif(arg0, arg1)
	Integer octet_length(STRING_OR_CLOB arg)
	OffsetDateTime offset datetime
	OffsetDateTime offset_datetime
	Integer ordinal(ENUM arg)
	String overlay(STRING string placing STRING replacement from INTEGER start[ for INTEGER length])
	String pad(STRING string with INTEGER length {leading|trailing}[ STRING character])
	Double percent_rank([arg0[, ...]])
	Double pi
	Integer position(STRING pattern in STRING string)
	Double power(NUMERIC arg0, NUMERIC arg1)
	Integer quarter(DATE arg)
	Double radians(NUMERIC arg)
	Double rand([INTEGER seed])
	Long rank([arg0[, ...]])
	Boolean regexp_like(STRING arg0, STRING arg1[, STRING arg2])
	String repeat(STRING string, INTEGER times)
	String replace(STRING string, STRING pattern, STRING replacement)
	String reverse(STRING arg)
	String right(STRING string, INTEGER length)
	round(NUMERIC number[, INTEGER places])
	Long row_number()
	String rpad(string, length[, padding])
	String rtrim(STRING string[, STRING characters])
	Integer second(TIME arg)
	byte[] sha(arg)
	String sha1(arg)
	String sha2(arg0, arg1)
	Integer sign(NUMERIC arg)
	Double sin(NUMERIC arg)
	Double sinh(NUMERIC arg)
	String soundex(arg)
	String space(INTEGER arg)
	sql
	Double sqrt(NUMERIC arg)
	Double stddev(NUMERIC arg)
	Double stddev_pop(NUMERIC arg)
	Double stddev_samp(NUMERIC arg)
	String str(arg)
	String string(ENUM arg)
	subdate(DATE datetime, INTEGER days)
	String substr(STRING string, INTEGER start[, INTEGER length])
	String substring(STRING string{ from|,} INTEGER start[{ for|,} INTEGER length])
	subtime(TIME datetime, TIME time)
	sum(arg)
	Date sysdate()
	Double tan(NUMERIC arg)
	Double tanh(NUMERIC arg)
	String time(arg)
	Date timestamp(arg0[, arg1])
	timestampadd(TEMPORAL_UNIT field, INTEGER magnitude, TEMPORAL datetime)
	Long|Double timestampdiff(TEMPORAL_UNIT field, TEMPORAL start, TEMPORAL end)
	String trim([[{leading|trailing|both} ][STRING arg0 ]from] STRING arg1)
	trunc( ... )
	truncate( ... )
	String upper(STRING string)
	Date utc_date
	Date utc_time
	Date utc_timestamp
	Double var_pop(NUMERIC arg)
	Double var_samp(NUMERIC arg)
	Double variance(NUMERIC arg)
	Integer week(DATE arg)
	Integer year(DATE arg)

2026-03-25 17:08:38 DEBUG core:211 - HHH000513: Unable to create the ReflectionOptimizer for [com.test.Books]: private accessor [b_author]
2026-03-25 17:08:38 DEBUG service:102 - HHH010454: EventListenerRegistry access via ServiceRegistry is deprecated - use 'sessionFactory.getEventEngine().getListenerRegistry()' instead
2026-03-25 17:08:38 DEBUG Table:101 - No alter strings for table: books232
2026-03-25 17:08:38 DEBUG Table:101 - No alter strings for table: books232_SEQ
2026-03-25 17:08:38 DEBUG factoryRegistry:86 - HHH020384: Registering SessionFactory [2d93f992-1905-40dd-9781-9d2cb4aeb583] (<unnamed>)
2026-03-25 17:08:38 DEBUG core:151 - HHH006588: Opening session [tenant=null]
2026-03-25 17:08:38 DEBUG core:74 - HHH006583: Beginning transaction
2026-03-25 17:08:38 DEBUG SQL:126 - delete b1_0 from books232 b1_0 where b1_0.id=?
2026-03-25 17:08:38 DEBUG core:87 - HHH006584: Committing transaction
2026-03-25 17:08:59 DEBUG service:41 - HHH010455: Adding integrator: org.hibernate.boot.beanvalidation.BeanValidationIntegrator
2026-03-25 17:08:59 DEBUG service:41 - HHH010455: Adding integrator: org.hibernate.cache.internal.CollectionCacheInvalidator
2026-03-25 17:08:59 INFO  core:41 - HHH000001: Hibernate ORM core version 7.3.0.Final
2026-03-25 17:08:59 DEBUG core:155 - HHH000206: 'hibernate.properties' not found
2026-03-25 17:08:59 DEBUG service:41 - HHH010455: Adding integrator: org.hibernate.boot.beanvalidation.BeanValidationIntegrator
2026-03-25 17:08:59 DEBUG service:41 - HHH010455: Adding integrator: org.hibernate.cache.internal.CollectionCacheInvalidator
2026-03-25 17:08:59 DEBUG cache:116 - HHH90001031: Cannot default RegionFactory since no RegionFactory strategies were registered
2026-03-25 17:08:59 DEBUG cache:46 - HHH90001029: Second-level cache disabled
2026-03-25 17:09:00 WARN  pooling:86 - HHH10001002: Using built-in connection pool (not intended for production use)
2026-03-25 17:09:00 DEBUG pooling:34 - HHH10001014: Initializing connection pool with 1 connections
2026-03-25 17:09:00 DEBUG jdbc:457 - HHH100017: Database:
	name: MySQL
	version: 8.0.42
	major: 8
	minor: 0
2026-03-25 17:09:00 DEBUG jdbc:463 - HHH100018: Driver:
	name: MySQL Connector/J
	version: mysql-connector-j-8.0.33 (Revision: 7d6b0800528b6b25c68b52dc10d6c1c8429c100c)
	major: 8
	minor: 0
	JDBC version: 4.2
2026-03-25 17:09:00 DEBUG dialect:93 - HHH035001: Using dialect: org.hibernate.dialect.MySQLDialect, version: 8.0.42
2026-03-25 17:09:00 DEBUG IdentifierHelperBuilder:205 - IdentifierCaseStrategy for both quoted and unquoted identifiers was set to the same strategy [LOWER]; that will likely lead to problems in schema update and validation if using quoted identifiers
2026-03-25 17:09:00 DEBUG jdbc:379 - HHH100122: Using default JDBC fetch size: 0
2026-03-25 17:09:00 INFO  pooling:179 - HHH10001005: Database info:
	Database JDBC URL [jdbc:mysql://localhost:3306/mlamarch]
	Database driver: MySQL Connector/J
	Database dialect: MySQLDialect
	Database version: 8.0.42
	Default catalog/schema: mlamarch/undefined
	Autocommit mode: false
	Isolation level: REPEATABLE_READ
	JDBC fetch size: none
	Pool: DriverManagerConnectionProvider
	Minimum pool size: 1
	Maximum pool size: 20
2026-03-25 17:09:00 DEBUG factory:230 - HHH90020001: Instantiating factory [eec36552-3bb8-4333-995e-c6b1f6d05e21] with settings: {java.specification.version=25, sun.cpu.isalist=amd64, sun.jnu.encoding=Cp1252, java.class.path=C:\Users\ar.likith\Desktop\sts\Assesment\target\classes;C:\Users\ar.likith\.m2\repository\com\mysql\mysql-connector-j\8.0.33\mysql-connector-j-8.0.33.jar;C:\Users\ar.likith\.m2\repository\com\google\protobuf\protobuf-java\3.21.9\protobuf-java-3.21.9.jar;C:\Users\ar.likith\.m2\repository\org\hibernate\orm\hibernate-core\7.3.0.Final\hibernate-core-7.3.0.Final.jar;C:\Users\ar.likith\.m2\repository\jakarta\persistence\jakarta.persistence-api\3.2.0\jakarta.persistence-api-3.2.0.jar;C:\Users\ar.likith\.m2\repository\jakarta\transaction\jakarta.transaction-api\2.0.1\jakarta.transaction-api-2.0.1.jar;C:\Users\ar.likith\.m2\repository\org\jboss\logging\jboss-logging\3.6.1.Final\jboss-logging-3.6.1.Final.jar;C:\Users\ar.likith\.m2\repository\org\hibernate\models\hibernate-models\1.1.0\hibernate-models-1.1.0.jar;C:\Users\ar.likith\.m2\repository\net\bytebuddy\byte-buddy\1.18.7\byte-buddy-1.18.7.jar;C:\Users\ar.likith\.m2\repository\jakarta\xml\bind\jakarta.xml.bind-api\4.0.4\jakarta.xml.bind-api-4.0.4.jar;C:\Users\ar.likith\.m2\repository\jakarta\activation\jakarta.activation-api\2.1.4\jakarta.activation-api-2.1.4.jar;C:\Users\ar.likith\.m2\repository\org\glassfish\jaxb\jaxb-runtime\4.0.6\jaxb-runtime-4.0.6.jar;C:\Users\ar.likith\.m2\repository\org\glassfish\jaxb\jaxb-core\4.0.6\jaxb-core-4.0.6.jar;C:\Users\ar.likith\.m2\repository\org\eclipse\angus\angus-activation\2.0.3\angus-activation-2.0.3.jar;C:\Users\ar.likith\.m2\repository\org\glassfish\jaxb\txw2\4.0.6\txw2-4.0.6.jar;C:\Users\ar.likith\.m2\repository\com\sun\istack\istack-commons-runtime\4.1.2\istack-commons-runtime-4.1.2.jar;C:\Users\ar.likith\.m2\repository\jakarta\inject\jakarta.inject-api\2.0.1\jakarta.inject-api-2.0.1.jar;C:\Users\ar.likith\.m2\repository\org\antlr\antlr4-runtime\4.13.2\antlr4-runtime-4.13.2.jar;C:\Users\ar.likith\.m2\repository\org\apache\logging\log4j\log4j-core\2.17.1\log4j-core-2.17.1.jar;C:\Users\ar.likith\.m2\repository\org\apache\logging\log4j\log4j-api\2.17.1\log4j-api-2.17.1.jar;C:\Users\ar.likith\.m2\repository\org\apache\logging\log4j\log4j-slf4j-impl\2.17.1\log4j-slf4j-impl-2.17.1.jar;C:\Users\ar.likith\.m2\repository\org\slf4j\slf4j-api\1.7.25\slf4j-api-1.7.25.jar, java.vm.vendor=Eclipse Adoptium, sun.arch.data.model=64, user.variant=, java.vendor.url=https://adoptium.net/, user.timezone=Asia/Calcutta, java.vm.specification.version=25, os.name=Windows 11, sun.java.launcher=SUN_STANDARD, user.country=US, sun.boot.library.path=C:\Users\ar.likith\Downloads\sts-5.1.1.RELEASE\plugins\org.eclipse.justj.openjdk.hotspot.jre.full.win32.x86_64_25.0.2.v20260203-1141\jre\bin, sun.java.command=com.test.HQLTest, jdk.debug=release, sun.cpu.endian=little, user.home=C:\Users\ar.likith, user.language=en, java.specification.vendor=Oracle Corporation, java.version.date=2026-01-20, java.home=C:\Users\ar.likith\Downloads\sts-5.1.1.RELEASE\plugins\org.eclipse.justj.openjdk.hotspot.jre.full.win32.x86_64_25.0.2.v20260203-1141\jre, file.separator=\, java.vm.compressedOopsMode=Zero based, line.separator=
, java.vm.specification.vendor=Oracle Corporation, java.specification.name=Java Platform API Specification, hibernate.hbm2ddl.auto=update, user.script=, sun.management.compiler=HotSpot 64-Bit Tiered Compilers, java.runtime.version=25.0.2+10-LTS, user.name=ar.likith, stdout.encoding=UTF-8, path.separator=;, hibernate.connection.username=****, os.version=10.0, java.runtime.name=OpenJDK Runtime Environment, hibernate.connection.url=jdbc:mysql://localhost:3306/mlamarch, file.encoding=UTF-8, java.vm.name=OpenJDK 64-Bit Server VM, hibernate.show_sql=true, java.vendor.version=Temurin-25.0.2+10, hibernate.current_session_context_class=thread, hibernate.connection.driver_class=com.mysql.cj.jdbc.Driver, java.vendor.url.bug=https://github.com/adoptium/adoptium-support/issues, java.io.tmpdir=C:\Users\ARBCDF~1.LIK\AppData\Local\Temp\, java.version=25.0.2, user.dir=C:\Users\ar.likith\Desktop\sts\Assesment, os.arch=amd64, java.vm.specification.name=Java Virtual Machine Specification, hibernate.connection.password=****, sun.os.patch.level=, hibernate.boot.CfgXmlAccessService.key=org.hibernate.boot.cfgxml.spi.LoadedConfig@3520963d, native.encoding=Cp1252, java.library.path=C:\Users\ar.likith\Downloads\sts-5.1.1.RELEASE\plugins\org.eclipse.justj.openjdk.hotspot.jre.full.win32.x86_64_25.0.2.v20260203-1141\jre\bin;C:\WINDOWS\Sun\Java\bin;C:\WINDOWS\system32;C:\WINDOWS;C:/Users/ar.likith/Downloads/sts-5.1.1.RELEASE//plugins/org.eclipse.justj.openjdk.hotspot.jre.full.win32.x86_64_25.0.2.v20260203-1141/jre/bin/server;C:/Users/ar.likith/Downloads/sts-5.1.1.RELEASE//plugins/org.eclipse.justj.openjdk.hotspot.jre.full.win32.x86_64_25.0.2.v20260203-1141/jre/bin;C:\Program Files\Microsoft\jdk-11.0.23.9-hotspot\bin;C:\Program Files\Microsoft\jdk-17.0.15.6-hotspot\bin;C:\Program Files\Python313\Scripts\;C:\Program Files\Python313\;%SystemRoot%\system32;%SystemRoot%;%SystemRoot%\System32\Wbem;%SYSTEMROOT%\System32\WindowsPowerShell\v1.0\;%SYSTEMROOT%\System32\OpenSSH\;C:\Program Files (x86)\Microsoft SQL Server\160\Tools\Binn\;C:\Program Files\Microsoft SQL Server\160\Tools\Binn\;C:\Program Files\Microsoft SQL Server\Client SDK\ODBC\170\Tools\Binn\;C:\Program Files\Microsoft SQL Server\160\DTS\Binn\;C:\Program Files\dotnet\;C:\Program Files\Microsoft VS Code\bin;C:\Program Files\Git\cmd;C:\Program Files\apache-maven-3.9.10\bin;C:\Program Files\nodejs\;C:\Program Files\PuTTY\;C:\Program Files (x86)\Microsoft SQL Server\160\DTS\Binn\;C:\Program Files\apache-maven-3.9.10\bin;C:\Program Files\apache-maven-3.9.10\bin;C:\Program Files\apache-maven-3.9.10\bin;C:\Program Files\apache-maven-3.9.10\bin;C:\Program Files\apache-maven-3.9.10\bin;C:\Users\ar.likith\AppData\Local\Microsoft\WindowsApps;;C:\Users\ar.likith\Downloads\sts-5.1.1.RELEASE;;., stderr.encoding=UTF-8, java.vendor=Eclipse Adoptium, java.vm.info=mixed mode, sharing, java.vm.version=25.0.2+10-LTS, stdin.encoding=Cp1252, sun.io.unicode.encoding=UnicodeLittle, java.class.version=69.0}
2026-03-25 17:09:01 DEBUG HQL_FUNCTIONS:155 - Available HQL Functions:
	abs(NUMERIC arg)
	Double acos(NUMERIC arg)
	adddate(DATE datetime, INTEGER days)
	addtime(TIME datetime, TIME time)
	Boolean any(BOOLEAN arg)
	Integer ascii(STRING arg)
	Double asin(NUMERIC arg)
	Double atan(NUMERIC arg)
	Double atan2(NUMERIC arg0, NUMERIC arg1)
	avg(arg)
	bit_and(arg)
	Integer bit_length(STRING_OR_CLOB arg)
	bit_or(arg)
	bitand(arg0, arg1)
	bitnot(arg)
	bitor(arg0, arg1)
	bitxor(arg0, arg1)
	cast(arg as Type)
	ceiling(NUMERIC arg)
	Character char(INTEGER arg)
	Integer character_length(STRING_OR_CLOB arg)
	Character chr(INTEGER arg)
	coalesce(arg0[, arg1[, ...]])
	String collate(STRING string as COLLATION collation)
	String concat(STRING string0[, STRING string1[, ...]])
	Double cos(NUMERIC arg)
	Double cosh(NUMERIC arg)
	Double cot(NUMERIC arg)
	Long count([distinct ]{arg|*})
	Integer crc32(arg)
	Double cume_dist([arg0[, ...]])
	Date curdate()
	Date current date
	Date current time
	Date current timestamp
	Date current_date
	Instant current_instant
	Date current_time
	Date current_timestamp
	Date curtime()
	Date date(arg)
	dateadd(TEMPORAL_UNIT field, INTEGER magnitude, TEMPORAL datetime)
	Integer datediff(DATE end, DATE start)
	Integer day(DATE arg)
	String dayname(DATE arg)
	Integer dayofmonth(DATE arg)
	Integer dayofweek(DATE arg)
	Integer dayofyear(DATE arg)
	Double degrees(NUMERIC arg)
	Long dense_rank([arg0[, ...]])
	Boolean every(BOOLEAN arg)
	Double exp(NUMERIC arg)
	extract(TEMPORAL_UNIT field from TEMPORAL arg)
	first_valueANY value
	floor(NUMERIC arg)
	String format(TEMPORAL datetime as STRING pattern)
	greatest(COMPARABLE arg0, COMPARABLE arg1[, arg2[, ...]])
	String hex(arg)
	Integer hour(TIME arg)
	ifnull(arg0, arg1)
	String insert(STRING string, INTEGER start, INTEGER length, STRING replacement)
	Instant instant
	Integer instr(STRING string, STRING pattern[, INTEGER start[, INTEGER occurrence]])
	String json_array([arg0[, ...]])
	String json_array_append(IMPLICIT_JSON arg0, STRING arg1, ANY arg2)
	String json_array_insert(IMPLICIT_JSON arg0, STRING arg1, ANY arg2)
	String json_arrayagg(arg0[, arg1])
	Boolean json_exists(IMPLICIT_JSON arg0, STRING arg1)
	String json_insert(IMPLICIT_JSON arg0, STRING arg1, ANY arg2)
	String json_mergepatch(IMPLICIT_JSON arg0, IMPLICIT_JSON arg1[, arg2[, ...]])
	String json_object( ... )
	String json_objectagg(arg0, arg1[, arg2, arg3])
	String json_query( ... )
	String json_remove(IMPLICIT_JSON arg0, STRING arg1)
	String json_replace(IMPLICIT_JSON arg0, STRING arg1, ANY arg2)
	String json_set(IMPLICIT_JSON arg0, STRING arg1, ANY arg2)
	json_value( ... )
	lagANY value[, INTEGER offset[, ANY default]]
	Date last_day(DATE arg)
	last_valueANY value
	leadANY value[, INTEGER offset[, ANY default]]
	least(COMPARABLE arg0, COMPARABLE arg1[, arg2[, ...]])
	String left(STRING string, INTEGER length)
	Integer length(STRING_OR_CLOB arg)
	String listagg(STRING arg0, STRING arg1)
	Double ln(NUMERIC arg)
	LocalDate local date
	LocalDateTime local datetime
	LocalTime local time
	LocalDate local_date
	LocalDateTime local_datetime
	LocalTime local_time
	Date localtime
	Date localtimestamp
	Integer locate(STRING pattern, STRING string[, INTEGER start])
	Double log(NUMERIC arg0[, NUMERIC arg1])
	Double log10(NUMERIC arg)
	Double log2(NUMERIC arg)
	String lower(STRING string)
	String lpad(string, length[, padding])
	String ltrim(STRING string[, STRING characters])
	Date makedate(INTEGER year, INTEGER dayofyear)
	Date maketime(INTEGER hour, INTEGER min, INTEGER sec)
	max(COMPARABLE arg)
	byte[] md5(arg)
	Integer microsecond(TIME arg)
	min(COMPARABLE arg)
	Integer minute(TIME arg)
	Integer mod(INTEGER arg0, INTEGER arg1)
	Integer month(DATE arg)
	String monthname(DATE arg)
	Date now()
	nth_valueANY value, INTEGER nth
	nullif(arg0, arg1)
	Integer octet_length(STRING_OR_CLOB arg)
	OffsetDateTime offset datetime
	OffsetDateTime offset_datetime
	Integer ordinal(ENUM arg)
	String overlay(STRING string placing STRING replacement from INTEGER start[ for INTEGER length])
	String pad(STRING string with INTEGER length {leading|trailing}[ STRING character])
	Double percent_rank([arg0[, ...]])
	Double pi
	Integer position(STRING pattern in STRING string)
	Double power(NUMERIC arg0, NUMERIC arg1)
	Integer quarter(DATE arg)
	Double radians(NUMERIC arg)
	Double rand([INTEGER seed])
	Long rank([arg0[, ...]])
	Boolean regexp_like(STRING arg0, STRING arg1[, STRING arg2])
	String repeat(STRING string, INTEGER times)
	String replace(STRING string, STRING pattern, STRING replacement)
	String reverse(STRING arg)
	String right(STRING string, INTEGER length)
	round(NUMERIC number[, INTEGER places])
	Long row_number()
	String rpad(string, length[, padding])
	String rtrim(STRING string[, STRING characters])
	Integer second(TIME arg)
	byte[] sha(arg)
	String sha1(arg)
	String sha2(arg0, arg1)
	Integer sign(NUMERIC arg)
	Double sin(NUMERIC arg)
	Double sinh(NUMERIC arg)
	String soundex(arg)
	String space(INTEGER arg)
	sql
	Double sqrt(NUMERIC arg)
	Double stddev(NUMERIC arg)
	Double stddev_pop(NUMERIC arg)
	Double stddev_samp(NUMERIC arg)
	String str(arg)
	String string(ENUM arg)
	subdate(DATE datetime, INTEGER days)
	String substr(STRING string, INTEGER start[, INTEGER length])
	String substring(STRING string{ from|,} INTEGER start[{ for|,} INTEGER length])
	subtime(TIME datetime, TIME time)
	sum(arg)
	Date sysdate()
	Double tan(NUMERIC arg)
	Double tanh(NUMERIC arg)
	String time(arg)
	Date timestamp(arg0[, arg1])
	timestampadd(TEMPORAL_UNIT field, INTEGER magnitude, TEMPORAL datetime)
	Long|Double timestampdiff(TEMPORAL_UNIT field, TEMPORAL start, TEMPORAL end)
	String trim([[{leading|trailing|both} ][STRING arg0 ]from] STRING arg1)
	trunc( ... )
	truncate( ... )
	String upper(STRING string)
	Date utc_date
	Date utc_time
	Date utc_timestamp
	Double var_pop(NUMERIC arg)
	Double var_samp(NUMERIC arg)
	Double variance(NUMERIC arg)
	Integer week(DATE arg)
	Integer year(DATE arg)

2026-03-25 17:09:01 DEBUG core:211 - HHH000513: Unable to create the ReflectionOptimizer for [com.test.Books]: private accessor [b_author]
2026-03-25 17:09:01 DEBUG service:102 - HHH010454: EventListenerRegistry access via ServiceRegistry is deprecated - use 'sessionFactory.getEventEngine().getListenerRegistry()' instead
2026-03-25 17:09:01 DEBUG Table:101 - No alter strings for table: books232
2026-03-25 17:09:01 DEBUG Table:101 - No alter strings for table: books232_SEQ
2026-03-25 17:09:01 DEBUG factoryRegistry:86 - HHH020384: Registering SessionFactory [eec36552-3bb8-4333-995e-c6b1f6d05e21] (<unnamed>)
2026-03-25 17:09:01 DEBUG core:151 - HHH006588: Opening session [tenant=null]
2026-03-25 17:09:01 DEBUG core:74 - HHH006583: Beginning transaction
2026-03-25 17:09:01 DEBUG SQL:126 - delete b1_0 from books232 b1_0 where b1_0.id=?
2026-03-25 17:09:01 DEBUG core:87 - HHH006584: Committing transaction
2026-03-25 17:09:01 DEBUG SQL:126 - select b1_0.id,b1_0.b_author,b1_0.b_genre,b1_0.b_name,b1_0.b_price from books232 b1_0
2026-03-25 17:09:23 DEBUG service:41 - HHH010455: Adding integrator: org.hibernate.boot.beanvalidation.BeanValidationIntegrator
2026-03-25 17:09:23 DEBUG service:41 - HHH010455: Adding integrator: org.hibernate.cache.internal.CollectionCacheInvalidator
2026-03-25 17:09:23 INFO  core:41 - HHH000001: Hibernate ORM core version 7.3.0.Final
2026-03-25 17:09:23 DEBUG core:155 - HHH000206: 'hibernate.properties' not found
2026-03-25 17:09:23 DEBUG service:41 - HHH010455: Adding integrator: org.hibernate.boot.beanvalidation.BeanValidationIntegrator
2026-03-25 17:09:23 DEBUG service:41 - HHH010455: Adding integrator: org.hibernate.cache.internal.CollectionCacheInvalidator
2026-03-25 17:09:23 DEBUG cache:116 - HHH90001031: Cannot default RegionFactory since no RegionFactory strategies were registered
2026-03-25 17:09:23 DEBUG cache:46 - HHH90001029: Second-level cache disabled
2026-03-25 17:09:23 WARN  pooling:86 - HHH10001002: Using built-in connection pool (not intended for production use)
2026-03-25 17:09:23 DEBUG pooling:34 - HHH10001014: Initializing connection pool with 1 connections
2026-03-25 17:09:23 DEBUG jdbc:457 - HHH100017: Database:
	name: MySQL
	version: 8.0.42
	major: 8
	minor: 0
2026-03-25 17:09:23 DEBUG jdbc:463 - HHH100018: Driver:
	name: MySQL Connector/J
	version: mysql-connector-j-8.0.33 (Revision: 7d6b0800528b6b25c68b52dc10d6c1c8429c100c)
	major: 8
	minor: 0
	JDBC version: 4.2
2026-03-25 17:09:23 DEBUG dialect:93 - HHH035001: Using dialect: org.hibernate.dialect.MySQLDialect, version: 8.0.42
2026-03-25 17:09:23 DEBUG IdentifierHelperBuilder:205 - IdentifierCaseStrategy for both quoted and unquoted identifiers was set to the same strategy [LOWER]; that will likely lead to problems in schema update and validation if using quoted identifiers
2026-03-25 17:09:23 DEBUG jdbc:379 - HHH100122: Using default JDBC fetch size: 0
2026-03-25 17:09:23 INFO  pooling:179 - HHH10001005: Database info:
	Database JDBC URL [jdbc:mysql://localhost:3306/mlamarch]
	Database driver: MySQL Connector/J
	Database dialect: MySQLDialect
	Database version: 8.0.42
	Default catalog/schema: mlamarch/undefined
	Autocommit mode: false
	Isolation level: REPEATABLE_READ
	JDBC fetch size: none
	Pool: DriverManagerConnectionProvider
	Minimum pool size: 1
	Maximum pool size: 20
2026-03-25 17:09:24 DEBUG factory:230 - HHH90020001: Instantiating factory [628ff1a0-17e1-4a13-a8ee-a1dc1c16b77e] with settings: {java.specification.version=25, sun.cpu.isalist=amd64, sun.jnu.encoding=Cp1252, java.class.path=C:\Users\ar.likith\Desktop\sts\Assesment\target\classes;C:\Users\ar.likith\.m2\repository\com\mysql\mysql-connector-j\8.0.33\mysql-connector-j-8.0.33.jar;C:\Users\ar.likith\.m2\repository\com\google\protobuf\protobuf-java\3.21.9\protobuf-java-3.21.9.jar;C:\Users\ar.likith\.m2\repository\org\hibernate\orm\hibernate-core\7.3.0.Final\hibernate-core-7.3.0.Final.jar;C:\Users\ar.likith\.m2\repository\jakarta\persistence\jakarta.persistence-api\3.2.0\jakarta.persistence-api-3.2.0.jar;C:\Users\ar.likith\.m2\repository\jakarta\transaction\jakarta.transaction-api\2.0.1\jakarta.transaction-api-2.0.1.jar;C:\Users\ar.likith\.m2\repository\org\jboss\logging\jboss-logging\3.6.1.Final\jboss-logging-3.6.1.Final.jar;C:\Users\ar.likith\.m2\repository\org\hibernate\models\hibernate-models\1.1.0\hibernate-models-1.1.0.jar;C:\Users\ar.likith\.m2\repository\net\bytebuddy\byte-buddy\1.18.7\byte-buddy-1.18.7.jar;C:\Users\ar.likith\.m2\repository\jakarta\xml\bind\jakarta.xml.bind-api\4.0.4\jakarta.xml.bind-api-4.0.4.jar;C:\Users\ar.likith\.m2\repository\jakarta\activation\jakarta.activation-api\2.1.4\jakarta.activation-api-2.1.4.jar;C:\Users\ar.likith\.m2\repository\org\glassfish\jaxb\jaxb-runtime\4.0.6\jaxb-runtime-4.0.6.jar;C:\Users\ar.likith\.m2\repository\org\glassfish\jaxb\jaxb-core\4.0.6\jaxb-core-4.0.6.jar;C:\Users\ar.likith\.m2\repository\org\eclipse\angus\angus-activation\2.0.3\angus-activation-2.0.3.jar;C:\Users\ar.likith\.m2\repository\org\glassfish\jaxb\txw2\4.0.6\txw2-4.0.6.jar;C:\Users\ar.likith\.m2\repository\com\sun\istack\istack-commons-runtime\4.1.2\istack-commons-runtime-4.1.2.jar;C:\Users\ar.likith\.m2\repository\jakarta\inject\jakarta.inject-api\2.0.1\jakarta.inject-api-2.0.1.jar;C:\Users\ar.likith\.m2\repository\org\antlr\antlr4-runtime\4.13.2\antlr4-runtime-4.13.2.jar;C:\Users\ar.likith\.m2\repository\org\apache\logging\log4j\log4j-core\2.17.1\log4j-core-2.17.1.jar;C:\Users\ar.likith\.m2\repository\org\apache\logging\log4j\log4j-api\2.17.1\log4j-api-2.17.1.jar;C:\Users\ar.likith\.m2\repository\org\apache\logging\log4j\log4j-slf4j-impl\2.17.1\log4j-slf4j-impl-2.17.1.jar;C:\Users\ar.likith\.m2\repository\org\slf4j\slf4j-api\1.7.25\slf4j-api-1.7.25.jar, java.vm.vendor=Eclipse Adoptium, sun.arch.data.model=64, user.variant=, java.vendor.url=https://adoptium.net/, user.timezone=Asia/Calcutta, java.vm.specification.version=25, os.name=Windows 11, sun.java.launcher=SUN_STANDARD, user.country=US, sun.boot.library.path=C:\Users\ar.likith\Downloads\sts-5.1.1.RELEASE\plugins\org.eclipse.justj.openjdk.hotspot.jre.full.win32.x86_64_25.0.2.v20260203-1141\jre\bin, sun.java.command=com.test.HQLTest, jdk.debug=release, sun.cpu.endian=little, user.home=C:\Users\ar.likith, user.language=en, java.specification.vendor=Oracle Corporation, java.version.date=2026-01-20, java.home=C:\Users\ar.likith\Downloads\sts-5.1.1.RELEASE\plugins\org.eclipse.justj.openjdk.hotspot.jre.full.win32.x86_64_25.0.2.v20260203-1141\jre, file.separator=\, java.vm.compressedOopsMode=Zero based, line.separator=
, java.vm.specification.vendor=Oracle Corporation, java.specification.name=Java Platform API Specification, hibernate.hbm2ddl.auto=update, user.script=, sun.management.compiler=HotSpot 64-Bit Tiered Compilers, java.runtime.version=25.0.2+10-LTS, user.name=ar.likith, stdout.encoding=UTF-8, path.separator=;, hibernate.connection.username=****, os.version=10.0, java.runtime.name=OpenJDK Runtime Environment, hibernate.connection.url=jdbc:mysql://localhost:3306/mlamarch, file.encoding=UTF-8, java.vm.name=OpenJDK 64-Bit Server VM, hibernate.show_sql=true, java.vendor.version=Temurin-25.0.2+10, hibernate.current_session_context_class=thread, hibernate.connection.driver_class=com.mysql.cj.jdbc.Driver, java.vendor.url.bug=https://github.com/adoptium/adoptium-support/issues, java.io.tmpdir=C:\Users\ARBCDF~1.LIK\AppData\Local\Temp\, java.version=25.0.2, user.dir=C:\Users\ar.likith\Desktop\sts\Assesment, os.arch=amd64, java.vm.specification.name=Java Virtual Machine Specification, hibernate.connection.password=****, sun.os.patch.level=, hibernate.boot.CfgXmlAccessService.key=org.hibernate.boot.cfgxml.spi.LoadedConfig@3520963d, native.encoding=Cp1252, java.library.path=C:\Users\ar.likith\Downloads\sts-5.1.1.RELEASE\plugins\org.eclipse.justj.openjdk.hotspot.jre.full.win32.x86_64_25.0.2.v20260203-1141\jre\bin;C:\WINDOWS\Sun\Java\bin;C:\WINDOWS\system32;C:\WINDOWS;C:/Users/ar.likith/Downloads/sts-5.1.1.RELEASE//plugins/org.eclipse.justj.openjdk.hotspot.jre.full.win32.x86_64_25.0.2.v20260203-1141/jre/bin/server;C:/Users/ar.likith/Downloads/sts-5.1.1.RELEASE//plugins/org.eclipse.justj.openjdk.hotspot.jre.full.win32.x86_64_25.0.2.v20260203-1141/jre/bin;C:\Program Files\Microsoft\jdk-11.0.23.9-hotspot\bin;C:\Program Files\Microsoft\jdk-17.0.15.6-hotspot\bin;C:\Program Files\Python313\Scripts\;C:\Program Files\Python313\;%SystemRoot%\system32;%SystemRoot%;%SystemRoot%\System32\Wbem;%SYSTEMROOT%\System32\WindowsPowerShell\v1.0\;%SYSTEMROOT%\System32\OpenSSH\;C:\Program Files (x86)\Microsoft SQL Server\160\Tools\Binn\;C:\Program Files\Microsoft SQL Server\160\Tools\Binn\;C:\Program Files\Microsoft SQL Server\Client SDK\ODBC\170\Tools\Binn\;C:\Program Files\Microsoft SQL Server\160\DTS\Binn\;C:\Program Files\dotnet\;C:\Program Files\Microsoft VS Code\bin;C:\Program Files\Git\cmd;C:\Program Files\apache-maven-3.9.10\bin;C:\Program Files\nodejs\;C:\Program Files\PuTTY\;C:\Program Files (x86)\Microsoft SQL Server\160\DTS\Binn\;C:\Program Files\apache-maven-3.9.10\bin;C:\Program Files\apache-maven-3.9.10\bin;C:\Program Files\apache-maven-3.9.10\bin;C:\Program Files\apache-maven-3.9.10\bin;C:\Program Files\apache-maven-3.9.10\bin;C:\Users\ar.likith\AppData\Local\Microsoft\WindowsApps;;C:\Users\ar.likith\Downloads\sts-5.1.1.RELEASE;;., stderr.encoding=UTF-8, java.vendor=Eclipse Adoptium, java.vm.info=mixed mode, sharing, java.vm.version=25.0.2+10-LTS, stdin.encoding=Cp1252, sun.io.unicode.encoding=UnicodeLittle, java.class.version=69.0}
2026-03-25 17:09:24 DEBUG HQL_FUNCTIONS:155 - Available HQL Functions:
	abs(NUMERIC arg)
	Double acos(NUMERIC arg)
	adddate(DATE datetime, INTEGER days)
	addtime(TIME datetime, TIME time)
	Boolean any(BOOLEAN arg)
	Integer ascii(STRING arg)
	Double asin(NUMERIC arg)
	Double atan(NUMERIC arg)
	Double atan2(NUMERIC arg0, NUMERIC arg1)
	avg(arg)
	bit_and(arg)
	Integer bit_length(STRING_OR_CLOB arg)
	bit_or(arg)
	bitand(arg0, arg1)
	bitnot(arg)
	bitor(arg0, arg1)
	bitxor(arg0, arg1)
	cast(arg as Type)
	ceiling(NUMERIC arg)
	Character char(INTEGER arg)
	Integer character_length(STRING_OR_CLOB arg)
	Character chr(INTEGER arg)
	coalesce(arg0[, arg1[, ...]])
	String collate(STRING string as COLLATION collation)
	String concat(STRING string0[, STRING string1[, ...]])
	Double cos(NUMERIC arg)
	Double cosh(NUMERIC arg)
	Double cot(NUMERIC arg)
	Long count([distinct ]{arg|*})
	Integer crc32(arg)
	Double cume_dist([arg0[, ...]])
	Date curdate()
	Date current date
	Date current time
	Date current timestamp
	Date current_date
	Instant current_instant
	Date current_time
	Date current_timestamp
	Date curtime()
	Date date(arg)
	dateadd(TEMPORAL_UNIT field, INTEGER magnitude, TEMPORAL datetime)
	Integer datediff(DATE end, DATE start)
	Integer day(DATE arg)
	String dayname(DATE arg)
	Integer dayofmonth(DATE arg)
	Integer dayofweek(DATE arg)
	Integer dayofyear(DATE arg)
	Double degrees(NUMERIC arg)
	Long dense_rank([arg0[, ...]])
	Boolean every(BOOLEAN arg)
	Double exp(NUMERIC arg)
	extract(TEMPORAL_UNIT field from TEMPORAL arg)
	first_valueANY value
	floor(NUMERIC arg)
	String format(TEMPORAL datetime as STRING pattern)
	greatest(COMPARABLE arg0, COMPARABLE arg1[, arg2[, ...]])
	String hex(arg)
	Integer hour(TIME arg)
	ifnull(arg0, arg1)
	String insert(STRING string, INTEGER start, INTEGER length, STRING replacement)
	Instant instant
	Integer instr(STRING string, STRING pattern[, INTEGER start[, INTEGER occurrence]])
	String json_array([arg0[, ...]])
	String json_array_append(IMPLICIT_JSON arg0, STRING arg1, ANY arg2)
	String json_array_insert(IMPLICIT_JSON arg0, STRING arg1, ANY arg2)
	String json_arrayagg(arg0[, arg1])
	Boolean json_exists(IMPLICIT_JSON arg0, STRING arg1)
	String json_insert(IMPLICIT_JSON arg0, STRING arg1, ANY arg2)
	String json_mergepatch(IMPLICIT_JSON arg0, IMPLICIT_JSON arg1[, arg2[, ...]])
	String json_object( ... )
	String json_objectagg(arg0, arg1[, arg2, arg3])
	String json_query( ... )
	String json_remove(IMPLICIT_JSON arg0, STRING arg1)
	String json_replace(IMPLICIT_JSON arg0, STRING arg1, ANY arg2)
	String json_set(IMPLICIT_JSON arg0, STRING arg1, ANY arg2)
	json_value( ... )
	lagANY value[, INTEGER offset[, ANY default]]
	Date last_day(DATE arg)
	last_valueANY value
	leadANY value[, INTEGER offset[, ANY default]]
	least(COMPARABLE arg0, COMPARABLE arg1[, arg2[, ...]])
	String left(STRING string, INTEGER length)
	Integer length(STRING_OR_CLOB arg)
	String listagg(STRING arg0, STRING arg1)
	Double ln(NUMERIC arg)
	LocalDate local date
	LocalDateTime local datetime
	LocalTime local time
	LocalDate local_date
	LocalDateTime local_datetime
	LocalTime local_time
	Date localtime
	Date localtimestamp
	Integer locate(STRING pattern, STRING string[, INTEGER start])
	Double log(NUMERIC arg0[, NUMERIC arg1])
	Double log10(NUMERIC arg)
	Double log2(NUMERIC arg)
	String lower(STRING string)
	String lpad(string, length[, padding])
	String ltrim(STRING string[, STRING characters])
	Date makedate(INTEGER year, INTEGER dayofyear)
	Date maketime(INTEGER hour, INTEGER min, INTEGER sec)
	max(COMPARABLE arg)
	byte[] md5(arg)
	Integer microsecond(TIME arg)
	min(COMPARABLE arg)
	Integer minute(TIME arg)
	Integer mod(INTEGER arg0, INTEGER arg1)
	Integer month(DATE arg)
	String monthname(DATE arg)
	Date now()
	nth_valueANY value, INTEGER nth
	nullif(arg0, arg1)
	Integer octet_length(STRING_OR_CLOB arg)
	OffsetDateTime offset datetime
	OffsetDateTime offset_datetime
	Integer ordinal(ENUM arg)
	String overlay(STRING string placing STRING replacement from INTEGER start[ for INTEGER length])
	String pad(STRING string with INTEGER length {leading|trailing}[ STRING character])
	Double percent_rank([arg0[, ...]])
	Double pi
	Integer position(STRING pattern in STRING string)
	Double power(NUMERIC arg0, NUMERIC arg1)
	Integer quarter(DATE arg)
	Double radians(NUMERIC arg)
	Double rand([INTEGER seed])
	Long rank([arg0[, ...]])
	Boolean regexp_like(STRING arg0, STRING arg1[, STRING arg2])
	String repeat(STRING string, INTEGER times)
	String replace(STRING string, STRING pattern, STRING replacement)
	String reverse(STRING arg)
	String right(STRING string, INTEGER length)
	round(NUMERIC number[, INTEGER places])
	Long row_number()
	String rpad(string, length[, padding])
	String rtrim(STRING string[, STRING characters])
	Integer second(TIME arg)
	byte[] sha(arg)
	String sha1(arg)
	String sha2(arg0, arg1)
	Integer sign(NUMERIC arg)
	Double sin(NUMERIC arg)
	Double sinh(NUMERIC arg)
	String soundex(arg)
	String space(INTEGER arg)
	sql
	Double sqrt(NUMERIC arg)
	Double stddev(NUMERIC arg)
	Double stddev_pop(NUMERIC arg)
	Double stddev_samp(NUMERIC arg)
	String str(arg)
	String string(ENUM arg)
	subdate(DATE datetime, INTEGER days)
	String substr(STRING string, INTEGER start[, INTEGER length])
	String substring(STRING string{ from|,} INTEGER start[{ for|,} INTEGER length])
	subtime(TIME datetime, TIME time)
	sum(arg)
	Date sysdate()
	Double tan(NUMERIC arg)
	Double tanh(NUMERIC arg)
	String time(arg)
	Date timestamp(arg0[, arg1])
	timestampadd(TEMPORAL_UNIT field, INTEGER magnitude, TEMPORAL datetime)
	Long|Double timestampdiff(TEMPORAL_UNIT field, TEMPORAL start, TEMPORAL end)
	String trim([[{leading|trailing|both} ][STRING arg0 ]from] STRING arg1)
	trunc( ... )
	truncate( ... )
	String upper(STRING string)
	Date utc_date
	Date utc_time
	Date utc_timestamp
	Double var_pop(NUMERIC arg)
	Double var_samp(NUMERIC arg)
	Double variance(NUMERIC arg)
	Integer week(DATE arg)
	Integer year(DATE arg)

2026-03-25 17:09:24 DEBUG core:211 - HHH000513: Unable to create the ReflectionOptimizer for [com.test.Books]: private accessor [b_author]
2026-03-25 17:09:24 DEBUG service:102 - HHH010454: EventListenerRegistry access via ServiceRegistry is deprecated - use 'sessionFactory.getEventEngine().getListenerRegistry()' instead
2026-03-25 17:09:24 DEBUG Table:101 - No alter strings for table: books232
2026-03-25 17:09:24 DEBUG Table:101 - No alter strings for table: books232_SEQ
2026-03-25 17:09:24 DEBUG factoryRegistry:86 - HHH020384: Registering SessionFactory [628ff1a0-17e1-4a13-a8ee-a1dc1c16b77e] (<unnamed>)
2026-03-25 17:09:24 DEBUG core:151 - HHH006588: Opening session [tenant=null]
2026-03-25 17:09:24 DEBUG core:74 - HHH006583: Beginning transaction
2026-03-25 17:09:25 DEBUG SQL:126 - delete b1_0 from books232 b1_0 where b1_0.id=?
2026-03-25 17:09:25 DEBUG core:87 - HHH006584: Committing transaction
2026-03-25 17:09:25 DEBUG SQL:126 - select b1_0.id,b1_0.b_author,b1_0.b_genre,b1_0.b_name,b1_0.b_price from books232 b1_0
2026-03-25 17:10:17 DEBUG service:41 - HHH010455: Adding integrator: org.hibernate.boot.beanvalidation.BeanValidationIntegrator
2026-03-25 17:10:17 DEBUG service:41 - HHH010455: Adding integrator: org.hibernate.cache.internal.CollectionCacheInvalidator
2026-03-25 17:10:17 INFO  core:41 - HHH000001: Hibernate ORM core version 7.3.0.Final
2026-03-25 17:10:17 DEBUG core:155 - HHH000206: 'hibernate.properties' not found
2026-03-25 17:10:17 DEBUG boot:97 - HHH160204: cfg.xml document did not define namespaces; wrapping in custom event reader to introduce namespace information
2026-03-25 17:10:17 DEBUG cache:116 - HHH90001031: Cannot default RegionFactory since no RegionFactory strategies were registered
2026-03-25 17:10:17 DEBUG cache:46 - HHH90001029: Second-level cache disabled
2026-03-25 17:10:18 WARN  pooling:86 - HHH10001002: Using built-in connection pool (not intended for production use)
2026-03-25 17:10:18 DEBUG pooling:34 - HHH10001014: Initializing connection pool with 1 connections
2026-03-25 17:10:18 DEBUG jdbc:457 - HHH100017: Database:
	name: MySQL
	version: 8.0.42
	major: 8
	minor: 0
2026-03-25 17:10:18 DEBUG jdbc:463 - HHH100018: Driver:
	name: MySQL Connector/J
	version: mysql-connector-j-8.0.33 (Revision: 7d6b0800528b6b25c68b52dc10d6c1c8429c100c)
	major: 8
	minor: 0
	JDBC version: 4.2
2026-03-25 17:10:18 WARN  deprecation:152 - HHH90000025: MySQLDialect does not need to be specified explicitly using 'hibernate.dialect' (remove the property setting and it will be selected by default)
2026-03-25 17:10:18 DEBUG dialect:93 - HHH035001: Using dialect: org.hibernate.dialect.MySQLDialect, version: 8.0.42
2026-03-25 17:10:18 DEBUG IdentifierHelperBuilder:205 - IdentifierCaseStrategy for both quoted and unquoted identifiers was set to the same strategy [LOWER]; that will likely lead to problems in schema update and validation if using quoted identifiers
2026-03-25 17:10:18 DEBUG jdbc:379 - HHH100122: Using default JDBC fetch size: 0
2026-03-25 17:10:18 INFO  pooling:179 - HHH10001005: Database info:
	Database JDBC URL [jdbc:mysql://localhost:3306/mlamarch]
	Database driver: MySQL Connector/J
	Database dialect: MySQLDialect
	Database version: 8.0.42
	Default catalog/schema: mlamarch/undefined
	Autocommit mode: false
	Isolation level: REPEATABLE_READ
	JDBC fetch size: none
	Pool: DriverManagerConnectionProvider
	Minimum pool size: 1
	Maximum pool size: 20
2026-03-25 17:10:19 DEBUG factory:230 - HHH90020001: Instantiating factory [0c7c7d40-6062-491f-b901-381de58ec82a] with settings: {hibernate.format_sql=true, java.specification.version=25, sun.cpu.isalist=amd64, sun.jnu.encoding=Cp1252, hibernate.dialect=org.hibernate.dialect.MySQLDialect, java.class.path=C:\Users\ar.likith\Desktop\sts\Assesment\target\classes;C:\Users\ar.likith\.m2\repository\com\mysql\mysql-connector-j\8.0.33\mysql-connector-j-8.0.33.jar;C:\Users\ar.likith\.m2\repository\com\google\protobuf\protobuf-java\3.21.9\protobuf-java-3.21.9.jar;C:\Users\ar.likith\.m2\repository\org\hibernate\orm\hibernate-core\7.3.0.Final\hibernate-core-7.3.0.Final.jar;C:\Users\ar.likith\.m2\repository\jakarta\persistence\jakarta.persistence-api\3.2.0\jakarta.persistence-api-3.2.0.jar;C:\Users\ar.likith\.m2\repository\jakarta\transaction\jakarta.transaction-api\2.0.1\jakarta.transaction-api-2.0.1.jar;C:\Users\ar.likith\.m2\repository\org\jboss\logging\jboss-logging\3.6.1.Final\jboss-logging-3.6.1.Final.jar;C:\Users\ar.likith\.m2\repository\org\hibernate\models\hibernate-models\1.1.0\hibernate-models-1.1.0.jar;C:\Users\ar.likith\.m2\repository\net\bytebuddy\byte-buddy\1.18.7\byte-buddy-1.18.7.jar;C:\Users\ar.likith\.m2\repository\jakarta\xml\bind\jakarta.xml.bind-api\4.0.4\jakarta.xml.bind-api-4.0.4.jar;C:\Users\ar.likith\.m2\repository\jakarta\activation\jakarta.activation-api\2.1.4\jakarta.activation-api-2.1.4.jar;C:\Users\ar.likith\.m2\repository\org\glassfish\jaxb\jaxb-runtime\4.0.6\jaxb-runtime-4.0.6.jar;C:\Users\ar.likith\.m2\repository\org\glassfish\jaxb\jaxb-core\4.0.6\jaxb-core-4.0.6.jar;C:\Users\ar.likith\.m2\repository\org\eclipse\angus\angus-activation\2.0.3\angus-activation-2.0.3.jar;C:\Users\ar.likith\.m2\repository\org\glassfish\jaxb\txw2\4.0.6\txw2-4.0.6.jar;C:\Users\ar.likith\.m2\repository\com\sun\istack\istack-commons-runtime\4.1.2\istack-commons-runtime-4.1.2.jar;C:\Users\ar.likith\.m2\repository\jakarta\inject\jakarta.inject-api\2.0.1\jakarta.inject-api-2.0.1.jar;C:\Users\ar.likith\.m2\repository\org\antlr\antlr4-runtime\4.13.2\antlr4-runtime-4.13.2.jar;C:\Users\ar.likith\.m2\repository\org\apache\logging\log4j\log4j-core\2.17.1\log4j-core-2.17.1.jar;C:\Users\ar.likith\.m2\repository\org\apache\logging\log4j\log4j-api\2.17.1\log4j-api-2.17.1.jar;C:\Users\ar.likith\.m2\repository\org\apache\logging\log4j\log4j-slf4j-impl\2.17.1\log4j-slf4j-impl-2.17.1.jar;C:\Users\ar.likith\.m2\repository\org\slf4j\slf4j-api\1.7.25\slf4j-api-1.7.25.jar, java.vm.vendor=Eclipse Adoptium, sun.arch.data.model=64, hbm2ddl.auto=create, user.variant=, java.vendor.url=https://adoptium.net/, user.timezone=Asia/Calcutta, java.vm.specification.version=25, os.name=Windows 11, sun.java.launcher=SUN_STANDARD, user.country=US, sun.boot.library.path=C:\Users\ar.likith\Downloads\sts-5.1.1.RELEASE\plugins\org.eclipse.justj.openjdk.hotspot.jre.full.win32.x86_64_25.0.2.v20260203-1141\jre\bin, sun.java.command=com.test.InheritanceDemo, jdk.debug=release, sun.cpu.endian=little, user.home=C:\Users\ar.likith, user.language=en, java.specification.vendor=Oracle Corporation, java.version.date=2026-01-20, java.home=C:\Users\ar.likith\Downloads\sts-5.1.1.RELEASE\plugins\org.eclipse.justj.openjdk.hotspot.jre.full.win32.x86_64_25.0.2.v20260203-1141\jre, file.separator=\, java.vm.compressedOopsMode=Zero based, line.separator=
, java.vm.specification.vendor=Oracle Corporation, java.specification.name=Java Platform API Specification, hibernate.hbm2ddl.auto=create, user.script=, sun.management.compiler=HotSpot 64-Bit Tiered Compilers, java.runtime.version=25.0.2+10-LTS, user.name=ar.likith, stdout.encoding=UTF-8, path.separator=;, hibernate.connection.username=****, os.version=10.0, java.runtime.name=OpenJDK Runtime Environment, hibernate.connection.url=jdbc:mysql://localhost:3306/mlamarch, file.encoding=UTF-8, format_sql=true, java.vm.name=OpenJDK 64-Bit Server VM, hibernate.show_sql=true, java.vendor.version=Temurin-25.0.2+10, show_sql=true, hibernate.connection.driver_class=com.mysql.cj.jdbc.Driver, java.vendor.url.bug=https://github.com/adoptium/adoptium-support/issues, java.io.tmpdir=C:\Users\ARBCDF~1.LIK\AppData\Local\Temp\, java.version=25.0.2, user.dir=C:\Users\ar.likith\Desktop\sts\Assesment, os.arch=amd64, java.vm.specification.name=Java Virtual Machine Specification, hibernate.connection.password=****, sun.os.patch.level=, hibernate.boot.CfgXmlAccessService.key=org.hibernate.boot.cfgxml.spi.LoadedConfig@7f3fc42f, native.encoding=Cp1252, java.library.path=C:\Users\ar.likith\Downloads\sts-5.1.1.RELEASE\plugins\org.eclipse.justj.openjdk.hotspot.jre.full.win32.x86_64_25.0.2.v20260203-1141\jre\bin;C:\WINDOWS\Sun\Java\bin;C:\WINDOWS\system32;C:\WINDOWS;C:/Users/ar.likith/Downloads/sts-5.1.1.RELEASE//plugins/org.eclipse.justj.openjdk.hotspot.jre.full.win32.x86_64_25.0.2.v20260203-1141/jre/bin/server;C:/Users/ar.likith/Downloads/sts-5.1.1.RELEASE//plugins/org.eclipse.justj.openjdk.hotspot.jre.full.win32.x86_64_25.0.2.v20260203-1141/jre/bin;C:\Program Files\Microsoft\jdk-11.0.23.9-hotspot\bin;C:\Program Files\Microsoft\jdk-17.0.15.6-hotspot\bin;C:\Program Files\Python313\Scripts\;C:\Program Files\Python313\;%SystemRoot%\system32;%SystemRoot%;%SystemRoot%\System32\Wbem;%SYSTEMROOT%\System32\WindowsPowerShell\v1.0\;%SYSTEMROOT%\System32\OpenSSH\;C:\Program Files (x86)\Microsoft SQL Server\160\Tools\Binn\;C:\Program Files\Microsoft SQL Server\160\Tools\Binn\;C:\Program Files\Microsoft SQL Server\Client SDK\ODBC\170\Tools\Binn\;C:\Program Files\Microsoft SQL Server\160\DTS\Binn\;C:\Program Files\dotnet\;C:\Program Files\Microsoft VS Code\bin;C:\Program Files\Git\cmd;C:\Program Files\apache-maven-3.9.10\bin;C:\Program Files\nodejs\;C:\Program Files\PuTTY\;C:\Program Files (x86)\Microsoft SQL Server\160\DTS\Binn\;C:\Program Files\apache-maven-3.9.10\bin;C:\Program Files\apache-maven-3.9.10\bin;C:\Program Files\apache-maven-3.9.10\bin;C:\Program Files\apache-maven-3.9.10\bin;C:\Program Files\apache-maven-3.9.10\bin;C:\Users\ar.likith\AppData\Local\Microsoft\WindowsApps;;C:\Users\ar.likith\Downloads\sts-5.1.1.RELEASE;;., stderr.encoding=UTF-8, java.vendor=Eclipse Adoptium, java.vm.info=mixed mode, sharing, stdin.encoding=Cp1252, java.vm.version=25.0.2+10-LTS, sun.io.unicode.encoding=UnicodeLittle, java.class.version=69.0}
2026-03-25 17:10:19 DEBUG HQL_FUNCTIONS:155 - Available HQL Functions:
	abs(NUMERIC arg)
	Double acos(NUMERIC arg)
	adddate(DATE datetime, INTEGER days)
	addtime(TIME datetime, TIME time)
	Boolean any(BOOLEAN arg)
	Integer ascii(STRING arg)
	Double asin(NUMERIC arg)
	Double atan(NUMERIC arg)
	Double atan2(NUMERIC arg0, NUMERIC arg1)
	avg(arg)
	bit_and(arg)
	Integer bit_length(STRING_OR_CLOB arg)
	bit_or(arg)
	bitand(arg0, arg1)
	bitnot(arg)
	bitor(arg0, arg1)
	bitxor(arg0, arg1)
	cast(arg as Type)
	ceiling(NUMERIC arg)
	Character char(INTEGER arg)
	Integer character_length(STRING_OR_CLOB arg)
	Character chr(INTEGER arg)
	coalesce(arg0[, arg1[, ...]])
	String collate(STRING string as COLLATION collation)
	String concat(STRING string0[, STRING string1[, ...]])
	Double cos(NUMERIC arg)
	Double cosh(NUMERIC arg)
	Double cot(NUMERIC arg)
	Long count([distinct ]{arg|*})
	Integer crc32(arg)
	Double cume_dist([arg0[, ...]])
	Date curdate()
	Date current date
	Date current time
	Date current timestamp
	Date current_date
	Instant current_instant
	Date current_time
	Date current_timestamp
	Date curtime()
	Date date(arg)
	dateadd(TEMPORAL_UNIT field, INTEGER magnitude, TEMPORAL datetime)
	Integer datediff(DATE end, DATE start)
	Integer day(DATE arg)
	String dayname(DATE arg)
	Integer dayofmonth(DATE arg)
	Integer dayofweek(DATE arg)
	Integer dayofyear(DATE arg)
	Double degrees(NUMERIC arg)
	Long dense_rank([arg0[, ...]])
	Boolean every(BOOLEAN arg)
	Double exp(NUMERIC arg)
	extract(TEMPORAL_UNIT field from TEMPORAL arg)
	first_valueANY value
	floor(NUMERIC arg)
	String format(TEMPORAL datetime as STRING pattern)
	greatest(COMPARABLE arg0, COMPARABLE arg1[, arg2[, ...]])
	String hex(arg)
	Integer hour(TIME arg)
	ifnull(arg0, arg1)
	String insert(STRING string, INTEGER start, INTEGER length, STRING replacement)
	Instant instant
	Integer instr(STRING string, STRING pattern[, INTEGER start[, INTEGER occurrence]])
	String json_array([arg0[, ...]])
	String json_array_append(IMPLICIT_JSON arg0, STRING arg1, ANY arg2)
	String json_array_insert(IMPLICIT_JSON arg0, STRING arg1, ANY arg2)
	String json_arrayagg(arg0[, arg1])
	Boolean json_exists(IMPLICIT_JSON arg0, STRING arg1)
	String json_insert(IMPLICIT_JSON arg0, STRING arg1, ANY arg2)
	String json_mergepatch(IMPLICIT_JSON arg0, IMPLICIT_JSON arg1[, arg2[, ...]])
	String json_object( ... )
	String json_objectagg(arg0, arg1[, arg2, arg3])
	String json_query( ... )
	String json_remove(IMPLICIT_JSON arg0, STRING arg1)
	String json_replace(IMPLICIT_JSON arg0, STRING arg1, ANY arg2)
	String json_set(IMPLICIT_JSON arg0, STRING arg1, ANY arg2)
	json_value( ... )
	lagANY value[, INTEGER offset[, ANY default]]
	Date last_day(DATE arg)
	last_valueANY value
	leadANY value[, INTEGER offset[, ANY default]]
	least(COMPARABLE arg0, COMPARABLE arg1[, arg2[, ...]])
	String left(STRING string, INTEGER length)
	Integer length(STRING_OR_CLOB arg)
	String listagg(STRING arg0, STRING arg1)
	Double ln(NUMERIC arg)
	LocalDate local date
	LocalDateTime local datetime
	LocalTime local time
	LocalDate local_date
	LocalDateTime local_datetime
	LocalTime local_time
	Date localtime
	Date localtimestamp
	Integer locate(STRING pattern, STRING string[, INTEGER start])
	Double log(NUMERIC arg0[, NUMERIC arg1])
	Double log10(NUMERIC arg)
	Double log2(NUMERIC arg)
	String lower(STRING string)
	String lpad(string, length[, padding])
	String ltrim(STRING string[, STRING characters])
	Date makedate(INTEGER year, INTEGER dayofyear)
	Date maketime(INTEGER hour, INTEGER min, INTEGER sec)
	max(COMPARABLE arg)
	byte[] md5(arg)
	Integer microsecond(TIME arg)
	min(COMPARABLE arg)
	Integer minute(TIME arg)
	Integer mod(INTEGER arg0, INTEGER arg1)
	Integer month(DATE arg)
	String monthname(DATE arg)
	Date now()
	nth_valueANY value, INTEGER nth
	nullif(arg0, arg1)
	Integer octet_length(STRING_OR_CLOB arg)
	OffsetDateTime offset datetime
	OffsetDateTime offset_datetime
	Integer ordinal(ENUM arg)
	String overlay(STRING string placing STRING replacement from INTEGER start[ for INTEGER length])
	String pad(STRING string with INTEGER length {leading|trailing}[ STRING character])
	Double percent_rank([arg0[, ...]])
	Double pi
	Integer position(STRING pattern in STRING string)
	Double power(NUMERIC arg0, NUMERIC arg1)
	Integer quarter(DATE arg)
	Double radians(NUMERIC arg)
	Double rand([INTEGER seed])
	Long rank([arg0[, ...]])
	Boolean regexp_like(STRING arg0, STRING arg1[, STRING arg2])
	String repeat(STRING string, INTEGER times)
	String replace(STRING string, STRING pattern, STRING replacement)
	String reverse(STRING arg)
	String right(STRING string, INTEGER length)
	round(NUMERIC number[, INTEGER places])
	Long row_number()
	String rpad(string, length[, padding])
	String rtrim(STRING string[, STRING characters])
	Integer second(TIME arg)
	byte[] sha(arg)
	String sha1(arg)
	String sha2(arg0, arg1)
	Integer sign(NUMERIC arg)
	Double sin(NUMERIC arg)
	Double sinh(NUMERIC arg)
	String soundex(arg)
	String space(INTEGER arg)
	sql
	Double sqrt(NUMERIC arg)
	Double stddev(NUMERIC arg)
	Double stddev_pop(NUMERIC arg)
	Double stddev_samp(NUMERIC arg)
	String str(arg)
	String string(ENUM arg)
	subdate(DATE datetime, INTEGER days)
	String substr(STRING string, INTEGER start[, INTEGER length])
	String substring(STRING string{ from|,} INTEGER start[{ for|,} INTEGER length])
	subtime(TIME datetime, TIME time)
	sum(arg)
	Date sysdate()
	Double tan(NUMERIC arg)
	Double tanh(NUMERIC arg)
	String time(arg)
	Date timestamp(arg0[, arg1])
	timestampadd(TEMPORAL_UNIT field, INTEGER magnitude, TEMPORAL datetime)
	Long|Double timestampdiff(TEMPORAL_UNIT field, TEMPORAL start, TEMPORAL end)
	String trim([[{leading|trailing|both} ][STRING arg0 ]from] STRING arg1)
	trunc( ... )
	truncate( ... )
	String upper(STRING string)
	Date utc_date
	Date utc_time
	Date utc_timestamp
	Double var_pop(NUMERIC arg)
	Double var_samp(NUMERIC arg)
	Double variance(NUMERIC arg)
	Integer week(DATE arg)
	Integer year(DATE arg)

2026-03-25 17:10:19 DEBUG core:211 - HHH000513: Unable to create the ReflectionOptimizer for [com.test.Books]: private accessor [b_author]
2026-03-25 17:10:19 DEBUG core:211 - HHH000513: Unable to create the ReflectionOptimizer for [com.test.Story_Book]: private accessor [b_author]
2026-03-25 17:10:19 INFO  core:53 - HHH000489: No JTA platform available (set 'hibernate.transaction.jta.platform' to enable JTA platform integration)
2026-03-25 17:10:19 DEBUG service:102 - HHH010454: EventListenerRegistry access via ServiceRegistry is deprecated - use 'sessionFactory.getEventEngine().getListenerRegistry()' instead
2026-03-25 17:10:19 DEBUG SQL:126 - 
    drop table if exists books232
2026-03-25 17:10:19 DEBUG SQL:126 - 
    drop table if exists books232_SEQ
2026-03-25 17:10:20 DEBUG SQL:126 - 
    create table books232 (
        b_price integer not null,
        id integer not null,
        DTYPE varchar(31) not null check ((DTYPE in ('Books','Story_Book'))),
        b_author varchar(255),
        b_genre varchar(255),
        b_name varchar(255),
        pages varchar(255),
        primary key (id)
    ) engine=InnoDB
2026-03-25 17:10:20 DEBUG SQL:126 - 
    create table books232_SEQ (
        next_val bigint
    ) engine=InnoDB
2026-03-25 17:10:21 DEBUG SQL:126 - 
    insert into books232_SEQ ( next_val ) values ( 1 )
2026-03-25 17:10:21 DEBUG factoryRegistry:86 - HHH020384: Registering SessionFactory [0c7c7d40-6062-491f-b901-381de58ec82a] (<unnamed>)
2026-03-25 17:10:21 DEBUG core:151 - HHH006588: Opening session [tenant=null]
2026-03-25 17:10:21 DEBUG core:74 - HHH006583: Beginning transaction
2026-03-25 17:10:21 DEBUG SQL:126 - 
    select
        next_val as id_val 
    from
        books232_SEQ 
    for
        update
2026-03-25 17:10:21 DEBUG SQL:126 - 
    update
        books232_SEQ 
    set
        next_val= ? 
    where
        next_val=?
2026-03-25 17:10:21 DEBUG SQL:126 - 
    select
        next_val as id_val 
    from
        books232_SEQ 
    for
        update
2026-03-25 17:10:21 DEBUG SQL:126 - 
    update
        books232_SEQ 
    set
        next_val= ? 
    where
        next_val=?
2026-03-25 17:10:21 DEBUG core:87 - HHH006584: Committing transaction
2026-03-25 17:10:21 DEBUG event:98 - HHH90060071: Flushed: 2 insertions, 0 updates, 0 deletions to 2 objects
2026-03-25 17:10:21 DEBUG event:104 - HHH90060072: Flushed: 0 (re)creations, 0 updates, 0 removals to 0 collections
2026-03-25 17:10:21 DEBUG core:102 - Listing entities:
2026-03-25 17:10:21 DEBUG core:111 - com.test.Books{b_name=Maths, b_price=1233, b_author=RDSharma, id=1, b_genre=Study}
2026-03-25 17:10:21 DEBUG core:111 - com.test.Story_Book{b_name=null, b_price=0, pages=677, b_author=null, id=2, b_genre=null}
2026-03-25 17:10:21 DEBUG SQL:126 - 
    insert 
    into
        books232
        (b_author, b_genre, b_name, b_price, DTYPE, id) 
    values
        (?, ?, ?, ?, 'Books', ?)
2026-03-25 17:10:21 DEBUG SQL:126 - 
    insert 
    into
        books232
        (b_author, b_genre, b_name, b_price, pages, DTYPE, id) 
    values
        (?, ?, ?, ?, ?, 'Story_Book', ?)
2026-03-25 17:12:28 DEBUG service:41 - HHH010455: Adding integrator: org.hibernate.boot.beanvalidation.BeanValidationIntegrator
2026-03-25 17:12:28 DEBUG service:41 - HHH010455: Adding integrator: org.hibernate.cache.internal.CollectionCacheInvalidator
2026-03-25 17:12:28 INFO  core:41 - HHH000001: Hibernate ORM core version 7.3.0.Final
2026-03-25 17:12:28 DEBUG core:155 - HHH000206: 'hibernate.properties' not found
2026-03-25 17:12:29 DEBUG boot:97 - HHH160204: cfg.xml document did not define namespaces; wrapping in custom event reader to introduce namespace information
2026-03-25 17:12:29 DEBUG cache:116 - HHH90001031: Cannot default RegionFactory since no RegionFactory strategies were registered
2026-03-25 17:12:29 DEBUG cache:46 - HHH90001029: Second-level cache disabled
2026-03-25 17:12:29 WARN  pooling:86 - HHH10001002: Using built-in connection pool (not intended for production use)
2026-03-25 17:12:29 DEBUG pooling:34 - HHH10001014: Initializing connection pool with 1 connections
2026-03-25 17:12:29 DEBUG jdbc:457 - HHH100017: Database:
	name: MySQL
	version: 8.0.42
	major: 8
	minor: 0
2026-03-25 17:12:29 DEBUG jdbc:463 - HHH100018: Driver:
	name: MySQL Connector/J
	version: mysql-connector-j-8.0.33 (Revision: 7d6b0800528b6b25c68b52dc10d6c1c8429c100c)
	major: 8
	minor: 0
	JDBC version: 4.2
2026-03-25 17:12:29 WARN  deprecation:152 - HHH90000025: MySQLDialect does not need to be specified explicitly using 'hibernate.dialect' (remove the property setting and it will be selected by default)
2026-03-25 17:12:29 DEBUG dialect:93 - HHH035001: Using dialect: org.hibernate.dialect.MySQLDialect, version: 8.0.42
2026-03-25 17:12:29 DEBUG IdentifierHelperBuilder:205 - IdentifierCaseStrategy for both quoted and unquoted identifiers was set to the same strategy [LOWER]; that will likely lead to problems in schema update and validation if using quoted identifiers
2026-03-25 17:12:29 DEBUG jdbc:379 - HHH100122: Using default JDBC fetch size: 0
2026-03-25 17:12:29 INFO  pooling:179 - HHH10001005: Database info:
	Database JDBC URL [jdbc:mysql://localhost:3306/mlamarch]
	Database driver: MySQL Connector/J
	Database dialect: MySQLDialect
	Database version: 8.0.42
	Default catalog/schema: mlamarch/undefined
	Autocommit mode: false
	Isolation level: REPEATABLE_READ
	JDBC fetch size: none
	Pool: DriverManagerConnectionProvider
	Minimum pool size: 1
	Maximum pool size: 20
2026-03-25 17:12:30 DEBUG factory:230 - HHH90020001: Instantiating factory [da374f85-c0d7-42fc-84c9-8f7db5b3c4c9] with settings: {hibernate.format_sql=true, java.specification.version=25, sun.cpu.isalist=amd64, sun.jnu.encoding=Cp1252, hibernate.dialect=org.hibernate.dialect.MySQLDialect, java.class.path=C:\Users\ar.likith\Desktop\sts\Assesment\target\classes;C:\Users\ar.likith\.m2\repository\com\mysql\mysql-connector-j\8.0.33\mysql-connector-j-8.0.33.jar;C:\Users\ar.likith\.m2\repository\com\google\protobuf\protobuf-java\3.21.9\protobuf-java-3.21.9.jar;C:\Users\ar.likith\.m2\repository\org\hibernate\orm\hibernate-core\7.3.0.Final\hibernate-core-7.3.0.Final.jar;C:\Users\ar.likith\.m2\repository\jakarta\persistence\jakarta.persistence-api\3.2.0\jakarta.persistence-api-3.2.0.jar;C:\Users\ar.likith\.m2\repository\jakarta\transaction\jakarta.transaction-api\2.0.1\jakarta.transaction-api-2.0.1.jar;C:\Users\ar.likith\.m2\repository\org\jboss\logging\jboss-logging\3.6.1.Final\jboss-logging-3.6.1.Final.jar;C:\Users\ar.likith\.m2\repository\org\hibernate\models\hibernate-models\1.1.0\hibernate-models-1.1.0.jar;C:\Users\ar.likith\.m2\repository\net\bytebuddy\byte-buddy\1.18.7\byte-buddy-1.18.7.jar;C:\Users\ar.likith\.m2\repository\jakarta\xml\bind\jakarta.xml.bind-api\4.0.4\jakarta.xml.bind-api-4.0.4.jar;C:\Users\ar.likith\.m2\repository\jakarta\activation\jakarta.activation-api\2.1.4\jakarta.activation-api-2.1.4.jar;C:\Users\ar.likith\.m2\repository\org\glassfish\jaxb\jaxb-runtime\4.0.6\jaxb-runtime-4.0.6.jar;C:\Users\ar.likith\.m2\repository\org\glassfish\jaxb\jaxb-core\4.0.6\jaxb-core-4.0.6.jar;C:\Users\ar.likith\.m2\repository\org\eclipse\angus\angus-activation\2.0.3\angus-activation-2.0.3.jar;C:\Users\ar.likith\.m2\repository\org\glassfish\jaxb\txw2\4.0.6\txw2-4.0.6.jar;C:\Users\ar.likith\.m2\repository\com\sun\istack\istack-commons-runtime\4.1.2\istack-commons-runtime-4.1.2.jar;C:\Users\ar.likith\.m2\repository\jakarta\inject\jakarta.inject-api\2.0.1\jakarta.inject-api-2.0.1.jar;C:\Users\ar.likith\.m2\repository\org\antlr\antlr4-runtime\4.13.2\antlr4-runtime-4.13.2.jar;C:\Users\ar.likith\.m2\repository\org\apache\logging\log4j\log4j-core\2.17.1\log4j-core-2.17.1.jar;C:\Users\ar.likith\.m2\repository\org\apache\logging\log4j\log4j-api\2.17.1\log4j-api-2.17.1.jar;C:\Users\ar.likith\.m2\repository\org\apache\logging\log4j\log4j-slf4j-impl\2.17.1\log4j-slf4j-impl-2.17.1.jar;C:\Users\ar.likith\.m2\repository\org\slf4j\slf4j-api\1.7.25\slf4j-api-1.7.25.jar, java.vm.vendor=Eclipse Adoptium, sun.arch.data.model=64, hbm2ddl.auto=create, user.variant=, java.vendor.url=https://adoptium.net/, user.timezone=Asia/Calcutta, java.vm.specification.version=25, os.name=Windows 11, sun.java.launcher=SUN_STANDARD, user.country=US, sun.boot.library.path=C:\Users\ar.likith\Downloads\sts-5.1.1.RELEASE\plugins\org.eclipse.justj.openjdk.hotspot.jre.full.win32.x86_64_25.0.2.v20260203-1141\jre\bin, sun.java.command=com.test.InheritanceDemo, jdk.debug=release, sun.cpu.endian=little, user.home=C:\Users\ar.likith, user.language=en, java.specification.vendor=Oracle Corporation, java.version.date=2026-01-20, java.home=C:\Users\ar.likith\Downloads\sts-5.1.1.RELEASE\plugins\org.eclipse.justj.openjdk.hotspot.jre.full.win32.x86_64_25.0.2.v20260203-1141\jre, file.separator=\, java.vm.compressedOopsMode=Zero based, line.separator=
, java.vm.specification.vendor=Oracle Corporation, java.specification.name=Java Platform API Specification, hibernate.hbm2ddl.auto=create, user.script=, sun.management.compiler=HotSpot 64-Bit Tiered Compilers, java.runtime.version=25.0.2+10-LTS, user.name=ar.likith, stdout.encoding=UTF-8, path.separator=;, hibernate.connection.username=****, os.version=10.0, java.runtime.name=OpenJDK Runtime Environment, hibernate.connection.url=jdbc:mysql://localhost:3306/mlamarch, file.encoding=UTF-8, format_sql=true, java.vm.name=OpenJDK 64-Bit Server VM, hibernate.show_sql=true, java.vendor.version=Temurin-25.0.2+10, show_sql=true, hibernate.connection.driver_class=com.mysql.cj.jdbc.Driver, java.vendor.url.bug=https://github.com/adoptium/adoptium-support/issues, java.io.tmpdir=C:\Users\ARBCDF~1.LIK\AppData\Local\Temp\, java.version=25.0.2, user.dir=C:\Users\ar.likith\Desktop\sts\Assesment, os.arch=amd64, java.vm.specification.name=Java Virtual Machine Specification, hibernate.connection.password=****, sun.os.patch.level=, hibernate.boot.CfgXmlAccessService.key=org.hibernate.boot.cfgxml.spi.LoadedConfig@7f3fc42f, native.encoding=Cp1252, java.library.path=C:\Users\ar.likith\Downloads\sts-5.1.1.RELEASE\plugins\org.eclipse.justj.openjdk.hotspot.jre.full.win32.x86_64_25.0.2.v20260203-1141\jre\bin;C:\WINDOWS\Sun\Java\bin;C:\WINDOWS\system32;C:\WINDOWS;C:/Users/ar.likith/Downloads/sts-5.1.1.RELEASE//plugins/org.eclipse.justj.openjdk.hotspot.jre.full.win32.x86_64_25.0.2.v20260203-1141/jre/bin/server;C:/Users/ar.likith/Downloads/sts-5.1.1.RELEASE//plugins/org.eclipse.justj.openjdk.hotspot.jre.full.win32.x86_64_25.0.2.v20260203-1141/jre/bin;C:\Program Files\Microsoft\jdk-11.0.23.9-hotspot\bin;C:\Program Files\Microsoft\jdk-17.0.15.6-hotspot\bin;C:\Program Files\Python313\Scripts\;C:\Program Files\Python313\;%SystemRoot%\system32;%SystemRoot%;%SystemRoot%\System32\Wbem;%SYSTEMROOT%\System32\WindowsPowerShell\v1.0\;%SYSTEMROOT%\System32\OpenSSH\;C:\Program Files (x86)\Microsoft SQL Server\160\Tools\Binn\;C:\Program Files\Microsoft SQL Server\160\Tools\Binn\;C:\Program Files\Microsoft SQL Server\Client SDK\ODBC\170\Tools\Binn\;C:\Program Files\Microsoft SQL Server\160\DTS\Binn\;C:\Program Files\dotnet\;C:\Program Files\Microsoft VS Code\bin;C:\Program Files\Git\cmd;C:\Program Files\apache-maven-3.9.10\bin;C:\Program Files\nodejs\;C:\Program Files\PuTTY\;C:\Program Files (x86)\Microsoft SQL Server\160\DTS\Binn\;C:\Program Files\apache-maven-3.9.10\bin;C:\Program Files\apache-maven-3.9.10\bin;C:\Program Files\apache-maven-3.9.10\bin;C:\Program Files\apache-maven-3.9.10\bin;C:\Program Files\apache-maven-3.9.10\bin;C:\Users\ar.likith\AppData\Local\Microsoft\WindowsApps;;C:\Users\ar.likith\Downloads\sts-5.1.1.RELEASE;;., stderr.encoding=UTF-8, java.vendor=Eclipse Adoptium, java.vm.info=mixed mode, sharing, stdin.encoding=Cp1252, java.vm.version=25.0.2+10-LTS, sun.io.unicode.encoding=UnicodeLittle, java.class.version=69.0}
2026-03-25 17:12:30 DEBUG HQL_FUNCTIONS:155 - Available HQL Functions:
	abs(NUMERIC arg)
	Double acos(NUMERIC arg)
	adddate(DATE datetime, INTEGER days)
	addtime(TIME datetime, TIME time)
	Boolean any(BOOLEAN arg)
	Integer ascii(STRING arg)
	Double asin(NUMERIC arg)
	Double atan(NUMERIC arg)
	Double atan2(NUMERIC arg0, NUMERIC arg1)
	avg(arg)
	bit_and(arg)
	Integer bit_length(STRING_OR_CLOB arg)
	bit_or(arg)
	bitand(arg0, arg1)
	bitnot(arg)
	bitor(arg0, arg1)
	bitxor(arg0, arg1)
	cast(arg as Type)
	ceiling(NUMERIC arg)
	Character char(INTEGER arg)
	Integer character_length(STRING_OR_CLOB arg)
	Character chr(INTEGER arg)
	coalesce(arg0[, arg1[, ...]])
	String collate(STRING string as COLLATION collation)
	String concat(STRING string0[, STRING string1[, ...]])
	Double cos(NUMERIC arg)
	Double cosh(NUMERIC arg)
	Double cot(NUMERIC arg)
	Long count([distinct ]{arg|*})
	Integer crc32(arg)
	Double cume_dist([arg0[, ...]])
	Date curdate()
	Date current date
	Date current time
	Date current timestamp
	Date current_date
	Instant current_instant
	Date current_time
	Date current_timestamp
	Date curtime()
	Date date(arg)
	dateadd(TEMPORAL_UNIT field, INTEGER magnitude, TEMPORAL datetime)
	Integer datediff(DATE end, DATE start)
	Integer day(DATE arg)
	String dayname(DATE arg)
	Integer dayofmonth(DATE arg)
	Integer dayofweek(DATE arg)
	Integer dayofyear(DATE arg)
	Double degrees(NUMERIC arg)
	Long dense_rank([arg0[, ...]])
	Boolean every(BOOLEAN arg)
	Double exp(NUMERIC arg)
	extract(TEMPORAL_UNIT field from TEMPORAL arg)
	first_valueANY value
	floor(NUMERIC arg)
	String format(TEMPORAL datetime as STRING pattern)
	greatest(COMPARABLE arg0, COMPARABLE arg1[, arg2[, ...]])
	String hex(arg)
	Integer hour(TIME arg)
	ifnull(arg0, arg1)
	String insert(STRING string, INTEGER start, INTEGER length, STRING replacement)
	Instant instant
	Integer instr(STRING string, STRING pattern[, INTEGER start[, INTEGER occurrence]])
	String json_array([arg0[, ...]])
	String json_array_append(IMPLICIT_JSON arg0, STRING arg1, ANY arg2)
	String json_array_insert(IMPLICIT_JSON arg0, STRING arg1, ANY arg2)
	String json_arrayagg(arg0[, arg1])
	Boolean json_exists(IMPLICIT_JSON arg0, STRING arg1)
	String json_insert(IMPLICIT_JSON arg0, STRING arg1, ANY arg2)
	String json_mergepatch(IMPLICIT_JSON arg0, IMPLICIT_JSON arg1[, arg2[, ...]])
	String json_object( ... )
	String json_objectagg(arg0, arg1[, arg2, arg3])
	String json_query( ... )
	String json_remove(IMPLICIT_JSON arg0, STRING arg1)
	String json_replace(IMPLICIT_JSON arg0, STRING arg1, ANY arg2)
	String json_set(IMPLICIT_JSON arg0, STRING arg1, ANY arg2)
	json_value( ... )
	lagANY value[, INTEGER offset[, ANY default]]
	Date last_day(DATE arg)
	last_valueANY value
	leadANY value[, INTEGER offset[, ANY default]]
	least(COMPARABLE arg0, COMPARABLE arg1[, arg2[, ...]])
	String left(STRING string, INTEGER length)
	Integer length(STRING_OR_CLOB arg)
	String listagg(STRING arg0, STRING arg1)
	Double ln(NUMERIC arg)
	LocalDate local date
	LocalDateTime local datetime
	LocalTime local time
	LocalDate local_date
	LocalDateTime local_datetime
	LocalTime local_time
	Date localtime
	Date localtimestamp
	Integer locate(STRING pattern, STRING string[, INTEGER start])
	Double log(NUMERIC arg0[, NUMERIC arg1])
	Double log10(NUMERIC arg)
	Double log2(NUMERIC arg)
	String lower(STRING string)
	String lpad(string, length[, padding])
	String ltrim(STRING string[, STRING characters])
	Date makedate(INTEGER year, INTEGER dayofyear)
	Date maketime(INTEGER hour, INTEGER min, INTEGER sec)
	max(COMPARABLE arg)
	byte[] md5(arg)
	Integer microsecond(TIME arg)
	min(COMPARABLE arg)
	Integer minute(TIME arg)
	Integer mod(INTEGER arg0, INTEGER arg1)
	Integer month(DATE arg)
	String monthname(DATE arg)
	Date now()
	nth_valueANY value, INTEGER nth
	nullif(arg0, arg1)
	Integer octet_length(STRING_OR_CLOB arg)
	OffsetDateTime offset datetime
	OffsetDateTime offset_datetime
	Integer ordinal(ENUM arg)
	String overlay(STRING string placing STRING replacement from INTEGER start[ for INTEGER length])
	String pad(STRING string with INTEGER length {leading|trailing}[ STRING character])
	Double percent_rank([arg0[, ...]])
	Double pi
	Integer position(STRING pattern in STRING string)
	Double power(NUMERIC arg0, NUMERIC arg1)
	Integer quarter(DATE arg)
	Double radians(NUMERIC arg)
	Double rand([INTEGER seed])
	Long rank([arg0[, ...]])
	Boolean regexp_like(STRING arg0, STRING arg1[, STRING arg2])
	String repeat(STRING string, INTEGER times)
	String replace(STRING string, STRING pattern, STRING replacement)
	String reverse(STRING arg)
	String right(STRING string, INTEGER length)
	round(NUMERIC number[, INTEGER places])
	Long row_number()
	String rpad(string, length[, padding])
	String rtrim(STRING string[, STRING characters])
	Integer second(TIME arg)
	byte[] sha(arg)
	String sha1(arg)
	String sha2(arg0, arg1)
	Integer sign(NUMERIC arg)
	Double sin(NUMERIC arg)
	Double sinh(NUMERIC arg)
	String soundex(arg)
	String space(INTEGER arg)
	sql
	Double sqrt(NUMERIC arg)
	Double stddev(NUMERIC arg)
	Double stddev_pop(NUMERIC arg)
	Double stddev_samp(NUMERIC arg)
	String str(arg)
	String string(ENUM arg)
	subdate(DATE datetime, INTEGER days)
	String substr(STRING string, INTEGER start[, INTEGER length])
	String substring(STRING string{ from|,} INTEGER start[{ for|,} INTEGER length])
	subtime(TIME datetime, TIME time)
	sum(arg)
	Date sysdate()
	Double tan(NUMERIC arg)
	Double tanh(NUMERIC arg)
	String time(arg)
	Date timestamp(arg0[, arg1])
	timestampadd(TEMPORAL_UNIT field, INTEGER magnitude, TEMPORAL datetime)
	Long|Double timestampdiff(TEMPORAL_UNIT field, TEMPORAL start, TEMPORAL end)
	String trim([[{leading|trailing|both} ][STRING arg0 ]from] STRING arg1)
	trunc( ... )
	truncate( ... )
	String upper(STRING string)
	Date utc_date
	Date utc_time
	Date utc_timestamp
	Double var_pop(NUMERIC arg)
	Double var_samp(NUMERIC arg)
	Double variance(NUMERIC arg)
	Integer week(DATE arg)
	Integer year(DATE arg)

2026-03-25 17:12:30 DEBUG core:211 - HHH000513: Unable to create the ReflectionOptimizer for [com.test.Books]: private accessor [b_author]
2026-03-25 17:12:30 DEBUG core:211 - HHH000513: Unable to create the ReflectionOptimizer for [com.test.Story_Book]: private accessor [b_author]
2026-03-25 17:12:30 INFO  core:53 - HHH000489: No JTA platform available (set 'hibernate.transaction.jta.platform' to enable JTA platform integration)
2026-03-25 17:12:30 DEBUG service:102 - HHH010454: EventListenerRegistry access via ServiceRegistry is deprecated - use 'sessionFactory.getEventEngine().getListenerRegistry()' instead
2026-03-25 17:12:30 DEBUG SQL:126 - 
    drop table if exists books232
2026-03-25 17:12:31 DEBUG SQL:126 - 
    drop table if exists books232_SEQ
2026-03-25 17:12:31 DEBUG SQL:126 - 
    create table books232 (
        b_price integer not null,
        id integer not null,
        DTYPE varchar(31) not null check ((DTYPE in ('Books','Story_Book'))),
        b_author varchar(255),
        b_genre varchar(255),
        b_name varchar(255),
        pages varchar(255),
        primary key (id)
    ) engine=InnoDB
2026-03-25 17:12:31 DEBUG SQL:126 - 
    create table books232_SEQ (
        next_val bigint
    ) engine=InnoDB
2026-03-25 17:12:32 DEBUG SQL:126 - 
    insert into books232_SEQ ( next_val ) values ( 1 )
2026-03-25 17:12:32 DEBUG factoryRegistry:86 - HHH020384: Registering SessionFactory [da374f85-c0d7-42fc-84c9-8f7db5b3c4c9] (<unnamed>)
2026-03-25 17:12:32 DEBUG core:151 - HHH006588: Opening session [tenant=null]
2026-03-25 17:12:32 DEBUG core:74 - HHH006583: Beginning transaction
2026-03-25 17:12:32 DEBUG SQL:126 - 
    select
        next_val as id_val 
    from
        books232_SEQ 
    for
        update
2026-03-25 17:12:32 DEBUG SQL:126 - 
    update
        books232_SEQ 
    set
        next_val= ? 
    where
        next_val=?
2026-03-25 17:12:32 DEBUG SQL:126 - 
    select
        next_val as id_val 
    from
        books232_SEQ 
    for
        update
2026-03-25 17:12:32 DEBUG SQL:126 - 
    update
        books232_SEQ 
    set
        next_val= ? 
    where
        next_val=?
2026-03-25 17:12:32 DEBUG core:87 - HHH006584: Committing transaction
2026-03-25 17:12:32 DEBUG event:98 - HHH90060071: Flushed: 2 insertions, 0 updates, 0 deletions to 2 objects
2026-03-25 17:12:32 DEBUG event:104 - HHH90060072: Flushed: 0 (re)creations, 0 updates, 0 removals to 0 collections
2026-03-25 17:12:32 DEBUG core:102 - Listing entities:
2026-03-25 17:12:32 DEBUG core:111 - com.test.Books{b_name=Maths, b_price=1233, b_author=RDSharma, id=1, b_genre=Study}
2026-03-25 17:12:32 DEBUG core:111 - com.test.Story_Book{b_name=Manga, b_price=1522, pages=677, b_author=anime, id=2, b_genre=null}
2026-03-25 17:12:32 DEBUG SQL:126 - 
    insert 
    into
        books232
        (b_author, b_genre, b_name, b_price, DTYPE, id) 
    values
        (?, ?, ?, ?, 'Books', ?)
2026-03-25 17:12:32 DEBUG SQL:126 - 
    insert 
    into
        books232
        (b_author, b_genre, b_name, b_price, pages, DTYPE, id) 
    values
        (?, ?, ?, ?, ?, 'Story_Book', ?)
2026-03-25 17:32:06 DEBUG service:41 - HHH010455: Adding integrator: org.hibernate.boot.beanvalidation.BeanValidationIntegrator
2026-03-25 17:32:06 DEBUG service:41 - HHH010455: Adding integrator: org.hibernate.cache.internal.CollectionCacheInvalidator
2026-03-25 17:32:06 INFO  core:41 - HHH000001: Hibernate ORM core version 7.3.0.Final
2026-03-25 17:32:06 DEBUG core:155 - HHH000206: 'hibernate.properties' not found
2026-03-25 17:32:06 DEBUG boot:97 - HHH160204: cfg.xml document did not define namespaces; wrapping in custom event reader to introduce namespace information
2026-03-25 17:32:06 DEBUG cache:116 - HHH90001031: Cannot default RegionFactory since no RegionFactory strategies were registered
2026-03-25 17:32:06 DEBUG cache:46 - HHH90001029: Second-level cache disabled
2026-03-25 17:32:06 WARN  pooling:86 - HHH10001002: Using built-in connection pool (not intended for production use)
2026-03-25 17:32:07 DEBUG pooling:34 - HHH10001014: Initializing connection pool with 1 connections
2026-03-25 17:32:07 DEBUG jdbc:457 - HHH100017: Database:
	name: MySQL
	version: 8.0.42
	major: 8
	minor: 0
2026-03-25 17:32:07 DEBUG jdbc:463 - HHH100018: Driver:
	name: MySQL Connector/J
	version: mysql-connector-j-8.0.33 (Revision: 7d6b0800528b6b25c68b52dc10d6c1c8429c100c)
	major: 8
	minor: 0
	JDBC version: 4.2
2026-03-25 17:32:07 WARN  deprecation:152 - HHH90000025: MySQLDialect does not need to be specified explicitly using 'hibernate.dialect' (remove the property setting and it will be selected by default)
2026-03-25 17:32:07 DEBUG dialect:93 - HHH035001: Using dialect: org.hibernate.dialect.MySQLDialect, version: 8.0.42
2026-03-25 17:32:07 DEBUG IdentifierHelperBuilder:205 - IdentifierCaseStrategy for both quoted and unquoted identifiers was set to the same strategy [LOWER]; that will likely lead to problems in schema update and validation if using quoted identifiers
2026-03-25 17:32:07 DEBUG jdbc:379 - HHH100122: Using default JDBC fetch size: 0
2026-03-25 17:32:07 INFO  pooling:179 - HHH10001005: Database info:
	Database JDBC URL [jdbc:mysql://localhost:3306/mlamarch]
	Database driver: MySQL Connector/J
	Database dialect: MySQLDialect
	Database version: 8.0.42
	Default catalog/schema: mlamarch/undefined
	Autocommit mode: false
	Isolation level: REPEATABLE_READ
	JDBC fetch size: none
	Pool: DriverManagerConnectionProvider
	Minimum pool size: 1
	Maximum pool size: 20
2026-03-25 17:32:07 DEBUG factory:230 - HHH90020001: Instantiating factory [fb26c6a1-7e42-4f02-8b0c-8c7f80fb4f0a] with settings: {hibernate.format_sql=true, java.specification.version=25, sun.cpu.isalist=amd64, sun.jnu.encoding=Cp1252, hibernate.dialect=org.hibernate.dialect.MySQLDialect, java.class.path=C:\Users\ar.likith\Desktop\sts\Assesment\target\classes;C:\Users\ar.likith\.m2\repository\com\mysql\mysql-connector-j\8.0.33\mysql-connector-j-8.0.33.jar;C:\Users\ar.likith\.m2\repository\com\google\protobuf\protobuf-java\3.21.9\protobuf-java-3.21.9.jar;C:\Users\ar.likith\.m2\repository\org\hibernate\orm\hibernate-core\7.3.0.Final\hibernate-core-7.3.0.Final.jar;C:\Users\ar.likith\.m2\repository\jakarta\persistence\jakarta.persistence-api\3.2.0\jakarta.persistence-api-3.2.0.jar;C:\Users\ar.likith\.m2\repository\jakarta\transaction\jakarta.transaction-api\2.0.1\jakarta.transaction-api-2.0.1.jar;C:\Users\ar.likith\.m2\repository\org\jboss\logging\jboss-logging\3.6.1.Final\jboss-logging-3.6.1.Final.jar;C:\Users\ar.likith\.m2\repository\org\hibernate\models\hibernate-models\1.1.0\hibernate-models-1.1.0.jar;C:\Users\ar.likith\.m2\repository\net\bytebuddy\byte-buddy\1.18.7\byte-buddy-1.18.7.jar;C:\Users\ar.likith\.m2\repository\jakarta\xml\bind\jakarta.xml.bind-api\4.0.4\jakarta.xml.bind-api-4.0.4.jar;C:\Users\ar.likith\.m2\repository\jakarta\activation\jakarta.activation-api\2.1.4\jakarta.activation-api-2.1.4.jar;C:\Users\ar.likith\.m2\repository\org\glassfish\jaxb\jaxb-runtime\4.0.6\jaxb-runtime-4.0.6.jar;C:\Users\ar.likith\.m2\repository\org\glassfish\jaxb\jaxb-core\4.0.6\jaxb-core-4.0.6.jar;C:\Users\ar.likith\.m2\repository\org\eclipse\angus\angus-activation\2.0.3\angus-activation-2.0.3.jar;C:\Users\ar.likith\.m2\repository\org\glassfish\jaxb\txw2\4.0.6\txw2-4.0.6.jar;C:\Users\ar.likith\.m2\repository\com\sun\istack\istack-commons-runtime\4.1.2\istack-commons-runtime-4.1.2.jar;C:\Users\ar.likith\.m2\repository\jakarta\inject\jakarta.inject-api\2.0.1\jakarta.inject-api-2.0.1.jar;C:\Users\ar.likith\.m2\repository\org\antlr\antlr4-runtime\4.13.2\antlr4-runtime-4.13.2.jar;C:\Users\ar.likith\.m2\repository\org\apache\logging\log4j\log4j-core\2.17.1\log4j-core-2.17.1.jar;C:\Users\ar.likith\.m2\repository\org\apache\logging\log4j\log4j-api\2.17.1\log4j-api-2.17.1.jar;C:\Users\ar.likith\.m2\repository\org\apache\logging\log4j\log4j-slf4j-impl\2.17.1\log4j-slf4j-impl-2.17.1.jar;C:\Users\ar.likith\.m2\repository\org\slf4j\slf4j-api\1.7.25\slf4j-api-1.7.25.jar, java.vm.vendor=Eclipse Adoptium, sun.arch.data.model=64, hbm2ddl.auto=create, user.variant=, java.vendor.url=https://adoptium.net/, user.timezone=Asia/Calcutta, java.vm.specification.version=25, os.name=Windows 11, sun.java.launcher=SUN_STANDARD, user.country=US, sun.boot.library.path=C:\Users\ar.likith\Downloads\sts-5.1.1.RELEASE\plugins\org.eclipse.justj.openjdk.hotspot.jre.full.win32.x86_64_25.0.2.v20260203-1141\jre\bin, sun.java.command=com.test.NamedQueryDemo, jdk.debug=release, sun.cpu.endian=little, user.home=C:\Users\ar.likith, user.language=en, java.specification.vendor=Oracle Corporation, java.version.date=2026-01-20, java.home=C:\Users\ar.likith\Downloads\sts-5.1.1.RELEASE\plugins\org.eclipse.justj.openjdk.hotspot.jre.full.win32.x86_64_25.0.2.v20260203-1141\jre, file.separator=\, java.vm.compressedOopsMode=Zero based, line.separator=
, java.vm.specification.vendor=Oracle Corporation, java.specification.name=Java Platform API Specification, hibernate.hbm2ddl.auto=create, user.script=, sun.management.compiler=HotSpot 64-Bit Tiered Compilers, java.runtime.version=25.0.2+10-LTS, user.name=ar.likith, stdout.encoding=UTF-8, path.separator=;, hibernate.connection.username=****, os.version=10.0, java.runtime.name=OpenJDK Runtime Environment, hibernate.connection.url=jdbc:mysql://localhost:3306/mlamarch, file.encoding=UTF-8, format_sql=true, java.vm.name=OpenJDK 64-Bit Server VM, hibernate.show_sql=true, java.vendor.version=Temurin-25.0.2+10, show_sql=true, hibernate.connection.driver_class=com.mysql.cj.jdbc.Driver, java.vendor.url.bug=https://github.com/adoptium/adoptium-support/issues, java.io.tmpdir=C:\Users\ARBCDF~1.LIK\AppData\Local\Temp\, java.version=25.0.2, user.dir=C:\Users\ar.likith\Desktop\sts\Assesment, os.arch=amd64, java.vm.specification.name=Java Virtual Machine Specification, hibernate.connection.password=****, sun.os.patch.level=, hibernate.boot.CfgXmlAccessService.key=org.hibernate.boot.cfgxml.spi.LoadedConfig@25953be6, native.encoding=Cp1252, java.library.path=C:\Users\ar.likith\Downloads\sts-5.1.1.RELEASE\plugins\org.eclipse.justj.openjdk.hotspot.jre.full.win32.x86_64_25.0.2.v20260203-1141\jre\bin;C:\WINDOWS\Sun\Java\bin;C:\WINDOWS\system32;C:\WINDOWS;C:/Users/ar.likith/Downloads/sts-5.1.1.RELEASE//plugins/org.eclipse.justj.openjdk.hotspot.jre.full.win32.x86_64_25.0.2.v20260203-1141/jre/bin/server;C:/Users/ar.likith/Downloads/sts-5.1.1.RELEASE//plugins/org.eclipse.justj.openjdk.hotspot.jre.full.win32.x86_64_25.0.2.v20260203-1141/jre/bin;C:\Program Files\Microsoft\jdk-11.0.23.9-hotspot\bin;C:\Program Files\Microsoft\jdk-17.0.15.6-hotspot\bin;C:\Program Files\Python313\Scripts\;C:\Program Files\Python313\;%SystemRoot%\system32;%SystemRoot%;%SystemRoot%\System32\Wbem;%SYSTEMROOT%\System32\WindowsPowerShell\v1.0\;%SYSTEMROOT%\System32\OpenSSH\;C:\Program Files (x86)\Microsoft SQL Server\160\Tools\Binn\;C:\Program Files\Microsoft SQL Server\160\Tools\Binn\;C:\Program Files\Microsoft SQL Server\Client SDK\ODBC\170\Tools\Binn\;C:\Program Files\Microsoft SQL Server\160\DTS\Binn\;C:\Program Files\dotnet\;C:\Program Files\Microsoft VS Code\bin;C:\Program Files\Git\cmd;C:\Program Files\apache-maven-3.9.10\bin;C:\Program Files\nodejs\;C:\Program Files\PuTTY\;C:\Program Files (x86)\Microsoft SQL Server\160\DTS\Binn\;C:\Program Files\apache-maven-3.9.10\bin;C:\Program Files\apache-maven-3.9.10\bin;C:\Program Files\apache-maven-3.9.10\bin;C:\Program Files\apache-maven-3.9.10\bin;C:\Program Files\apache-maven-3.9.10\bin;C:\Users\ar.likith\AppData\Local\Microsoft\WindowsApps;;C:\Users\ar.likith\Downloads\sts-5.1.1.RELEASE;;., stderr.encoding=UTF-8, java.vendor=Eclipse Adoptium, java.vm.info=mixed mode, sharing, stdin.encoding=Cp1252, java.vm.version=25.0.2+10-LTS, sun.io.unicode.encoding=UnicodeLittle, java.class.version=69.0}
2026-03-25 17:32:07 DEBUG HQL_FUNCTIONS:155 - Available HQL Functions:
	abs(NUMERIC arg)
	Double acos(NUMERIC arg)
	adddate(DATE datetime, INTEGER days)
	addtime(TIME datetime, TIME time)
	Boolean any(BOOLEAN arg)
	Integer ascii(STRING arg)
	Double asin(NUMERIC arg)
	Double atan(NUMERIC arg)
	Double atan2(NUMERIC arg0, NUMERIC arg1)
	avg(arg)
	bit_and(arg)
	Integer bit_length(STRING_OR_CLOB arg)
	bit_or(arg)
	bitand(arg0, arg1)
	bitnot(arg)
	bitor(arg0, arg1)
	bitxor(arg0, arg1)
	cast(arg as Type)
	ceiling(NUMERIC arg)
	Character char(INTEGER arg)
	Integer character_length(STRING_OR_CLOB arg)
	Character chr(INTEGER arg)
	coalesce(arg0[, arg1[, ...]])
	String collate(STRING string as COLLATION collation)
	String concat(STRING string0[, STRING string1[, ...]])
	Double cos(NUMERIC arg)
	Double cosh(NUMERIC arg)
	Double cot(NUMERIC arg)
	Long count([distinct ]{arg|*})
	Integer crc32(arg)
	Double cume_dist([arg0[, ...]])
	Date curdate()
	Date current date
	Date current time
	Date current timestamp
	Date current_date
	Instant current_instant
	Date current_time
	Date current_timestamp
	Date curtime()
	Date date(arg)
	dateadd(TEMPORAL_UNIT field, INTEGER magnitude, TEMPORAL datetime)
	Integer datediff(DATE end, DATE start)
	Integer day(DATE arg)
	String dayname(DATE arg)
	Integer dayofmonth(DATE arg)
	Integer dayofweek(DATE arg)
	Integer dayofyear(DATE arg)
	Double degrees(NUMERIC arg)
	Long dense_rank([arg0[, ...]])
	Boolean every(BOOLEAN arg)
	Double exp(NUMERIC arg)
	extract(TEMPORAL_UNIT field from TEMPORAL arg)
	first_valueANY value
	floor(NUMERIC arg)
	String format(TEMPORAL datetime as STRING pattern)
	greatest(COMPARABLE arg0, COMPARABLE arg1[, arg2[, ...]])
	String hex(arg)
	Integer hour(TIME arg)
	ifnull(arg0, arg1)
	String insert(STRING string, INTEGER start, INTEGER length, STRING replacement)
	Instant instant
	Integer instr(STRING string, STRING pattern[, INTEGER start[, INTEGER occurrence]])
	String json_array([arg0[, ...]])
	String json_array_append(IMPLICIT_JSON arg0, STRING arg1, ANY arg2)
	String json_array_insert(IMPLICIT_JSON arg0, STRING arg1, ANY arg2)
	String json_arrayagg(arg0[, arg1])
	Boolean json_exists(IMPLICIT_JSON arg0, STRING arg1)
	String json_insert(IMPLICIT_JSON arg0, STRING arg1, ANY arg2)
	String json_mergepatch(IMPLICIT_JSON arg0, IMPLICIT_JSON arg1[, arg2[, ...]])
	String json_object( ... )
	String json_objectagg(arg0, arg1[, arg2, arg3])
	String json_query( ... )
	String json_remove(IMPLICIT_JSON arg0, STRING arg1)
	String json_replace(IMPLICIT_JSON arg0, STRING arg1, ANY arg2)
	String json_set(IMPLICIT_JSON arg0, STRING arg1, ANY arg2)
	json_value( ... )
	lagANY value[, INTEGER offset[, ANY default]]
	Date last_day(DATE arg)
	last_valueANY value
	leadANY value[, INTEGER offset[, ANY default]]
	least(COMPARABLE arg0, COMPARABLE arg1[, arg2[, ...]])
	String left(STRING string, INTEGER length)
	Integer length(STRING_OR_CLOB arg)
	String listagg(STRING arg0, STRING arg1)
	Double ln(NUMERIC arg)
	LocalDate local date
	LocalDateTime local datetime
	LocalTime local time
	LocalDate local_date
	LocalDateTime local_datetime
	LocalTime local_time
	Date localtime
	Date localtimestamp
	Integer locate(STRING pattern, STRING string[, INTEGER start])
	Double log(NUMERIC arg0[, NUMERIC arg1])
	Double log10(NUMERIC arg)
	Double log2(NUMERIC arg)
	String lower(STRING string)
	String lpad(string, length[, padding])
	String ltrim(STRING string[, STRING characters])
	Date makedate(INTEGER year, INTEGER dayofyear)
	Date maketime(INTEGER hour, INTEGER min, INTEGER sec)
	max(COMPARABLE arg)
	byte[] md5(arg)
	Integer microsecond(TIME arg)
	min(COMPARABLE arg)
	Integer minute(TIME arg)
	Integer mod(INTEGER arg0, INTEGER arg1)
	Integer month(DATE arg)
	String monthname(DATE arg)
	Date now()
	nth_valueANY value, INTEGER nth
	nullif(arg0, arg1)
	Integer octet_length(STRING_OR_CLOB arg)
	OffsetDateTime offset datetime
	OffsetDateTime offset_datetime
	Integer ordinal(ENUM arg)
	String overlay(STRING string placing STRING replacement from INTEGER start[ for INTEGER length])
	String pad(STRING string with INTEGER length {leading|trailing}[ STRING character])
	Double percent_rank([arg0[, ...]])
	Double pi
	Integer position(STRING pattern in STRING string)
	Double power(NUMERIC arg0, NUMERIC arg1)
	Integer quarter(DATE arg)
	Double radians(NUMERIC arg)
	Double rand([INTEGER seed])
	Long rank([arg0[, ...]])
	Boolean regexp_like(STRING arg0, STRING arg1[, STRING arg2])
	String repeat(STRING string, INTEGER times)
	String replace(STRING string, STRING pattern, STRING replacement)
	String reverse(STRING arg)
	String right(STRING string, INTEGER length)
	round(NUMERIC number[, INTEGER places])
	Long row_number()
	String rpad(string, length[, padding])
	String rtrim(STRING string[, STRING characters])
	Integer second(TIME arg)
	byte[] sha(arg)
	String sha1(arg)
	String sha2(arg0, arg1)
	Integer sign(NUMERIC arg)
	Double sin(NUMERIC arg)
	Double sinh(NUMERIC arg)
	String soundex(arg)
	String space(INTEGER arg)
	sql
	Double sqrt(NUMERIC arg)
	Double stddev(NUMERIC arg)
	Double stddev_pop(NUMERIC arg)
	Double stddev_samp(NUMERIC arg)
	String str(arg)
	String string(ENUM arg)
	subdate(DATE datetime, INTEGER days)
	String substr(STRING string, INTEGER start[, INTEGER length])
	String substring(STRING string{ from|,} INTEGER start[{ for|,} INTEGER length])
	subtime(TIME datetime, TIME time)
	sum(arg)
	Date sysdate()
	Double tan(NUMERIC arg)
	Double tanh(NUMERIC arg)
	String time(arg)
	Date timestamp(arg0[, arg1])
	timestampadd(TEMPORAL_UNIT field, INTEGER magnitude, TEMPORAL datetime)
	Long|Double timestampdiff(TEMPORAL_UNIT field, TEMPORAL start, TEMPORAL end)
	String trim([[{leading|trailing|both} ][STRING arg0 ]from] STRING arg1)
	trunc( ... )
	truncate( ... )
	String upper(STRING string)
	Date utc_date
	Date utc_time
	Date utc_timestamp
	Double var_pop(NUMERIC arg)
	Double var_samp(NUMERIC arg)
	Double variance(NUMERIC arg)
	Integer week(DATE arg)
	Integer year(DATE arg)

2026-03-25 17:32:08 DEBUG core:211 - HHH000513: Unable to create the ReflectionOptimizer for [com.test.Books]: private accessor [b_author]
2026-03-25 17:32:08 DEBUG core:211 - HHH000513: Unable to create the ReflectionOptimizer for [com.test.Story_Book]: private accessor [b_author]
2026-03-25 17:32:08 INFO  core:53 - HHH000489: No JTA platform available (set 'hibernate.transaction.jta.platform' to enable JTA platform integration)
2026-03-25 17:32:08 DEBUG service:102 - HHH010454: EventListenerRegistry access via ServiceRegistry is deprecated - use 'sessionFactory.getEventEngine().getListenerRegistry()' instead
2026-03-25 17:32:08 ERROR query:297 - HHH90003001: Error in named query: BookQuery
org.hibernate.query.sqm.UnknownEntityException: Could not resolve root entity 'books'
	at org.hibernate.query.hql.internal.SemanticQueryBuilder.resolveRootEntity(SemanticQueryBuilder.java:2072) ~[hibernate-core-7.3.0.Final.jar:7.3.0.Final]
	at org.hibernate.query.hql.internal.SemanticQueryBuilder.visitRootEntity(SemanticQueryBuilder.java:2002) ~[hibernate-core-7.3.0.Final.jar:7.3.0.Final]
	at org.hibernate.query.hql.internal.SemanticQueryBuilder.visitRootEntity(SemanticQueryBuilder.java:246) ~[hibernate-core-7.3.0.Final.jar:7.3.0.Final]
	at org.hibernate.grammars.hql.HqlParser$RootEntityContext.accept(HqlParser.java:2820) ~[hibernate-core-7.3.0.Final.jar:7.3.0.Final]
	at org.hibernate.query.hql.internal.SemanticQueryBuilder.visitEntityWithJoins(SemanticQueryBuilder.java:1972) ~[hibernate-core-7.3.0.Final.jar:7.3.0.Final]
	at org.hibernate.query.hql.internal.SemanticQueryBuilder.visitFromClause(SemanticQueryBuilder.java:1959) ~[hibernate-core-7.3.0.Final.jar:7.3.0.Final]
	at org.hibernate.query.hql.internal.SemanticQueryBuilder.visitQuery(SemanticQueryBuilder.java:1151) ~[hibernate-core-7.3.0.Final.jar:7.3.0.Final]
	at org.hibernate.query.hql.internal.SemanticQueryBuilder.visitQuerySpecExpression(SemanticQueryBuilder.java:955) ~[hibernate-core-7.3.0.Final.jar:7.3.0.Final]
	at org.hibernate.query.hql.internal.SemanticQueryBuilder.visitQuerySpecExpression(SemanticQueryBuilder.java:246) ~[hibernate-core-7.3.0.Final.jar:7.3.0.Final]
	at org.hibernate.grammars.hql.HqlParser$QuerySpecExpressionContext.accept(HqlParser.java:2113) ~[hibernate-core-7.3.0.Final.jar:7.3.0.Final]
	at org.hibernate.query.hql.internal.SemanticQueryBuilder.visitQueryExpression(SemanticQueryBuilder.java:984) ~[hibernate-core-7.3.0.Final.jar:7.3.0.Final]
	at org.hibernate.query.hql.internal.SemanticQueryBuilder.visitQueryExpression(SemanticQueryBuilder.java:246) ~[hibernate-core-7.3.0.Final.jar:7.3.0.Final]
	at org.hibernate.grammars.hql.HqlParser$QueryExpressionContext.accept(HqlParser.java:2003) ~[hibernate-core-7.3.0.Final.jar:7.3.0.Final]
	at org.hibernate.query.hql.internal.SemanticQueryBuilder.visitSelectStatement(SemanticQueryBuilder.java:471) ~[hibernate-core-7.3.0.Final.jar:7.3.0.Final]
	at org.hibernate.query.hql.internal.SemanticQueryBuilder.visitStatement(SemanticQueryBuilder.java:430) ~[hibernate-core-7.3.0.Final.jar:7.3.0.Final]
	at org.hibernate.query.hql.internal.SemanticQueryBuilder.buildSemanticModel(SemanticQueryBuilder.java:291) ~[hibernate-core-7.3.0.Final.jar:7.3.0.Final]
	at org.hibernate.query.hql.internal.StandardHqlTranslator.translate(StandardHqlTranslator.java:64) ~[hibernate-core-7.3.0.Final.jar:7.3.0.Final]
	at org.hibernate.query.internal.QueryInterpretationCacheStandardImpl.createHqlInterpretation(QueryInterpretationCacheStandardImpl.java:165) ~[hibernate-core-7.3.0.Final.jar:7.3.0.Final]
	at org.hibernate.query.internal.QueryInterpretationCacheStandardImpl.resolveHqlInterpretation(QueryInterpretationCacheStandardImpl.java:147) ~[hibernate-core-7.3.0.Final.jar:7.3.0.Final]
	at org.hibernate.query.internal.NamedObjectRepositoryImpl.checkNamedQueries(NamedObjectRepositoryImpl.java:322) ~[hibernate-core-7.3.0.Final.jar:7.3.0.Final]
	at org.hibernate.query.internal.NamedObjectRepositoryImpl.validateNamedQueries(NamedObjectRepositoryImpl.java:292) [hibernate-core-7.3.0.Final.jar:7.3.0.Final]
	at org.hibernate.query.internal.QueryEngineImpl.validateNamedQueries(QueryEngineImpl.java:211) [hibernate-core-7.3.0.Final.jar:7.3.0.Final]
	at org.hibernate.boot.internal.SessionFactoryObserverForNamedQueryValidation.sessionFactoryCreated(SessionFactoryObserverForNamedQueryValidation.java:37) [hibernate-core-7.3.0.Final.jar:7.3.0.Final]
	at org.hibernate.internal.SessionFactoryObserverChain.sessionFactoryCreated(SessionFactoryObserverChain.java:33) [hibernate-core-7.3.0.Final.jar:7.3.0.Final]
	at org.hibernate.internal.SessionFactoryImpl.<init>(SessionFactoryImpl.java:323) [hibernate-core-7.3.0.Final.jar:7.3.0.Final]
	at org.hibernate.internal.SessionFactoryRegistry.instantiateSessionFactory(SessionFactoryRegistry.java:64) [hibernate-core-7.3.0.Final.jar:7.3.0.Final]
	at org.hibernate.boot.internal.SessionFactoryBuilderImpl.build(SessionFactoryBuilderImpl.java:444) [hibernate-core-7.3.0.Final.jar:7.3.0.Final]
	at org.hibernate.cfg.Configuration.buildSessionFactory(Configuration.java:1112) [hibernate-core-7.3.0.Final.jar:7.3.0.Final]
	at org.hibernate.cfg.Configuration.buildSessionFactory(Configuration.java:1131) [hibernate-core-7.3.0.Final.jar:7.3.0.Final]
	at com.test.NamedQueryDemo.main(NamedQueryDemo.java:17) [classes/:?]
2026-03-25 17:32:08 DEBUG factory:800 - HHH90020005: Closing factory [fb26c6a1-7e42-4f02-8b0c-8c7f80fb4f0a]
2026-03-25 17:32:08 DEBUG pooling:79 - HHH10001008: Cleaning up connection pool [jdbc:mysql://localhost:3306/mlamarch]
2026-03-25 17:33:25 DEBUG service:41 - HHH010455: Adding integrator: org.hibernate.boot.beanvalidation.BeanValidationIntegrator
2026-03-25 17:33:25 DEBUG service:41 - HHH010455: Adding integrator: org.hibernate.cache.internal.CollectionCacheInvalidator
2026-03-25 17:33:25 INFO  core:41 - HHH000001: Hibernate ORM core version 7.3.0.Final
2026-03-25 17:33:25 DEBUG core:155 - HHH000206: 'hibernate.properties' not found
2026-03-25 17:33:25 DEBUG boot:97 - HHH160204: cfg.xml document did not define namespaces; wrapping in custom event reader to introduce namespace information
2026-03-25 17:33:25 DEBUG cache:116 - HHH90001031: Cannot default RegionFactory since no RegionFactory strategies were registered
2026-03-25 17:33:25 DEBUG cache:46 - HHH90001029: Second-level cache disabled
2026-03-25 17:33:26 WARN  pooling:86 - HHH10001002: Using built-in connection pool (not intended for production use)
2026-03-25 17:33:26 DEBUG pooling:34 - HHH10001014: Initializing connection pool with 1 connections
2026-03-25 17:33:26 DEBUG jdbc:457 - HHH100017: Database:
	name: MySQL
	version: 8.0.42
	major: 8
	minor: 0
2026-03-25 17:33:26 DEBUG jdbc:463 - HHH100018: Driver:
	name: MySQL Connector/J
	version: mysql-connector-j-8.0.33 (Revision: 7d6b0800528b6b25c68b52dc10d6c1c8429c100c)
	major: 8
	minor: 0
	JDBC version: 4.2
2026-03-25 17:33:26 WARN  deprecation:152 - HHH90000025: MySQLDialect does not need to be specified explicitly using 'hibernate.dialect' (remove the property setting and it will be selected by default)
2026-03-25 17:33:26 DEBUG dialect:93 - HHH035001: Using dialect: org.hibernate.dialect.MySQLDialect, version: 8.0.42
2026-03-25 17:33:26 DEBUG IdentifierHelperBuilder:205 - IdentifierCaseStrategy for both quoted and unquoted identifiers was set to the same strategy [LOWER]; that will likely lead to problems in schema update and validation if using quoted identifiers
2026-03-25 17:33:26 DEBUG jdbc:379 - HHH100122: Using default JDBC fetch size: 0
2026-03-25 17:33:26 INFO  pooling:179 - HHH10001005: Database info:
	Database JDBC URL [jdbc:mysql://localhost:3306/mlamarch]
	Database driver: MySQL Connector/J
	Database dialect: MySQLDialect
	Database version: 8.0.42
	Default catalog/schema: mlamarch/undefined
	Autocommit mode: false
	Isolation level: REPEATABLE_READ
	JDBC fetch size: none
	Pool: DriverManagerConnectionProvider
	Minimum pool size: 1
	Maximum pool size: 20
2026-03-25 17:33:26 DEBUG factory:230 - HHH90020001: Instantiating factory [efed2005-c2a5-4898-bf29-fa4a40bfd542] with settings: {hibernate.format_sql=true, java.specification.version=25, sun.cpu.isalist=amd64, sun.jnu.encoding=Cp1252, hibernate.dialect=org.hibernate.dialect.MySQLDialect, java.class.path=C:\Users\ar.likith\Desktop\sts\Assesment\target\classes;C:\Users\ar.likith\.m2\repository\com\mysql\mysql-connector-j\8.0.33\mysql-connector-j-8.0.33.jar;C:\Users\ar.likith\.m2\repository\com\google\protobuf\protobuf-java\3.21.9\protobuf-java-3.21.9.jar;C:\Users\ar.likith\.m2\repository\org\hibernate\orm\hibernate-core\7.3.0.Final\hibernate-core-7.3.0.Final.jar;C:\Users\ar.likith\.m2\repository\jakarta\persistence\jakarta.persistence-api\3.2.0\jakarta.persistence-api-3.2.0.jar;C:\Users\ar.likith\.m2\repository\jakarta\transaction\jakarta.transaction-api\2.0.1\jakarta.transaction-api-2.0.1.jar;C:\Users\ar.likith\.m2\repository\org\jboss\logging\jboss-logging\3.6.1.Final\jboss-logging-3.6.1.Final.jar;C:\Users\ar.likith\.m2\repository\org\hibernate\models\hibernate-models\1.1.0\hibernate-models-1.1.0.jar;C:\Users\ar.likith\.m2\repository\net\bytebuddy\byte-buddy\1.18.7\byte-buddy-1.18.7.jar;C:\Users\ar.likith\.m2\repository\jakarta\xml\bind\jakarta.xml.bind-api\4.0.4\jakarta.xml.bind-api-4.0.4.jar;C:\Users\ar.likith\.m2\repository\jakarta\activation\jakarta.activation-api\2.1.4\jakarta.activation-api-2.1.4.jar;C:\Users\ar.likith\.m2\repository\org\glassfish\jaxb\jaxb-runtime\4.0.6\jaxb-runtime-4.0.6.jar;C:\Users\ar.likith\.m2\repository\org\glassfish\jaxb\jaxb-core\4.0.6\jaxb-core-4.0.6.jar;C:\Users\ar.likith\.m2\repository\org\eclipse\angus\angus-activation\2.0.3\angus-activation-2.0.3.jar;C:\Users\ar.likith\.m2\repository\org\glassfish\jaxb\txw2\4.0.6\txw2-4.0.6.jar;C:\Users\ar.likith\.m2\repository\com\sun\istack\istack-commons-runtime\4.1.2\istack-commons-runtime-4.1.2.jar;C:\Users\ar.likith\.m2\repository\jakarta\inject\jakarta.inject-api\2.0.1\jakarta.inject-api-2.0.1.jar;C:\Users\ar.likith\.m2\repository\org\antlr\antlr4-runtime\4.13.2\antlr4-runtime-4.13.2.jar;C:\Users\ar.likith\.m2\repository\org\apache\logging\log4j\log4j-core\2.17.1\log4j-core-2.17.1.jar;C:\Users\ar.likith\.m2\repository\org\apache\logging\log4j\log4j-api\2.17.1\log4j-api-2.17.1.jar;C:\Users\ar.likith\.m2\repository\org\apache\logging\log4j\log4j-slf4j-impl\2.17.1\log4j-slf4j-impl-2.17.1.jar;C:\Users\ar.likith\.m2\repository\org\slf4j\slf4j-api\1.7.25\slf4j-api-1.7.25.jar, java.vm.vendor=Eclipse Adoptium, sun.arch.data.model=64, hbm2ddl.auto=create, user.variant=, java.vendor.url=https://adoptium.net/, user.timezone=Asia/Calcutta, java.vm.specification.version=25, os.name=Windows 11, sun.java.launcher=SUN_STANDARD, user.country=US, sun.boot.library.path=C:\Users\ar.likith\Downloads\sts-5.1.1.RELEASE\plugins\org.eclipse.justj.openjdk.hotspot.jre.full.win32.x86_64_25.0.2.v20260203-1141\jre\bin, sun.java.command=com.test.NamedQueryDemo, jdk.debug=release, sun.cpu.endian=little, user.home=C:\Users\ar.likith, user.language=en, java.specification.vendor=Oracle Corporation, java.version.date=2026-01-20, java.home=C:\Users\ar.likith\Downloads\sts-5.1.1.RELEASE\plugins\org.eclipse.justj.openjdk.hotspot.jre.full.win32.x86_64_25.0.2.v20260203-1141\jre, file.separator=\, java.vm.compressedOopsMode=Zero based, line.separator=
, java.vm.specification.vendor=Oracle Corporation, java.specification.name=Java Platform API Specification, hibernate.hbm2ddl.auto=create, user.script=, sun.management.compiler=HotSpot 64-Bit Tiered Compilers, java.runtime.version=25.0.2+10-LTS, user.name=ar.likith, stdout.encoding=UTF-8, path.separator=;, hibernate.connection.username=****, os.version=10.0, java.runtime.name=OpenJDK Runtime Environment, hibernate.connection.url=jdbc:mysql://localhost:3306/mlamarch, file.encoding=UTF-8, format_sql=true, java.vm.name=OpenJDK 64-Bit Server VM, hibernate.show_sql=true, java.vendor.version=Temurin-25.0.2+10, show_sql=true, hibernate.connection.driver_class=com.mysql.cj.jdbc.Driver, java.vendor.url.bug=https://github.com/adoptium/adoptium-support/issues, java.io.tmpdir=C:\Users\ARBCDF~1.LIK\AppData\Local\Temp\, java.version=25.0.2, user.dir=C:\Users\ar.likith\Desktop\sts\Assesment, os.arch=amd64, java.vm.specification.name=Java Virtual Machine Specification, hibernate.connection.password=****, sun.os.patch.level=, hibernate.boot.CfgXmlAccessService.key=org.hibernate.boot.cfgxml.spi.LoadedConfig@25953be6, native.encoding=Cp1252, java.library.path=C:\Users\ar.likith\Downloads\sts-5.1.1.RELEASE\plugins\org.eclipse.justj.openjdk.hotspot.jre.full.win32.x86_64_25.0.2.v20260203-1141\jre\bin;C:\WINDOWS\Sun\Java\bin;C:\WINDOWS\system32;C:\WINDOWS;C:/Users/ar.likith/Downloads/sts-5.1.1.RELEASE//plugins/org.eclipse.justj.openjdk.hotspot.jre.full.win32.x86_64_25.0.2.v20260203-1141/jre/bin/server;C:/Users/ar.likith/Downloads/sts-5.1.1.RELEASE//plugins/org.eclipse.justj.openjdk.hotspot.jre.full.win32.x86_64_25.0.2.v20260203-1141/jre/bin;C:\Program Files\Microsoft\jdk-11.0.23.9-hotspot\bin;C:\Program Files\Microsoft\jdk-17.0.15.6-hotspot\bin;C:\Program Files\Python313\Scripts\;C:\Program Files\Python313\;%SystemRoot%\system32;%SystemRoot%;%SystemRoot%\System32\Wbem;%SYSTEMROOT%\System32\WindowsPowerShell\v1.0\;%SYSTEMROOT%\System32\OpenSSH\;C:\Program Files (x86)\Microsoft SQL Server\160\Tools\Binn\;C:\Program Files\Microsoft SQL Server\160\Tools\Binn\;C:\Program Files\Microsoft SQL Server\Client SDK\ODBC\170\Tools\Binn\;C:\Program Files\Microsoft SQL Server\160\DTS\Binn\;C:\Program Files\dotnet\;C:\Program Files\Microsoft VS Code\bin;C:\Program Files\Git\cmd;C:\Program Files\apache-maven-3.9.10\bin;C:\Program Files\nodejs\;C:\Program Files\PuTTY\;C:\Program Files (x86)\Microsoft SQL Server\160\DTS\Binn\;C:\Program Files\apache-maven-3.9.10\bin;C:\Program Files\apache-maven-3.9.10\bin;C:\Program Files\apache-maven-3.9.10\bin;C:\Program Files\apache-maven-3.9.10\bin;C:\Program Files\apache-maven-3.9.10\bin;C:\Users\ar.likith\AppData\Local\Microsoft\WindowsApps;;C:\Users\ar.likith\Downloads\sts-5.1.1.RELEASE;;., stderr.encoding=UTF-8, java.vendor=Eclipse Adoptium, java.vm.info=mixed mode, sharing, stdin.encoding=Cp1252, java.vm.version=25.0.2+10-LTS, sun.io.unicode.encoding=UnicodeLittle, java.class.version=69.0}
2026-03-25 17:33:27 DEBUG HQL_FUNCTIONS:155 - Available HQL Functions:
	abs(NUMERIC arg)
	Double acos(NUMERIC arg)
	adddate(DATE datetime, INTEGER days)
	addtime(TIME datetime, TIME time)
	Boolean any(BOOLEAN arg)
	Integer ascii(STRING arg)
	Double asin(NUMERIC arg)
	Double atan(NUMERIC arg)
	Double atan2(NUMERIC arg0, NUMERIC arg1)
	avg(arg)
	bit_and(arg)
	Integer bit_length(STRING_OR_CLOB arg)
	bit_or(arg)
	bitand(arg0, arg1)
	bitnot(arg)
	bitor(arg0, arg1)
	bitxor(arg0, arg1)
	cast(arg as Type)
	ceiling(NUMERIC arg)
	Character char(INTEGER arg)
	Integer character_length(STRING_OR_CLOB arg)
	Character chr(INTEGER arg)
	coalesce(arg0[, arg1[, ...]])
	String collate(STRING string as COLLATION collation)
	String concat(STRING string0[, STRING string1[, ...]])
	Double cos(NUMERIC arg)
	Double cosh(NUMERIC arg)
	Double cot(NUMERIC arg)
	Long count([distinct ]{arg|*})
	Integer crc32(arg)
	Double cume_dist([arg0[, ...]])
	Date curdate()
	Date current date
	Date current time
	Date current timestamp
	Date current_date
	Instant current_instant
	Date current_time
	Date current_timestamp
	Date curtime()
	Date date(arg)
	dateadd(TEMPORAL_UNIT field, INTEGER magnitude, TEMPORAL datetime)
	Integer datediff(DATE end, DATE start)
	Integer day(DATE arg)
	String dayname(DATE arg)
	Integer dayofmonth(DATE arg)
	Integer dayofweek(DATE arg)
	Integer dayofyear(DATE arg)
	Double degrees(NUMERIC arg)
	Long dense_rank([arg0[, ...]])
	Boolean every(BOOLEAN arg)
	Double exp(NUMERIC arg)
	extract(TEMPORAL_UNIT field from TEMPORAL arg)
	first_valueANY value
	floor(NUMERIC arg)
	String format(TEMPORAL datetime as STRING pattern)
	greatest(COMPARABLE arg0, COMPARABLE arg1[, arg2[, ...]])
	String hex(arg)
	Integer hour(TIME arg)
	ifnull(arg0, arg1)
	String insert(STRING string, INTEGER start, INTEGER length, STRING replacement)
	Instant instant
	Integer instr(STRING string, STRING pattern[, INTEGER start[, INTEGER occurrence]])
	String json_array([arg0[, ...]])
	String json_array_append(IMPLICIT_JSON arg0, STRING arg1, ANY arg2)
	String json_array_insert(IMPLICIT_JSON arg0, STRING arg1, ANY arg2)
	String json_arrayagg(arg0[, arg1])
	Boolean json_exists(IMPLICIT_JSON arg0, STRING arg1)
	String json_insert(IMPLICIT_JSON arg0, STRING arg1, ANY arg2)
	String json_mergepatch(IMPLICIT_JSON arg0, IMPLICIT_JSON arg1[, arg2[, ...]])
	String json_object( ... )
	String json_objectagg(arg0, arg1[, arg2, arg3])
	String json_query( ... )
	String json_remove(IMPLICIT_JSON arg0, STRING arg1)
	String json_replace(IMPLICIT_JSON arg0, STRING arg1, ANY arg2)
	String json_set(IMPLICIT_JSON arg0, STRING arg1, ANY arg2)
	json_value( ... )
	lagANY value[, INTEGER offset[, ANY default]]
	Date last_day(DATE arg)
	last_valueANY value
	leadANY value[, INTEGER offset[, ANY default]]
	least(COMPARABLE arg0, COMPARABLE arg1[, arg2[, ...]])
	String left(STRING string, INTEGER length)
	Integer length(STRING_OR_CLOB arg)
	String listagg(STRING arg0, STRING arg1)
	Double ln(NUMERIC arg)
	LocalDate local date
	LocalDateTime local datetime
	LocalTime local time
	LocalDate local_date
	LocalDateTime local_datetime
	LocalTime local_time
	Date localtime
	Date localtimestamp
	Integer locate(STRING pattern, STRING string[, INTEGER start])
	Double log(NUMERIC arg0[, NUMERIC arg1])
	Double log10(NUMERIC arg)
	Double log2(NUMERIC arg)
	String lower(STRING string)
	String lpad(string, length[, padding])
	String ltrim(STRING string[, STRING characters])
	Date makedate(INTEGER year, INTEGER dayofyear)
	Date maketime(INTEGER hour, INTEGER min, INTEGER sec)
	max(COMPARABLE arg)
	byte[] md5(arg)
	Integer microsecond(TIME arg)
	min(COMPARABLE arg)
	Integer minute(TIME arg)
	Integer mod(INTEGER arg0, INTEGER arg1)
	Integer month(DATE arg)
	String monthname(DATE arg)
	Date now()
	nth_valueANY value, INTEGER nth
	nullif(arg0, arg1)
	Integer octet_length(STRING_OR_CLOB arg)
	OffsetDateTime offset datetime
	OffsetDateTime offset_datetime
	Integer ordinal(ENUM arg)
	String overlay(STRING string placing STRING replacement from INTEGER start[ for INTEGER length])
	String pad(STRING string with INTEGER length {leading|trailing}[ STRING character])
	Double percent_rank([arg0[, ...]])
	Double pi
	Integer position(STRING pattern in STRING string)
	Double power(NUMERIC arg0, NUMERIC arg1)
	Integer quarter(DATE arg)
	Double radians(NUMERIC arg)
	Double rand([INTEGER seed])
	Long rank([arg0[, ...]])
	Boolean regexp_like(STRING arg0, STRING arg1[, STRING arg2])
	String repeat(STRING string, INTEGER times)
	String replace(STRING string, STRING pattern, STRING replacement)
	String reverse(STRING arg)
	String right(STRING string, INTEGER length)
	round(NUMERIC number[, INTEGER places])
	Long row_number()
	String rpad(string, length[, padding])
	String rtrim(STRING string[, STRING characters])
	Integer second(TIME arg)
	byte[] sha(arg)
	String sha1(arg)
	String sha2(arg0, arg1)
	Integer sign(NUMERIC arg)
	Double sin(NUMERIC arg)
	Double sinh(NUMERIC arg)
	String soundex(arg)
	String space(INTEGER arg)
	sql
	Double sqrt(NUMERIC arg)
	Double stddev(NUMERIC arg)
	Double stddev_pop(NUMERIC arg)
	Double stddev_samp(NUMERIC arg)
	String str(arg)
	String string(ENUM arg)
	subdate(DATE datetime, INTEGER days)
	String substr(STRING string, INTEGER start[, INTEGER length])
	String substring(STRING string{ from|,} INTEGER start[{ for|,} INTEGER length])
	subtime(TIME datetime, TIME time)
	sum(arg)
	Date sysdate()
	Double tan(NUMERIC arg)
	Double tanh(NUMERIC arg)
	String time(arg)
	Date timestamp(arg0[, arg1])
	timestampadd(TEMPORAL_UNIT field, INTEGER magnitude, TEMPORAL datetime)
	Long|Double timestampdiff(TEMPORAL_UNIT field, TEMPORAL start, TEMPORAL end)
	String trim([[{leading|trailing|both} ][STRING arg0 ]from] STRING arg1)
	trunc( ... )
	truncate( ... )
	String upper(STRING string)
	Date utc_date
	Date utc_time
	Date utc_timestamp
	Double var_pop(NUMERIC arg)
	Double var_samp(NUMERIC arg)
	Double variance(NUMERIC arg)
	Integer week(DATE arg)
	Integer year(DATE arg)

2026-03-25 17:33:27 DEBUG core:211 - HHH000513: Unable to create the ReflectionOptimizer for [com.test.Books]: private accessor [b_author]
2026-03-25 17:33:27 DEBUG core:211 - HHH000513: Unable to create the ReflectionOptimizer for [com.test.Story_Book]: private accessor [b_author]
2026-03-25 17:33:27 INFO  core:53 - HHH000489: No JTA platform available (set 'hibernate.transaction.jta.platform' to enable JTA platform integration)
2026-03-25 17:33:27 DEBUG service:102 - HHH010454: EventListenerRegistry access via ServiceRegistry is deprecated - use 'sessionFactory.getEventEngine().getListenerRegistry()' instead
2026-03-25 17:33:27 ERROR query:297 - HHH90003001: Error in named query: BookQuery
org.hibernate.query.sqm.UnknownEntityException: Could not resolve root entity 'books'
	at org.hibernate.query.hql.internal.SemanticQueryBuilder.resolveRootEntity(SemanticQueryBuilder.java:2072) ~[hibernate-core-7.3.0.Final.jar:7.3.0.Final]
	at org.hibernate.query.hql.internal.SemanticQueryBuilder.visitRootEntity(SemanticQueryBuilder.java:2002) ~[hibernate-core-7.3.0.Final.jar:7.3.0.Final]
	at org.hibernate.query.hql.internal.SemanticQueryBuilder.visitRootEntity(SemanticQueryBuilder.java:246) ~[hibernate-core-7.3.0.Final.jar:7.3.0.Final]
	at org.hibernate.grammars.hql.HqlParser$RootEntityContext.accept(HqlParser.java:2820) ~[hibernate-core-7.3.0.Final.jar:7.3.0.Final]
	at org.hibernate.query.hql.internal.SemanticQueryBuilder.visitEntityWithJoins(SemanticQueryBuilder.java:1972) ~[hibernate-core-7.3.0.Final.jar:7.3.0.Final]
	at org.hibernate.query.hql.internal.SemanticQueryBuilder.visitFromClause(SemanticQueryBuilder.java:1959) ~[hibernate-core-7.3.0.Final.jar:7.3.0.Final]
	at org.hibernate.query.hql.internal.SemanticQueryBuilder.visitQuery(SemanticQueryBuilder.java:1151) ~[hibernate-core-7.3.0.Final.jar:7.3.0.Final]
	at org.hibernate.query.hql.internal.SemanticQueryBuilder.visitQuerySpecExpression(SemanticQueryBuilder.java:955) ~[hibernate-core-7.3.0.Final.jar:7.3.0.Final]
	at org.hibernate.query.hql.internal.SemanticQueryBuilder.visitQuerySpecExpression(SemanticQueryBuilder.java:246) ~[hibernate-core-7.3.0.Final.jar:7.3.0.Final]
	at org.hibernate.grammars.hql.HqlParser$QuerySpecExpressionContext.accept(HqlParser.java:2113) ~[hibernate-core-7.3.0.Final.jar:7.3.0.Final]
	at org.hibernate.query.hql.internal.SemanticQueryBuilder.visitQueryExpression(SemanticQueryBuilder.java:984) ~[hibernate-core-7.3.0.Final.jar:7.3.0.Final]
	at org.hibernate.query.hql.internal.SemanticQueryBuilder.visitQueryExpression(SemanticQueryBuilder.java:246) ~[hibernate-core-7.3.0.Final.jar:7.3.0.Final]
	at org.hibernate.grammars.hql.HqlParser$QueryExpressionContext.accept(HqlParser.java:2003) ~[hibernate-core-7.3.0.Final.jar:7.3.0.Final]
	at org.hibernate.query.hql.internal.SemanticQueryBuilder.visitSelectStatement(SemanticQueryBuilder.java:471) ~[hibernate-core-7.3.0.Final.jar:7.3.0.Final]
	at org.hibernate.query.hql.internal.SemanticQueryBuilder.visitStatement(SemanticQueryBuilder.java:430) ~[hibernate-core-7.3.0.Final.jar:7.3.0.Final]
	at org.hibernate.query.hql.internal.SemanticQueryBuilder.buildSemanticModel(SemanticQueryBuilder.java:291) ~[hibernate-core-7.3.0.Final.jar:7.3.0.Final]
	at org.hibernate.query.hql.internal.StandardHqlTranslator.translate(StandardHqlTranslator.java:64) ~[hibernate-core-7.3.0.Final.jar:7.3.0.Final]
	at org.hibernate.query.internal.QueryInterpretationCacheStandardImpl.createHqlInterpretation(QueryInterpretationCacheStandardImpl.java:165) ~[hibernate-core-7.3.0.Final.jar:7.3.0.Final]
	at org.hibernate.query.internal.QueryInterpretationCacheStandardImpl.resolveHqlInterpretation(QueryInterpretationCacheStandardImpl.java:147) ~[hibernate-core-7.3.0.Final.jar:7.3.0.Final]
	at org.hibernate.query.internal.NamedObjectRepositoryImpl.checkNamedQueries(NamedObjectRepositoryImpl.java:322) ~[hibernate-core-7.3.0.Final.jar:7.3.0.Final]
	at org.hibernate.query.internal.NamedObjectRepositoryImpl.validateNamedQueries(NamedObjectRepositoryImpl.java:292) [hibernate-core-7.3.0.Final.jar:7.3.0.Final]
	at org.hibernate.query.internal.QueryEngineImpl.validateNamedQueries(QueryEngineImpl.java:211) [hibernate-core-7.3.0.Final.jar:7.3.0.Final]
	at org.hibernate.boot.internal.SessionFactoryObserverForNamedQueryValidation.sessionFactoryCreated(SessionFactoryObserverForNamedQueryValidation.java:37) [hibernate-core-7.3.0.Final.jar:7.3.0.Final]
	at org.hibernate.internal.SessionFactoryObserverChain.sessionFactoryCreated(SessionFactoryObserverChain.java:33) [hibernate-core-7.3.0.Final.jar:7.3.0.Final]
	at org.hibernate.internal.SessionFactoryImpl.<init>(SessionFactoryImpl.java:323) [hibernate-core-7.3.0.Final.jar:7.3.0.Final]
	at org.hibernate.internal.SessionFactoryRegistry.instantiateSessionFactory(SessionFactoryRegistry.java:64) [hibernate-core-7.3.0.Final.jar:7.3.0.Final]
	at org.hibernate.boot.internal.SessionFactoryBuilderImpl.build(SessionFactoryBuilderImpl.java:444) [hibernate-core-7.3.0.Final.jar:7.3.0.Final]
	at org.hibernate.cfg.Configuration.buildSessionFactory(Configuration.java:1112) [hibernate-core-7.3.0.Final.jar:7.3.0.Final]
	at org.hibernate.cfg.Configuration.buildSessionFactory(Configuration.java:1131) [hibernate-core-7.3.0.Final.jar:7.3.0.Final]
	at com.test.NamedQueryDemo.main(NamedQueryDemo.java:17) [classes/:?]
2026-03-25 17:33:27 DEBUG factory:800 - HHH90020005: Closing factory [efed2005-c2a5-4898-bf29-fa4a40bfd542]
2026-03-25 17:33:27 DEBUG pooling:79 - HHH10001008: Cleaning up connection pool [jdbc:mysql://localhost:3306/mlamarch]
2026-03-25 17:34:11 DEBUG service:41 - HHH010455: Adding integrator: org.hibernate.boot.beanvalidation.BeanValidationIntegrator
2026-03-25 17:34:11 DEBUG service:41 - HHH010455: Adding integrator: org.hibernate.cache.internal.CollectionCacheInvalidator
2026-03-25 17:34:11 INFO  core:41 - HHH000001: Hibernate ORM core version 7.3.0.Final
2026-03-25 17:34:11 DEBUG core:155 - HHH000206: 'hibernate.properties' not found
2026-03-25 17:34:11 DEBUG boot:97 - HHH160204: cfg.xml document did not define namespaces; wrapping in custom event reader to introduce namespace information
2026-03-25 17:34:11 DEBUG cache:116 - HHH90001031: Cannot default RegionFactory since no RegionFactory strategies were registered
2026-03-25 17:34:11 DEBUG cache:46 - HHH90001029: Second-level cache disabled
2026-03-25 17:34:12 WARN  pooling:86 - HHH10001002: Using built-in connection pool (not intended for production use)
2026-03-25 17:34:12 DEBUG pooling:34 - HHH10001014: Initializing connection pool with 1 connections
2026-03-25 17:34:12 DEBUG jdbc:457 - HHH100017: Database:
	name: MySQL
	version: 8.0.42
	major: 8
	minor: 0
2026-03-25 17:34:12 DEBUG jdbc:463 - HHH100018: Driver:
	name: MySQL Connector/J
	version: mysql-connector-j-8.0.33 (Revision: 7d6b0800528b6b25c68b52dc10d6c1c8429c100c)
	major: 8
	minor: 0
	JDBC version: 4.2
2026-03-25 17:34:12 WARN  deprecation:152 - HHH90000025: MySQLDialect does not need to be specified explicitly using 'hibernate.dialect' (remove the property setting and it will be selected by default)
2026-03-25 17:34:12 DEBUG dialect:93 - HHH035001: Using dialect: org.hibernate.dialect.MySQLDialect, version: 8.0.42
2026-03-25 17:34:12 DEBUG IdentifierHelperBuilder:205 - IdentifierCaseStrategy for both quoted and unquoted identifiers was set to the same strategy [LOWER]; that will likely lead to problems in schema update and validation if using quoted identifiers
2026-03-25 17:34:12 DEBUG jdbc:379 - HHH100122: Using default JDBC fetch size: 0
2026-03-25 17:34:12 INFO  pooling:179 - HHH10001005: Database info:
	Database JDBC URL [jdbc:mysql://localhost:3306/mlamarch]
	Database driver: MySQL Connector/J
	Database dialect: MySQLDialect
	Database version: 8.0.42
	Default catalog/schema: mlamarch/undefined
	Autocommit mode: false
	Isolation level: REPEATABLE_READ
	JDBC fetch size: none
	Pool: DriverManagerConnectionProvider
	Minimum pool size: 1
	Maximum pool size: 20
2026-03-25 17:34:12 DEBUG factory:230 - HHH90020001: Instantiating factory [3f17e7f9-d43c-4a50-a714-7ed81121048b] with settings: {hibernate.format_sql=true, java.specification.version=25, sun.cpu.isalist=amd64, sun.jnu.encoding=Cp1252, hibernate.dialect=org.hibernate.dialect.MySQLDialect, java.class.path=C:\Users\ar.likith\Desktop\sts\Assesment\target\classes;C:\Users\ar.likith\.m2\repository\com\mysql\mysql-connector-j\8.0.33\mysql-connector-j-8.0.33.jar;C:\Users\ar.likith\.m2\repository\com\google\protobuf\protobuf-java\3.21.9\protobuf-java-3.21.9.jar;C:\Users\ar.likith\.m2\repository\org\hibernate\orm\hibernate-core\7.3.0.Final\hibernate-core-7.3.0.Final.jar;C:\Users\ar.likith\.m2\repository\jakarta\persistence\jakarta.persistence-api\3.2.0\jakarta.persistence-api-3.2.0.jar;C:\Users\ar.likith\.m2\repository\jakarta\transaction\jakarta.transaction-api\2.0.1\jakarta.transaction-api-2.0.1.jar;C:\Users\ar.likith\.m2\repository\org\jboss\logging\jboss-logging\3.6.1.Final\jboss-logging-3.6.1.Final.jar;C:\Users\ar.likith\.m2\repository\org\hibernate\models\hibernate-models\1.1.0\hibernate-models-1.1.0.jar;C:\Users\ar.likith\.m2\repository\net\bytebuddy\byte-buddy\1.18.7\byte-buddy-1.18.7.jar;C:\Users\ar.likith\.m2\repository\jakarta\xml\bind\jakarta.xml.bind-api\4.0.4\jakarta.xml.bind-api-4.0.4.jar;C:\Users\ar.likith\.m2\repository\jakarta\activation\jakarta.activation-api\2.1.4\jakarta.activation-api-2.1.4.jar;C:\Users\ar.likith\.m2\repository\org\glassfish\jaxb\jaxb-runtime\4.0.6\jaxb-runtime-4.0.6.jar;C:\Users\ar.likith\.m2\repository\org\glassfish\jaxb\jaxb-core\4.0.6\jaxb-core-4.0.6.jar;C:\Users\ar.likith\.m2\repository\org\eclipse\angus\angus-activation\2.0.3\angus-activation-2.0.3.jar;C:\Users\ar.likith\.m2\repository\org\glassfish\jaxb\txw2\4.0.6\txw2-4.0.6.jar;C:\Users\ar.likith\.m2\repository\com\sun\istack\istack-commons-runtime\4.1.2\istack-commons-runtime-4.1.2.jar;C:\Users\ar.likith\.m2\repository\jakarta\inject\jakarta.inject-api\2.0.1\jakarta.inject-api-2.0.1.jar;C:\Users\ar.likith\.m2\repository\org\antlr\antlr4-runtime\4.13.2\antlr4-runtime-4.13.2.jar;C:\Users\ar.likith\.m2\repository\org\apache\logging\log4j\log4j-core\2.17.1\log4j-core-2.17.1.jar;C:\Users\ar.likith\.m2\repository\org\apache\logging\log4j\log4j-api\2.17.1\log4j-api-2.17.1.jar;C:\Users\ar.likith\.m2\repository\org\apache\logging\log4j\log4j-slf4j-impl\2.17.1\log4j-slf4j-impl-2.17.1.jar;C:\Users\ar.likith\.m2\repository\org\slf4j\slf4j-api\1.7.25\slf4j-api-1.7.25.jar, java.vm.vendor=Eclipse Adoptium, sun.arch.data.model=64, hbm2ddl.auto=create, user.variant=, java.vendor.url=https://adoptium.net/, user.timezone=Asia/Calcutta, java.vm.specification.version=25, os.name=Windows 11, sun.java.launcher=SUN_STANDARD, user.country=US, sun.boot.library.path=C:\Users\ar.likith\Downloads\sts-5.1.1.RELEASE\plugins\org.eclipse.justj.openjdk.hotspot.jre.full.win32.x86_64_25.0.2.v20260203-1141\jre\bin, sun.java.command=com.test.NamedQueryDemo, jdk.debug=release, sun.cpu.endian=little, user.home=C:\Users\ar.likith, user.language=en, java.specification.vendor=Oracle Corporation, java.version.date=2026-01-20, java.home=C:\Users\ar.likith\Downloads\sts-5.1.1.RELEASE\plugins\org.eclipse.justj.openjdk.hotspot.jre.full.win32.x86_64_25.0.2.v20260203-1141\jre, file.separator=\, java.vm.compressedOopsMode=Zero based, line.separator=
, java.vm.specification.vendor=Oracle Corporation, java.specification.name=Java Platform API Specification, hibernate.hbm2ddl.auto=create, user.script=, sun.management.compiler=HotSpot 64-Bit Tiered Compilers, java.runtime.version=25.0.2+10-LTS, user.name=ar.likith, stdout.encoding=UTF-8, path.separator=;, hibernate.connection.username=****, os.version=10.0, java.runtime.name=OpenJDK Runtime Environment, hibernate.connection.url=jdbc:mysql://localhost:3306/mlamarch, file.encoding=UTF-8, format_sql=true, java.vm.name=OpenJDK 64-Bit Server VM, hibernate.show_sql=true, java.vendor.version=Temurin-25.0.2+10, show_sql=true, hibernate.connection.driver_class=com.mysql.cj.jdbc.Driver, java.vendor.url.bug=https://github.com/adoptium/adoptium-support/issues, java.io.tmpdir=C:\Users\ARBCDF~1.LIK\AppData\Local\Temp\, java.version=25.0.2, user.dir=C:\Users\ar.likith\Desktop\sts\Assesment, os.arch=amd64, java.vm.specification.name=Java Virtual Machine Specification, hibernate.connection.password=****, sun.os.patch.level=, hibernate.boot.CfgXmlAccessService.key=org.hibernate.boot.cfgxml.spi.LoadedConfig@25953be6, native.encoding=Cp1252, java.library.path=C:\Users\ar.likith\Downloads\sts-5.1.1.RELEASE\plugins\org.eclipse.justj.openjdk.hotspot.jre.full.win32.x86_64_25.0.2.v20260203-1141\jre\bin;C:\WINDOWS\Sun\Java\bin;C:\WINDOWS\system32;C:\WINDOWS;C:/Users/ar.likith/Downloads/sts-5.1.1.RELEASE//plugins/org.eclipse.justj.openjdk.hotspot.jre.full.win32.x86_64_25.0.2.v20260203-1141/jre/bin/server;C:/Users/ar.likith/Downloads/sts-5.1.1.RELEASE//plugins/org.eclipse.justj.openjdk.hotspot.jre.full.win32.x86_64_25.0.2.v20260203-1141/jre/bin;C:\Program Files\Microsoft\jdk-11.0.23.9-hotspot\bin;C:\Program Files\Microsoft\jdk-17.0.15.6-hotspot\bin;C:\Program Files\Python313\Scripts\;C:\Program Files\Python313\;%SystemRoot%\system32;%SystemRoot%;%SystemRoot%\System32\Wbem;%SYSTEMROOT%\System32\WindowsPowerShell\v1.0\;%SYSTEMROOT%\System32\OpenSSH\;C:\Program Files (x86)\Microsoft SQL Server\160\Tools\Binn\;C:\Program Files\Microsoft SQL Server\160\Tools\Binn\;C:\Program Files\Microsoft SQL Server\Client SDK\ODBC\170\Tools\Binn\;C:\Program Files\Microsoft SQL Server\160\DTS\Binn\;C:\Program Files\dotnet\;C:\Program Files\Microsoft VS Code\bin;C:\Program Files\Git\cmd;C:\Program Files\apache-maven-3.9.10\bin;C:\Program Files\nodejs\;C:\Program Files\PuTTY\;C:\Program Files (x86)\Microsoft SQL Server\160\DTS\Binn\;C:\Program Files\apache-maven-3.9.10\bin;C:\Program Files\apache-maven-3.9.10\bin;C:\Program Files\apache-maven-3.9.10\bin;C:\Program Files\apache-maven-3.9.10\bin;C:\Program Files\apache-maven-3.9.10\bin;C:\Users\ar.likith\AppData\Local\Microsoft\WindowsApps;;C:\Users\ar.likith\Downloads\sts-5.1.1.RELEASE;;., stderr.encoding=UTF-8, java.vendor=Eclipse Adoptium, java.vm.info=mixed mode, sharing, stdin.encoding=Cp1252, java.vm.version=25.0.2+10-LTS, sun.io.unicode.encoding=UnicodeLittle, java.class.version=69.0}
2026-03-25 17:34:12 DEBUG HQL_FUNCTIONS:155 - Available HQL Functions:
	abs(NUMERIC arg)
	Double acos(NUMERIC arg)
	adddate(DATE datetime, INTEGER days)
	addtime(TIME datetime, TIME time)
	Boolean any(BOOLEAN arg)
	Integer ascii(STRING arg)
	Double asin(NUMERIC arg)
	Double atan(NUMERIC arg)
	Double atan2(NUMERIC arg0, NUMERIC arg1)
	avg(arg)
	bit_and(arg)
	Integer bit_length(STRING_OR_CLOB arg)
	bit_or(arg)
	bitand(arg0, arg1)
	bitnot(arg)
	bitor(arg0, arg1)
	bitxor(arg0, arg1)
	cast(arg as Type)
	ceiling(NUMERIC arg)
	Character char(INTEGER arg)
	Integer character_length(STRING_OR_CLOB arg)
	Character chr(INTEGER arg)
	coalesce(arg0[, arg1[, ...]])
	String collate(STRING string as COLLATION collation)
	String concat(STRING string0[, STRING string1[, ...]])
	Double cos(NUMERIC arg)
	Double cosh(NUMERIC arg)
	Double cot(NUMERIC arg)
	Long count([distinct ]{arg|*})
	Integer crc32(arg)
	Double cume_dist([arg0[, ...]])
	Date curdate()
	Date current date
	Date current time
	Date current timestamp
	Date current_date
	Instant current_instant
	Date current_time
	Date current_timestamp
	Date curtime()
	Date date(arg)
	dateadd(TEMPORAL_UNIT field, INTEGER magnitude, TEMPORAL datetime)
	Integer datediff(DATE end, DATE start)
	Integer day(DATE arg)
	String dayname(DATE arg)
	Integer dayofmonth(DATE arg)
	Integer dayofweek(DATE arg)
	Integer dayofyear(DATE arg)
	Double degrees(NUMERIC arg)
	Long dense_rank([arg0[, ...]])
	Boolean every(BOOLEAN arg)
	Double exp(NUMERIC arg)
	extract(TEMPORAL_UNIT field from TEMPORAL arg)
	first_valueANY value
	floor(NUMERIC arg)
	String format(TEMPORAL datetime as STRING pattern)
	greatest(COMPARABLE arg0, COMPARABLE arg1[, arg2[, ...]])
	String hex(arg)
	Integer hour(TIME arg)
	ifnull(arg0, arg1)
	String insert(STRING string, INTEGER start, INTEGER length, STRING replacement)
	Instant instant
	Integer instr(STRING string, STRING pattern[, INTEGER start[, INTEGER occurrence]])
	String json_array([arg0[, ...]])
	String json_array_append(IMPLICIT_JSON arg0, STRING arg1, ANY arg2)
	String json_array_insert(IMPLICIT_JSON arg0, STRING arg1, ANY arg2)
	String json_arrayagg(arg0[, arg1])
	Boolean json_exists(IMPLICIT_JSON arg0, STRING arg1)
	String json_insert(IMPLICIT_JSON arg0, STRING arg1, ANY arg2)
	String json_mergepatch(IMPLICIT_JSON arg0, IMPLICIT_JSON arg1[, arg2[, ...]])
	String json_object( ... )
	String json_objectagg(arg0, arg1[, arg2, arg3])
	String json_query( ... )
	String json_remove(IMPLICIT_JSON arg0, STRING arg1)
	String json_replace(IMPLICIT_JSON arg0, STRING arg1, ANY arg2)
	String json_set(IMPLICIT_JSON arg0, STRING arg1, ANY arg2)
	json_value( ... )
	lagANY value[, INTEGER offset[, ANY default]]
	Date last_day(DATE arg)
	last_valueANY value
	leadANY value[, INTEGER offset[, ANY default]]
	least(COMPARABLE arg0, COMPARABLE arg1[, arg2[, ...]])
	String left(STRING string, INTEGER length)
	Integer length(STRING_OR_CLOB arg)
	String listagg(STRING arg0, STRING arg1)
	Double ln(NUMERIC arg)
	LocalDate local date
	LocalDateTime local datetime
	LocalTime local time
	LocalDate local_date
	LocalDateTime local_datetime
	LocalTime local_time
	Date localtime
	Date localtimestamp
	Integer locate(STRING pattern, STRING string[, INTEGER start])
	Double log(NUMERIC arg0[, NUMERIC arg1])
	Double log10(NUMERIC arg)
	Double log2(NUMERIC arg)
	String lower(STRING string)
	String lpad(string, length[, padding])
	String ltrim(STRING string[, STRING characters])
	Date makedate(INTEGER year, INTEGER dayofyear)
	Date maketime(INTEGER hour, INTEGER min, INTEGER sec)
	max(COMPARABLE arg)
	byte[] md5(arg)
	Integer microsecond(TIME arg)
	min(COMPARABLE arg)
	Integer minute(TIME arg)
	Integer mod(INTEGER arg0, INTEGER arg1)
	Integer month(DATE arg)
	String monthname(DATE arg)
	Date now()
	nth_valueANY value, INTEGER nth
	nullif(arg0, arg1)
	Integer octet_length(STRING_OR_CLOB arg)
	OffsetDateTime offset datetime
	OffsetDateTime offset_datetime
	Integer ordinal(ENUM arg)
	String overlay(STRING string placing STRING replacement from INTEGER start[ for INTEGER length])
	String pad(STRING string with INTEGER length {leading|trailing}[ STRING character])
	Double percent_rank([arg0[, ...]])
	Double pi
	Integer position(STRING pattern in STRING string)
	Double power(NUMERIC arg0, NUMERIC arg1)
	Integer quarter(DATE arg)
	Double radians(NUMERIC arg)
	Double rand([INTEGER seed])
	Long rank([arg0[, ...]])
	Boolean regexp_like(STRING arg0, STRING arg1[, STRING arg2])
	String repeat(STRING string, INTEGER times)
	String replace(STRING string, STRING pattern, STRING replacement)
	String reverse(STRING arg)
	String right(STRING string, INTEGER length)
	round(NUMERIC number[, INTEGER places])
	Long row_number()
	String rpad(string, length[, padding])
	String rtrim(STRING string[, STRING characters])
	Integer second(TIME arg)
	byte[] sha(arg)
	String sha1(arg)
	String sha2(arg0, arg1)
	Integer sign(NUMERIC arg)
	Double sin(NUMERIC arg)
	Double sinh(NUMERIC arg)
	String soundex(arg)
	String space(INTEGER arg)
	sql
	Double sqrt(NUMERIC arg)
	Double stddev(NUMERIC arg)
	Double stddev_pop(NUMERIC arg)
	Double stddev_samp(NUMERIC arg)
	String str(arg)
	String string(ENUM arg)
	subdate(DATE datetime, INTEGER days)
	String substr(STRING string, INTEGER start[, INTEGER length])
	String substring(STRING string{ from|,} INTEGER start[{ for|,} INTEGER length])
	subtime(TIME datetime, TIME time)
	sum(arg)
	Date sysdate()
	Double tan(NUMERIC arg)
	Double tanh(NUMERIC arg)
	String time(arg)
	Date timestamp(arg0[, arg1])
	timestampadd(TEMPORAL_UNIT field, INTEGER magnitude, TEMPORAL datetime)
	Long|Double timestampdiff(TEMPORAL_UNIT field, TEMPORAL start, TEMPORAL end)
	String trim([[{leading|trailing|both} ][STRING arg0 ]from] STRING arg1)
	trunc( ... )
	truncate( ... )
	String upper(STRING string)
	Date utc_date
	Date utc_time
	Date utc_timestamp
	Double var_pop(NUMERIC arg)
	Double var_samp(NUMERIC arg)
	Double variance(NUMERIC arg)
	Integer week(DATE arg)
	Integer year(DATE arg)

2026-03-25 17:34:13 DEBUG core:211 - HHH000513: Unable to create the ReflectionOptimizer for [com.test.Books]: private accessor [b_author]
2026-03-25 17:34:13 DEBUG core:211 - HHH000513: Unable to create the ReflectionOptimizer for [com.test.Story_Book]: private accessor [b_author]
2026-03-25 17:34:13 INFO  core:53 - HHH000489: No JTA platform available (set 'hibernate.transaction.jta.platform' to enable JTA platform integration)
2026-03-25 17:34:13 DEBUG service:102 - HHH010454: EventListenerRegistry access via ServiceRegistry is deprecated - use 'sessionFactory.getEventEngine().getListenerRegistry()' instead
2026-03-25 17:34:13 ERROR query:297 - HHH90003001: Error in named query: BookQuery
org.hibernate.query.sqm.UnknownPathException: Could not resolve attribute 'name' of 'com.test.Books' [from Books o where o.name=:name]
	at org.hibernate.query.hql.internal.StandardHqlTranslator.translate(StandardHqlTranslator.java:81) ~[hibernate-core-7.3.0.Final.jar:7.3.0.Final]
	at org.hibernate.query.internal.QueryInterpretationCacheStandardImpl.createHqlInterpretation(QueryInterpretationCacheStandardImpl.java:165) ~[hibernate-core-7.3.0.Final.jar:7.3.0.Final]
	at org.hibernate.query.internal.QueryInterpretationCacheStandardImpl.resolveHqlInterpretation(QueryInterpretationCacheStandardImpl.java:147) ~[hibernate-core-7.3.0.Final.jar:7.3.0.Final]
	at org.hibernate.query.internal.NamedObjectRepositoryImpl.checkNamedQueries(NamedObjectRepositoryImpl.java:322) ~[hibernate-core-7.3.0.Final.jar:7.3.0.Final]
	at org.hibernate.query.internal.NamedObjectRepositoryImpl.validateNamedQueries(NamedObjectRepositoryImpl.java:292) [hibernate-core-7.3.0.Final.jar:7.3.0.Final]
	at org.hibernate.query.internal.QueryEngineImpl.validateNamedQueries(QueryEngineImpl.java:211) [hibernate-core-7.3.0.Final.jar:7.3.0.Final]
	at org.hibernate.boot.internal.SessionFactoryObserverForNamedQueryValidation.sessionFactoryCreated(SessionFactoryObserverForNamedQueryValidation.java:37) [hibernate-core-7.3.0.Final.jar:7.3.0.Final]
	at org.hibernate.internal.SessionFactoryObserverChain.sessionFactoryCreated(SessionFactoryObserverChain.java:33) [hibernate-core-7.3.0.Final.jar:7.3.0.Final]
	at org.hibernate.internal.SessionFactoryImpl.<init>(SessionFactoryImpl.java:323) [hibernate-core-7.3.0.Final.jar:7.3.0.Final]
	at org.hibernate.internal.SessionFactoryRegistry.instantiateSessionFactory(SessionFactoryRegistry.java:64) [hibernate-core-7.3.0.Final.jar:7.3.0.Final]
	at org.hibernate.boot.internal.SessionFactoryBuilderImpl.build(SessionFactoryBuilderImpl.java:444) [hibernate-core-7.3.0.Final.jar:7.3.0.Final]
	at org.hibernate.cfg.Configuration.buildSessionFactory(Configuration.java:1112) [hibernate-core-7.3.0.Final.jar:7.3.0.Final]
	at org.hibernate.cfg.Configuration.buildSessionFactory(Configuration.java:1131) [hibernate-core-7.3.0.Final.jar:7.3.0.Final]
	at com.test.NamedQueryDemo.main(NamedQueryDemo.java:17) [classes/:?]
Caused by: org.hibernate.query.sqm.PathElementException: Could not resolve attribute 'name' of 'com.test.Books'
	at org.hibernate.query.sqm.SqmPathSource.getSubPathSource(SqmPathSource.java:94) ~[hibernate-core-7.3.0.Final.jar:7.3.0.Final]
	at org.hibernate.query.sqm.tree.domain.AbstractSqmPath.get(AbstractSqmPath.java:223) ~[hibernate-core-7.3.0.Final.jar:7.3.0.Final]
	at org.hibernate.query.sqm.tree.domain.AbstractSqmFrom.resolvePathPart(AbstractSqmFrom.java:215) ~[hibernate-core-7.3.0.Final.jar:7.3.0.Final]
	at org.hibernate.query.hql.internal.DomainPathPart.resolvePathPart(DomainPathPart.java:39) ~[hibernate-core-7.3.0.Final.jar:7.3.0.Final]
	at org.hibernate.query.hql.internal.BasicDotIdentifierConsumer.consumeIdentifier(BasicDotIdentifierConsumer.java:90) ~[hibernate-core-7.3.0.Final.jar:7.3.0.Final]
	at org.hibernate.query.hql.internal.SemanticQueryBuilder.visitSimplePath(SemanticQueryBuilder.java:5796) ~[hibernate-core-7.3.0.Final.jar:7.3.0.Final]
	at org.hibernate.query.hql.internal.SemanticQueryBuilder.visitGeneralPathFragment(SemanticQueryBuilder.java:5651) ~[hibernate-core-7.3.0.Final.jar:7.3.0.Final]
	at org.hibernate.query.hql.internal.SemanticQueryBuilder.visitGeneralPathExpression(SemanticQueryBuilder.java:1821) ~[hibernate-core-7.3.0.Final.jar:7.3.0.Final]
	at org.hibernate.grammars.hql.HqlParser$GeneralPathExpressionContext.accept(HqlParser.java:7847) ~[hibernate-core-7.3.0.Final.jar:7.3.0.Final]
	at org.antlr.v4.runtime.tree.AbstractParseTreeVisitor.visitChildren(AbstractParseTreeVisitor.java:46) ~[antlr4-runtime-4.13.2.jar:4.13.2]
	at org.hibernate.grammars.hql.HqlParserBaseVisitor.visitBarePrimaryExpression(HqlParserBaseVisitor.java:761) ~[hibernate-core-7.3.0.Final.jar:7.3.0.Final]
	at org.hibernate.grammars.hql.HqlParser$BarePrimaryExpressionContext.accept(HqlParser.java:7296) ~[hibernate-core-7.3.0.Final.jar:7.3.0.Final]
	at org.hibernate.query.hql.internal.SemanticQueryBuilder.createComparisonPredicate(SemanticQueryBuilder.java:2556) ~[hibernate-core-7.3.0.Final.jar:7.3.0.Final]
	at org.hibernate.query.hql.internal.SemanticQueryBuilder.visitBinaryExpressionPredicate(SemanticQueryBuilder.java:2509) ~[hibernate-core-7.3.0.Final.jar:7.3.0.Final]
	at org.hibernate.query.hql.internal.SemanticQueryBuilder.visitBinaryExpressionPredicate(SemanticQueryBuilder.java:246) ~[hibernate-core-7.3.0.Final.jar:7.3.0.Final]
	at org.hibernate.grammars.hql.HqlParser$BinaryExpressionPredicateContext.accept(HqlParser.java:6218) ~[hibernate-core-7.3.0.Final.jar:7.3.0.Final]
	at org.hibernate.query.hql.internal.SemanticQueryBuilder.visitWhereClause(SemanticQueryBuilder.java:2336) ~[hibernate-core-7.3.0.Final.jar:7.3.0.Final]
	at org.hibernate.query.hql.internal.SemanticQueryBuilder.visitWhereClause(SemanticQueryBuilder.java:246) ~[hibernate-core-7.3.0.Final.jar:7.3.0.Final]
	at org.hibernate.grammars.hql.HqlParser$WhereClauseContext.accept(HqlParser.java:6146) ~[hibernate-core-7.3.0.Final.jar:7.3.0.Final]
	at org.hibernate.query.hql.internal.SemanticQueryBuilder.visitQuery(SemanticQueryBuilder.java:1162) ~[hibernate-core-7.3.0.Final.jar:7.3.0.Final]
	at org.hibernate.query.hql.internal.SemanticQueryBuilder.visitQuerySpecExpression(SemanticQueryBuilder.java:955) ~[hibernate-core-7.3.0.Final.jar:7.3.0.Final]
	at org.hibernate.query.hql.internal.SemanticQueryBuilder.visitQuerySpecExpression(SemanticQueryBuilder.java:246) ~[hibernate-core-7.3.0.Final.jar:7.3.0.Final]
	at org.hibernate.grammars.hql.HqlParser$QuerySpecExpressionContext.accept(HqlParser.java:2113) ~[hibernate-core-7.3.0.Final.jar:7.3.0.Final]
	at org.hibernate.query.hql.internal.SemanticQueryBuilder.visitQueryExpression(SemanticQueryBuilder.java:984) ~[hibernate-core-7.3.0.Final.jar:7.3.0.Final]
	at org.hibernate.query.hql.internal.SemanticQueryBuilder.visitQueryExpression(SemanticQueryBuilder.java:246) ~[hibernate-core-7.3.0.Final.jar:7.3.0.Final]
	at org.hibernate.grammars.hql.HqlParser$QueryExpressionContext.accept(HqlParser.java:2003) ~[hibernate-core-7.3.0.Final.jar:7.3.0.Final]
	at org.hibernate.query.hql.internal.SemanticQueryBuilder.visitSelectStatement(SemanticQueryBuilder.java:471) ~[hibernate-core-7.3.0.Final.jar:7.3.0.Final]
	at org.hibernate.query.hql.internal.SemanticQueryBuilder.visitStatement(SemanticQueryBuilder.java:430) ~[hibernate-core-7.3.0.Final.jar:7.3.0.Final]
	at org.hibernate.query.hql.internal.SemanticQueryBuilder.buildSemanticModel(SemanticQueryBuilder.java:291) ~[hibernate-core-7.3.0.Final.jar:7.3.0.Final]
	at org.hibernate.query.hql.internal.StandardHqlTranslator.translate(StandardHqlTranslator.java:64) ~[hibernate-core-7.3.0.Final.jar:7.3.0.Final]
	... 13 more
2026-03-25 17:34:13 DEBUG factory:800 - HHH90020005: Closing factory [3f17e7f9-d43c-4a50-a714-7ed81121048b]
2026-03-25 17:34:13 DEBUG pooling:79 - HHH10001008: Cleaning up connection pool [jdbc:mysql://localhost:3306/mlamarch]
2026-03-25 17:34:29 DEBUG service:41 - HHH010455: Adding integrator: org.hibernate.boot.beanvalidation.BeanValidationIntegrator
2026-03-25 17:34:29 DEBUG service:41 - HHH010455: Adding integrator: org.hibernate.cache.internal.CollectionCacheInvalidator
2026-03-25 17:34:29 INFO  core:41 - HHH000001: Hibernate ORM core version 7.3.0.Final
2026-03-25 17:34:29 DEBUG core:155 - HHH000206: 'hibernate.properties' not found
2026-03-25 17:34:29 DEBUG boot:97 - HHH160204: cfg.xml document did not define namespaces; wrapping in custom event reader to introduce namespace information
2026-03-25 17:34:29 DEBUG cache:116 - HHH90001031: Cannot default RegionFactory since no RegionFactory strategies were registered
2026-03-25 17:34:29 DEBUG cache:46 - HHH90001029: Second-level cache disabled
2026-03-25 17:34:29 WARN  pooling:86 - HHH10001002: Using built-in connection pool (not intended for production use)
2026-03-25 17:34:30 DEBUG pooling:34 - HHH10001014: Initializing connection pool with 1 connections
2026-03-25 17:34:30 DEBUG jdbc:457 - HHH100017: Database:
	name: MySQL
	version: 8.0.42
	major: 8
	minor: 0
2026-03-25 17:34:30 DEBUG jdbc:463 - HHH100018: Driver:
	name: MySQL Connector/J
	version: mysql-connector-j-8.0.33 (Revision: 7d6b0800528b6b25c68b52dc10d6c1c8429c100c)
	major: 8
	minor: 0
	JDBC version: 4.2
2026-03-25 17:34:30 WARN  deprecation:152 - HHH90000025: MySQLDialect does not need to be specified explicitly using 'hibernate.dialect' (remove the property setting and it will be selected by default)
2026-03-25 17:34:30 DEBUG dialect:93 - HHH035001: Using dialect: org.hibernate.dialect.MySQLDialect, version: 8.0.42
2026-03-25 17:34:30 DEBUG IdentifierHelperBuilder:205 - IdentifierCaseStrategy for both quoted and unquoted identifiers was set to the same strategy [LOWER]; that will likely lead to problems in schema update and validation if using quoted identifiers
2026-03-25 17:34:30 DEBUG jdbc:379 - HHH100122: Using default JDBC fetch size: 0
2026-03-25 17:34:30 INFO  pooling:179 - HHH10001005: Database info:
	Database JDBC URL [jdbc:mysql://localhost:3306/mlamarch]
	Database driver: MySQL Connector/J
	Database dialect: MySQLDialect
	Database version: 8.0.42
	Default catalog/schema: mlamarch/undefined
	Autocommit mode: false
	Isolation level: REPEATABLE_READ
	JDBC fetch size: none
	Pool: DriverManagerConnectionProvider
	Minimum pool size: 1
	Maximum pool size: 20
2026-03-25 17:34:30 DEBUG factory:230 - HHH90020001: Instantiating factory [5f7f0c7e-b69f-44d6-a90c-89b38099bfd0] with settings: {hibernate.format_sql=true, java.specification.version=25, sun.cpu.isalist=amd64, sun.jnu.encoding=Cp1252, hibernate.dialect=org.hibernate.dialect.MySQLDialect, java.class.path=C:\Users\ar.likith\Desktop\sts\Assesment\target\classes;C:\Users\ar.likith\.m2\repository\com\mysql\mysql-connector-j\8.0.33\mysql-connector-j-8.0.33.jar;C:\Users\ar.likith\.m2\repository\com\google\protobuf\protobuf-java\3.21.9\protobuf-java-3.21.9.jar;C:\Users\ar.likith\.m2\repository\org\hibernate\orm\hibernate-core\7.3.0.Final\hibernate-core-7.3.0.Final.jar;C:\Users\ar.likith\.m2\repository\jakarta\persistence\jakarta.persistence-api\3.2.0\jakarta.persistence-api-3.2.0.jar;C:\Users\ar.likith\.m2\repository\jakarta\transaction\jakarta.transaction-api\2.0.1\jakarta.transaction-api-2.0.1.jar;C:\Users\ar.likith\.m2\repository\org\jboss\logging\jboss-logging\3.6.1.Final\jboss-logging-3.6.1.Final.jar;C:\Users\ar.likith\.m2\repository\org\hibernate\models\hibernate-models\1.1.0\hibernate-models-1.1.0.jar;C:\Users\ar.likith\.m2\repository\net\bytebuddy\byte-buddy\1.18.7\byte-buddy-1.18.7.jar;C:\Users\ar.likith\.m2\repository\jakarta\xml\bind\jakarta.xml.bind-api\4.0.4\jakarta.xml.bind-api-4.0.4.jar;C:\Users\ar.likith\.m2\repository\jakarta\activation\jakarta.activation-api\2.1.4\jakarta.activation-api-2.1.4.jar;C:\Users\ar.likith\.m2\repository\org\glassfish\jaxb\jaxb-runtime\4.0.6\jaxb-runtime-4.0.6.jar;C:\Users\ar.likith\.m2\repository\org\glassfish\jaxb\jaxb-core\4.0.6\jaxb-core-4.0.6.jar;C:\Users\ar.likith\.m2\repository\org\eclipse\angus\angus-activation\2.0.3\angus-activation-2.0.3.jar;C:\Users\ar.likith\.m2\repository\org\glassfish\jaxb\txw2\4.0.6\txw2-4.0.6.jar;C:\Users\ar.likith\.m2\repository\com\sun\istack\istack-commons-runtime\4.1.2\istack-commons-runtime-4.1.2.jar;C:\Users\ar.likith\.m2\repository\jakarta\inject\jakarta.inject-api\2.0.1\jakarta.inject-api-2.0.1.jar;C:\Users\ar.likith\.m2\repository\org\antlr\antlr4-runtime\4.13.2\antlr4-runtime-4.13.2.jar;C:\Users\ar.likith\.m2\repository\org\apache\logging\log4j\log4j-core\2.17.1\log4j-core-2.17.1.jar;C:\Users\ar.likith\.m2\repository\org\apache\logging\log4j\log4j-api\2.17.1\log4j-api-2.17.1.jar;C:\Users\ar.likith\.m2\repository\org\apache\logging\log4j\log4j-slf4j-impl\2.17.1\log4j-slf4j-impl-2.17.1.jar;C:\Users\ar.likith\.m2\repository\org\slf4j\slf4j-api\1.7.25\slf4j-api-1.7.25.jar, java.vm.vendor=Eclipse Adoptium, sun.arch.data.model=64, hbm2ddl.auto=create, user.variant=, java.vendor.url=https://adoptium.net/, user.timezone=Asia/Calcutta, java.vm.specification.version=25, os.name=Windows 11, sun.java.launcher=SUN_STANDARD, user.country=US, sun.boot.library.path=C:\Users\ar.likith\Downloads\sts-5.1.1.RELEASE\plugins\org.eclipse.justj.openjdk.hotspot.jre.full.win32.x86_64_25.0.2.v20260203-1141\jre\bin, sun.java.command=com.test.NamedQueryDemo, jdk.debug=release, sun.cpu.endian=little, user.home=C:\Users\ar.likith, user.language=en, java.specification.vendor=Oracle Corporation, java.version.date=2026-01-20, java.home=C:\Users\ar.likith\Downloads\sts-5.1.1.RELEASE\plugins\org.eclipse.justj.openjdk.hotspot.jre.full.win32.x86_64_25.0.2.v20260203-1141\jre, file.separator=\, java.vm.compressedOopsMode=Zero based, line.separator=
, java.vm.specification.vendor=Oracle Corporation, java.specification.name=Java Platform API Specification, hibernate.hbm2ddl.auto=create, user.script=, sun.management.compiler=HotSpot 64-Bit Tiered Compilers, java.runtime.version=25.0.2+10-LTS, user.name=ar.likith, stdout.encoding=UTF-8, path.separator=;, hibernate.connection.username=****, os.version=10.0, java.runtime.name=OpenJDK Runtime Environment, hibernate.connection.url=jdbc:mysql://localhost:3306/mlamarch, file.encoding=UTF-8, format_sql=true, java.vm.name=OpenJDK 64-Bit Server VM, hibernate.show_sql=true, java.vendor.version=Temurin-25.0.2+10, show_sql=true, hibernate.connection.driver_class=com.mysql.cj.jdbc.Driver, java.vendor.url.bug=https://github.com/adoptium/adoptium-support/issues, java.io.tmpdir=C:\Users\ARBCDF~1.LIK\AppData\Local\Temp\, java.version=25.0.2, user.dir=C:\Users\ar.likith\Desktop\sts\Assesment, os.arch=amd64, java.vm.specification.name=Java Virtual Machine Specification, hibernate.connection.password=****, sun.os.patch.level=, hibernate.boot.CfgXmlAccessService.key=org.hibernate.boot.cfgxml.spi.LoadedConfig@25953be6, native.encoding=Cp1252, java.library.path=C:\Users\ar.likith\Downloads\sts-5.1.1.RELEASE\plugins\org.eclipse.justj.openjdk.hotspot.jre.full.win32.x86_64_25.0.2.v20260203-1141\jre\bin;C:\WINDOWS\Sun\Java\bin;C:\WINDOWS\system32;C:\WINDOWS;C:/Users/ar.likith/Downloads/sts-5.1.1.RELEASE//plugins/org.eclipse.justj.openjdk.hotspot.jre.full.win32.x86_64_25.0.2.v20260203-1141/jre/bin/server;C:/Users/ar.likith/Downloads/sts-5.1.1.RELEASE//plugins/org.eclipse.justj.openjdk.hotspot.jre.full.win32.x86_64_25.0.2.v20260203-1141/jre/bin;C:\Program Files\Microsoft\jdk-11.0.23.9-hotspot\bin;C:\Program Files\Microsoft\jdk-17.0.15.6-hotspot\bin;C:\Program Files\Python313\Scripts\;C:\Program Files\Python313\;%SystemRoot%\system32;%SystemRoot%;%SystemRoot%\System32\Wbem;%SYSTEMROOT%\System32\WindowsPowerShell\v1.0\;%SYSTEMROOT%\System32\OpenSSH\;C:\Program Files (x86)\Microsoft SQL Server\160\Tools\Binn\;C:\Program Files\Microsoft SQL Server\160\Tools\Binn\;C:\Program Files\Microsoft SQL Server\Client SDK\ODBC\170\Tools\Binn\;C:\Program Files\Microsoft SQL Server\160\DTS\Binn\;C:\Program Files\dotnet\;C:\Program Files\Microsoft VS Code\bin;C:\Program Files\Git\cmd;C:\Program Files\apache-maven-3.9.10\bin;C:\Program Files\nodejs\;C:\Program Files\PuTTY\;C:\Program Files (x86)\Microsoft SQL Server\160\DTS\Binn\;C:\Program Files\apache-maven-3.9.10\bin;C:\Program Files\apache-maven-3.9.10\bin;C:\Program Files\apache-maven-3.9.10\bin;C:\Program Files\apache-maven-3.9.10\bin;C:\Program Files\apache-maven-3.9.10\bin;C:\Users\ar.likith\AppData\Local\Microsoft\WindowsApps;;C:\Users\ar.likith\Downloads\sts-5.1.1.RELEASE;;., stderr.encoding=UTF-8, java.vendor=Eclipse Adoptium, java.vm.info=mixed mode, sharing, stdin.encoding=Cp1252, java.vm.version=25.0.2+10-LTS, sun.io.unicode.encoding=UnicodeLittle, java.class.version=69.0}
2026-03-25 17:34:30 DEBUG HQL_FUNCTIONS:155 - Available HQL Functions:
	abs(NUMERIC arg)
	Double acos(NUMERIC arg)
	adddate(DATE datetime, INTEGER days)
	addtime(TIME datetime, TIME time)
	Boolean any(BOOLEAN arg)
	Integer ascii(STRING arg)
	Double asin(NUMERIC arg)
	Double atan(NUMERIC arg)
	Double atan2(NUMERIC arg0, NUMERIC arg1)
	avg(arg)
	bit_and(arg)
	Integer bit_length(STRING_OR_CLOB arg)
	bit_or(arg)
	bitand(arg0, arg1)
	bitnot(arg)
	bitor(arg0, arg1)
	bitxor(arg0, arg1)
	cast(arg as Type)
	ceiling(NUMERIC arg)
	Character char(INTEGER arg)
	Integer character_length(STRING_OR_CLOB arg)
	Character chr(INTEGER arg)
	coalesce(arg0[, arg1[, ...]])
	String collate(STRING string as COLLATION collation)
	String concat(STRING string0[, STRING string1[, ...]])
	Double cos(NUMERIC arg)
	Double cosh(NUMERIC arg)
	Double cot(NUMERIC arg)
	Long count([distinct ]{arg|*})
	Integer crc32(arg)
	Double cume_dist([arg0[, ...]])
	Date curdate()
	Date current date
	Date current time
	Date current timestamp
	Date current_date
	Instant current_instant
	Date current_time
	Date current_timestamp
	Date curtime()
	Date date(arg)
	dateadd(TEMPORAL_UNIT field, INTEGER magnitude, TEMPORAL datetime)
	Integer datediff(DATE end, DATE start)
	Integer day(DATE arg)
	String dayname(DATE arg)
	Integer dayofmonth(DATE arg)
	Integer dayofweek(DATE arg)
	Integer dayofyear(DATE arg)
	Double degrees(NUMERIC arg)
	Long dense_rank([arg0[, ...]])
	Boolean every(BOOLEAN arg)
	Double exp(NUMERIC arg)
	extract(TEMPORAL_UNIT field from TEMPORAL arg)
	first_valueANY value
	floor(NUMERIC arg)
	String format(TEMPORAL datetime as STRING pattern)
	greatest(COMPARABLE arg0, COMPARABLE arg1[, arg2[, ...]])
	String hex(arg)
	Integer hour(TIME arg)
	ifnull(arg0, arg1)
	String insert(STRING string, INTEGER start, INTEGER length, STRING replacement)
	Instant instant
	Integer instr(STRING string, STRING pattern[, INTEGER start[, INTEGER occurrence]])
	String json_array([arg0[, ...]])
	String json_array_append(IMPLICIT_JSON arg0, STRING arg1, ANY arg2)
	String json_array_insert(IMPLICIT_JSON arg0, STRING arg1, ANY arg2)
	String json_arrayagg(arg0[, arg1])
	Boolean json_exists(IMPLICIT_JSON arg0, STRING arg1)
	String json_insert(IMPLICIT_JSON arg0, STRING arg1, ANY arg2)
	String json_mergepatch(IMPLICIT_JSON arg0, IMPLICIT_JSON arg1[, arg2[, ...]])
	String json_object( ... )
	String json_objectagg(arg0, arg1[, arg2, arg3])
	String json_query( ... )
	String json_remove(IMPLICIT_JSON arg0, STRING arg1)
	String json_replace(IMPLICIT_JSON arg0, STRING arg1, ANY arg2)
	String json_set(IMPLICIT_JSON arg0, STRING arg1, ANY arg2)
	json_value( ... )
	lagANY value[, INTEGER offset[, ANY default]]
	Date last_day(DATE arg)
	last_valueANY value
	leadANY value[, INTEGER offset[, ANY default]]
	least(COMPARABLE arg0, COMPARABLE arg1[, arg2[, ...]])
	String left(STRING string, INTEGER length)
	Integer length(STRING_OR_CLOB arg)
	String listagg(STRING arg0, STRING arg1)
	Double ln(NUMERIC arg)
	LocalDate local date
	LocalDateTime local datetime
	LocalTime local time
	LocalDate local_date
	LocalDateTime local_datetime
	LocalTime local_time
	Date localtime
	Date localtimestamp
	Integer locate(STRING pattern, STRING string[, INTEGER start])
	Double log(NUMERIC arg0[, NUMERIC arg1])
	Double log10(NUMERIC arg)
	Double log2(NUMERIC arg)
	String lower(STRING string)
	String lpad(string, length[, padding])
	String ltrim(STRING string[, STRING characters])
	Date makedate(INTEGER year, INTEGER dayofyear)
	Date maketime(INTEGER hour, INTEGER min, INTEGER sec)
	max(COMPARABLE arg)
	byte[] md5(arg)
	Integer microsecond(TIME arg)
	min(COMPARABLE arg)
	Integer minute(TIME arg)
	Integer mod(INTEGER arg0, INTEGER arg1)
	Integer month(DATE arg)
	String monthname(DATE arg)
	Date now()
	nth_valueANY value, INTEGER nth
	nullif(arg0, arg1)
	Integer octet_length(STRING_OR_CLOB arg)
	OffsetDateTime offset datetime
	OffsetDateTime offset_datetime
	Integer ordinal(ENUM arg)
	String overlay(STRING string placing STRING replacement from INTEGER start[ for INTEGER length])
	String pad(STRING string with INTEGER length {leading|trailing}[ STRING character])
	Double percent_rank([arg0[, ...]])
	Double pi
	Integer position(STRING pattern in STRING string)
	Double power(NUMERIC arg0, NUMERIC arg1)
	Integer quarter(DATE arg)
	Double radians(NUMERIC arg)
	Double rand([INTEGER seed])
	Long rank([arg0[, ...]])
	Boolean regexp_like(STRING arg0, STRING arg1[, STRING arg2])
	String repeat(STRING string, INTEGER times)
	String replace(STRING string, STRING pattern, STRING replacement)
	String reverse(STRING arg)
	String right(STRING string, INTEGER length)
	round(NUMERIC number[, INTEGER places])
	Long row_number()
	String rpad(string, length[, padding])
	String rtrim(STRING string[, STRING characters])
	Integer second(TIME arg)
	byte[] sha(arg)
	String sha1(arg)
	String sha2(arg0, arg1)
	Integer sign(NUMERIC arg)
	Double sin(NUMERIC arg)
	Double sinh(NUMERIC arg)
	String soundex(arg)
	String space(INTEGER arg)
	sql
	Double sqrt(NUMERIC arg)
	Double stddev(NUMERIC arg)
	Double stddev_pop(NUMERIC arg)
	Double stddev_samp(NUMERIC arg)
	String str(arg)
	String string(ENUM arg)
	subdate(DATE datetime, INTEGER days)
	String substr(STRING string, INTEGER start[, INTEGER length])
	String substring(STRING string{ from|,} INTEGER start[{ for|,} INTEGER length])
	subtime(TIME datetime, TIME time)
	sum(arg)
	Date sysdate()
	Double tan(NUMERIC arg)
	Double tanh(NUMERIC arg)
	String time(arg)
	Date timestamp(arg0[, arg1])
	timestampadd(TEMPORAL_UNIT field, INTEGER magnitude, TEMPORAL datetime)
	Long|Double timestampdiff(TEMPORAL_UNIT field, TEMPORAL start, TEMPORAL end)
	String trim([[{leading|trailing|both} ][STRING arg0 ]from] STRING arg1)
	trunc( ... )
	truncate( ... )
	String upper(STRING string)
	Date utc_date
	Date utc_time
	Date utc_timestamp
	Double var_pop(NUMERIC arg)
	Double var_samp(NUMERIC arg)
	Double variance(NUMERIC arg)
	Integer week(DATE arg)
	Integer year(DATE arg)

2026-03-25 17:34:30 DEBUG core:211 - HHH000513: Unable to create the ReflectionOptimizer for [com.test.Books]: private accessor [b_author]
2026-03-25 17:34:30 DEBUG core:211 - HHH000513: Unable to create the ReflectionOptimizer for [com.test.Story_Book]: private accessor [b_author]
2026-03-25 17:34:31 INFO  core:53 - HHH000489: No JTA platform available (set 'hibernate.transaction.jta.platform' to enable JTA platform integration)
2026-03-25 17:34:31 DEBUG service:102 - HHH010454: EventListenerRegistry access via ServiceRegistry is deprecated - use 'sessionFactory.getEventEngine().getListenerRegistry()' instead
2026-03-25 17:34:31 ERROR query:297 - HHH90003001: Error in named query: BookQuery
org.hibernate.query.sqm.UnknownEntityException: Could not resolve root entity 'books232'
	at org.hibernate.query.hql.internal.SemanticQueryBuilder.resolveRootEntity(SemanticQueryBuilder.java:2072) ~[hibernate-core-7.3.0.Final.jar:7.3.0.Final]
	at org.hibernate.query.hql.internal.SemanticQueryBuilder.visitRootEntity(SemanticQueryBuilder.java:2002) ~[hibernate-core-7.3.0.Final.jar:7.3.0.Final]
	at org.hibernate.query.hql.internal.SemanticQueryBuilder.visitRootEntity(SemanticQueryBuilder.java:246) ~[hibernate-core-7.3.0.Final.jar:7.3.0.Final]
	at org.hibernate.grammars.hql.HqlParser$RootEntityContext.accept(HqlParser.java:2820) ~[hibernate-core-7.3.0.Final.jar:7.3.0.Final]
	at org.hibernate.query.hql.internal.SemanticQueryBuilder.visitEntityWithJoins(SemanticQueryBuilder.java:1972) ~[hibernate-core-7.3.0.Final.jar:7.3.0.Final]
	at org.hibernate.query.hql.internal.SemanticQueryBuilder.visitFromClause(SemanticQueryBuilder.java:1959) ~[hibernate-core-7.3.0.Final.jar:7.3.0.Final]
	at org.hibernate.query.hql.internal.SemanticQueryBuilder.visitQuery(SemanticQueryBuilder.java:1151) ~[hibernate-core-7.3.0.Final.jar:7.3.0.Final]
	at org.hibernate.query.hql.internal.SemanticQueryBuilder.visitQuerySpecExpression(SemanticQueryBuilder.java:955) ~[hibernate-core-7.3.0.Final.jar:7.3.0.Final]
	at org.hibernate.query.hql.internal.SemanticQueryBuilder.visitQuerySpecExpression(SemanticQueryBuilder.java:246) ~[hibernate-core-7.3.0.Final.jar:7.3.0.Final]
	at org.hibernate.grammars.hql.HqlParser$QuerySpecExpressionContext.accept(HqlParser.java:2113) ~[hibernate-core-7.3.0.Final.jar:7.3.0.Final]
	at org.hibernate.query.hql.internal.SemanticQueryBuilder.visitQueryExpression(SemanticQueryBuilder.java:984) ~[hibernate-core-7.3.0.Final.jar:7.3.0.Final]
	at org.hibernate.query.hql.internal.SemanticQueryBuilder.visitQueryExpression(SemanticQueryBuilder.java:246) ~[hibernate-core-7.3.0.Final.jar:7.3.0.Final]
	at org.hibernate.grammars.hql.HqlParser$QueryExpressionContext.accept(HqlParser.java:2003) ~[hibernate-core-7.3.0.Final.jar:7.3.0.Final]
	at org.hibernate.query.hql.internal.SemanticQueryBuilder.visitSelectStatement(SemanticQueryBuilder.java:471) ~[hibernate-core-7.3.0.Final.jar:7.3.0.Final]
	at org.hibernate.query.hql.internal.SemanticQueryBuilder.visitStatement(SemanticQueryBuilder.java:430) ~[hibernate-core-7.3.0.Final.jar:7.3.0.Final]
	at org.hibernate.query.hql.internal.SemanticQueryBuilder.buildSemanticModel(SemanticQueryBuilder.java:291) ~[hibernate-core-7.3.0.Final.jar:7.3.0.Final]
	at org.hibernate.query.hql.internal.StandardHqlTranslator.translate(StandardHqlTranslator.java:64) ~[hibernate-core-7.3.0.Final.jar:7.3.0.Final]
	at org.hibernate.query.internal.QueryInterpretationCacheStandardImpl.createHqlInterpretation(QueryInterpretationCacheStandardImpl.java:165) ~[hibernate-core-7.3.0.Final.jar:7.3.0.Final]
	at org.hibernate.query.internal.QueryInterpretationCacheStandardImpl.resolveHqlInterpretation(QueryInterpretationCacheStandardImpl.java:147) ~[hibernate-core-7.3.0.Final.jar:7.3.0.Final]
	at org.hibernate.query.internal.NamedObjectRepositoryImpl.checkNamedQueries(NamedObjectRepositoryImpl.java:322) ~[hibernate-core-7.3.0.Final.jar:7.3.0.Final]
	at org.hibernate.query.internal.NamedObjectRepositoryImpl.validateNamedQueries(NamedObjectRepositoryImpl.java:292) [hibernate-core-7.3.0.Final.jar:7.3.0.Final]
	at org.hibernate.query.internal.QueryEngineImpl.validateNamedQueries(QueryEngineImpl.java:211) [hibernate-core-7.3.0.Final.jar:7.3.0.Final]
	at org.hibernate.boot.internal.SessionFactoryObserverForNamedQueryValidation.sessionFactoryCreated(SessionFactoryObserverForNamedQueryValidation.java:37) [hibernate-core-7.3.0.Final.jar:7.3.0.Final]
	at org.hibernate.internal.SessionFactoryObserverChain.sessionFactoryCreated(SessionFactoryObserverChain.java:33) [hibernate-core-7.3.0.Final.jar:7.3.0.Final]
	at org.hibernate.internal.SessionFactoryImpl.<init>(SessionFactoryImpl.java:323) [hibernate-core-7.3.0.Final.jar:7.3.0.Final]
	at org.hibernate.internal.SessionFactoryRegistry.instantiateSessionFactory(SessionFactoryRegistry.java:64) [hibernate-core-7.3.0.Final.jar:7.3.0.Final]
	at org.hibernate.boot.internal.SessionFactoryBuilderImpl.build(SessionFactoryBuilderImpl.java:444) [hibernate-core-7.3.0.Final.jar:7.3.0.Final]
	at org.hibernate.cfg.Configuration.buildSessionFactory(Configuration.java:1112) [hibernate-core-7.3.0.Final.jar:7.3.0.Final]
	at org.hibernate.cfg.Configuration.buildSessionFactory(Configuration.java:1131) [hibernate-core-7.3.0.Final.jar:7.3.0.Final]
	at com.test.NamedQueryDemo.main(NamedQueryDemo.java:17) [classes/:?]
2026-03-25 17:34:31 DEBUG factory:800 - HHH90020005: Closing factory [5f7f0c7e-b69f-44d6-a90c-89b38099bfd0]
2026-03-25 17:34:31 DEBUG pooling:79 - HHH10001008: Cleaning up connection pool [jdbc:mysql://localhost:3306/mlamarch]
2026-03-25 17:35:02 DEBUG service:41 - HHH010455: Adding integrator: org.hibernate.boot.beanvalidation.BeanValidationIntegrator
2026-03-25 17:35:02 DEBUG service:41 - HHH010455: Adding integrator: org.hibernate.cache.internal.CollectionCacheInvalidator
2026-03-25 17:35:02 INFO  core:41 - HHH000001: Hibernate ORM core version 7.3.0.Final
2026-03-25 17:35:02 DEBUG core:155 - HHH000206: 'hibernate.properties' not found
2026-03-25 17:35:03 DEBUG boot:97 - HHH160204: cfg.xml document did not define namespaces; wrapping in custom event reader to introduce namespace information
2026-03-25 17:35:03 DEBUG cache:116 - HHH90001031: Cannot default RegionFactory since no RegionFactory strategies were registered
2026-03-25 17:35:03 DEBUG cache:46 - HHH90001029: Second-level cache disabled
2026-03-25 17:35:03 WARN  pooling:86 - HHH10001002: Using built-in connection pool (not intended for production use)
2026-03-25 17:35:03 DEBUG pooling:34 - HHH10001014: Initializing connection pool with 1 connections
2026-03-25 17:35:03 DEBUG jdbc:457 - HHH100017: Database:
	name: MySQL
	version: 8.0.42
	major: 8
	minor: 0
2026-03-25 17:35:03 DEBUG jdbc:463 - HHH100018: Driver:
	name: MySQL Connector/J
	version: mysql-connector-j-8.0.33 (Revision: 7d6b0800528b6b25c68b52dc10d6c1c8429c100c)
	major: 8
	minor: 0
	JDBC version: 4.2
2026-03-25 17:35:03 WARN  deprecation:152 - HHH90000025: MySQLDialect does not need to be specified explicitly using 'hibernate.dialect' (remove the property setting and it will be selected by default)
2026-03-25 17:35:03 DEBUG dialect:93 - HHH035001: Using dialect: org.hibernate.dialect.MySQLDialect, version: 8.0.42
2026-03-25 17:35:03 DEBUG IdentifierHelperBuilder:205 - IdentifierCaseStrategy for both quoted and unquoted identifiers was set to the same strategy [LOWER]; that will likely lead to problems in schema update and validation if using quoted identifiers
2026-03-25 17:35:03 DEBUG jdbc:379 - HHH100122: Using default JDBC fetch size: 0
2026-03-25 17:35:03 INFO  pooling:179 - HHH10001005: Database info:
	Database JDBC URL [jdbc:mysql://localhost:3306/mlamarch]
	Database driver: MySQL Connector/J
	Database dialect: MySQLDialect
	Database version: 8.0.42
	Default catalog/schema: mlamarch/undefined
	Autocommit mode: false
	Isolation level: REPEATABLE_READ
	JDBC fetch size: none
	Pool: DriverManagerConnectionProvider
	Minimum pool size: 1
	Maximum pool size: 20
2026-03-25 17:35:04 DEBUG factory:230 - HHH90020001: Instantiating factory [b5e290d2-0990-4905-a1ae-63a257cdd841] with settings: {hibernate.format_sql=true, java.specification.version=25, sun.cpu.isalist=amd64, sun.jnu.encoding=Cp1252, hibernate.dialect=org.hibernate.dialect.MySQLDialect, java.class.path=C:\Users\ar.likith\Desktop\sts\Assesment\target\classes;C:\Users\ar.likith\.m2\repository\com\mysql\mysql-connector-j\8.0.33\mysql-connector-j-8.0.33.jar;C:\Users\ar.likith\.m2\repository\com\google\protobuf\protobuf-java\3.21.9\protobuf-java-3.21.9.jar;C:\Users\ar.likith\.m2\repository\org\hibernate\orm\hibernate-core\7.3.0.Final\hibernate-core-7.3.0.Final.jar;C:\Users\ar.likith\.m2\repository\jakarta\persistence\jakarta.persistence-api\3.2.0\jakarta.persistence-api-3.2.0.jar;C:\Users\ar.likith\.m2\repository\jakarta\transaction\jakarta.transaction-api\2.0.1\jakarta.transaction-api-2.0.1.jar;C:\Users\ar.likith\.m2\repository\org\jboss\logging\jboss-logging\3.6.1.Final\jboss-logging-3.6.1.Final.jar;C:\Users\ar.likith\.m2\repository\org\hibernate\models\hibernate-models\1.1.0\hibernate-models-1.1.0.jar;C:\Users\ar.likith\.m2\repository\net\bytebuddy\byte-buddy\1.18.7\byte-buddy-1.18.7.jar;C:\Users\ar.likith\.m2\repository\jakarta\xml\bind\jakarta.xml.bind-api\4.0.4\jakarta.xml.bind-api-4.0.4.jar;C:\Users\ar.likith\.m2\repository\jakarta\activation\jakarta.activation-api\2.1.4\jakarta.activation-api-2.1.4.jar;C:\Users\ar.likith\.m2\repository\org\glassfish\jaxb\jaxb-runtime\4.0.6\jaxb-runtime-4.0.6.jar;C:\Users\ar.likith\.m2\repository\org\glassfish\jaxb\jaxb-core\4.0.6\jaxb-core-4.0.6.jar;C:\Users\ar.likith\.m2\repository\org\eclipse\angus\angus-activation\2.0.3\angus-activation-2.0.3.jar;C:\Users\ar.likith\.m2\repository\org\glassfish\jaxb\txw2\4.0.6\txw2-4.0.6.jar;C:\Users\ar.likith\.m2\repository\com\sun\istack\istack-commons-runtime\4.1.2\istack-commons-runtime-4.1.2.jar;C:\Users\ar.likith\.m2\repository\jakarta\inject\jakarta.inject-api\2.0.1\jakarta.inject-api-2.0.1.jar;C:\Users\ar.likith\.m2\repository\org\antlr\antlr4-runtime\4.13.2\antlr4-runtime-4.13.2.jar;C:\Users\ar.likith\.m2\repository\org\apache\logging\log4j\log4j-core\2.17.1\log4j-core-2.17.1.jar;C:\Users\ar.likith\.m2\repository\org\apache\logging\log4j\log4j-api\2.17.1\log4j-api-2.17.1.jar;C:\Users\ar.likith\.m2\repository\org\apache\logging\log4j\log4j-slf4j-impl\2.17.1\log4j-slf4j-impl-2.17.1.jar;C:\Users\ar.likith\.m2\repository\org\slf4j\slf4j-api\1.7.25\slf4j-api-1.7.25.jar, java.vm.vendor=Eclipse Adoptium, sun.arch.data.model=64, hbm2ddl.auto=create, user.variant=, java.vendor.url=https://adoptium.net/, user.timezone=Asia/Calcutta, java.vm.specification.version=25, os.name=Windows 11, sun.java.launcher=SUN_STANDARD, user.country=US, sun.boot.library.path=C:\Users\ar.likith\Downloads\sts-5.1.1.RELEASE\plugins\org.eclipse.justj.openjdk.hotspot.jre.full.win32.x86_64_25.0.2.v20260203-1141\jre\bin, sun.java.command=com.test.NamedQueryDemo, jdk.debug=release, sun.cpu.endian=little, user.home=C:\Users\ar.likith, user.language=en, java.specification.vendor=Oracle Corporation, java.version.date=2026-01-20, java.home=C:\Users\ar.likith\Downloads\sts-5.1.1.RELEASE\plugins\org.eclipse.justj.openjdk.hotspot.jre.full.win32.x86_64_25.0.2.v20260203-1141\jre, file.separator=\, java.vm.compressedOopsMode=Zero based, line.separator=
, java.vm.specification.vendor=Oracle Corporation, java.specification.name=Java Platform API Specification, hibernate.hbm2ddl.auto=create, user.script=, sun.management.compiler=HotSpot 64-Bit Tiered Compilers, java.runtime.version=25.0.2+10-LTS, user.name=ar.likith, stdout.encoding=UTF-8, path.separator=;, hibernate.connection.username=****, os.version=10.0, java.runtime.name=OpenJDK Runtime Environment, hibernate.connection.url=jdbc:mysql://localhost:3306/mlamarch, file.encoding=UTF-8, format_sql=true, java.vm.name=OpenJDK 64-Bit Server VM, hibernate.show_sql=true, java.vendor.version=Temurin-25.0.2+10, show_sql=true, hibernate.connection.driver_class=com.mysql.cj.jdbc.Driver, java.vendor.url.bug=https://github.com/adoptium/adoptium-support/issues, java.io.tmpdir=C:\Users\ARBCDF~1.LIK\AppData\Local\Temp\, java.version=25.0.2, user.dir=C:\Users\ar.likith\Desktop\sts\Assesment, os.arch=amd64, java.vm.specification.name=Java Virtual Machine Specification, hibernate.connection.password=****, sun.os.patch.level=, hibernate.boot.CfgXmlAccessService.key=org.hibernate.boot.cfgxml.spi.LoadedConfig@25953be6, native.encoding=Cp1252, java.library.path=C:\Users\ar.likith\Downloads\sts-5.1.1.RELEASE\plugins\org.eclipse.justj.openjdk.hotspot.jre.full.win32.x86_64_25.0.2.v20260203-1141\jre\bin;C:\WINDOWS\Sun\Java\bin;C:\WINDOWS\system32;C:\WINDOWS;C:/Users/ar.likith/Downloads/sts-5.1.1.RELEASE//plugins/org.eclipse.justj.openjdk.hotspot.jre.full.win32.x86_64_25.0.2.v20260203-1141/jre/bin/server;C:/Users/ar.likith/Downloads/sts-5.1.1.RELEASE//plugins/org.eclipse.justj.openjdk.hotspot.jre.full.win32.x86_64_25.0.2.v20260203-1141/jre/bin;C:\Program Files\Microsoft\jdk-11.0.23.9-hotspot\bin;C:\Program Files\Microsoft\jdk-17.0.15.6-hotspot\bin;C:\Program Files\Python313\Scripts\;C:\Program Files\Python313\;%SystemRoot%\system32;%SystemRoot%;%SystemRoot%\System32\Wbem;%SYSTEMROOT%\System32\WindowsPowerShell\v1.0\;%SYSTEMROOT%\System32\OpenSSH\;C:\Program Files (x86)\Microsoft SQL Server\160\Tools\Binn\;C:\Program Files\Microsoft SQL Server\160\Tools\Binn\;C:\Program Files\Microsoft SQL Server\Client SDK\ODBC\170\Tools\Binn\;C:\Program Files\Microsoft SQL Server\160\DTS\Binn\;C:\Program Files\dotnet\;C:\Program Files\Microsoft VS Code\bin;C:\Program Files\Git\cmd;C:\Program Files\apache-maven-3.9.10\bin;C:\Program Files\nodejs\;C:\Program Files\PuTTY\;C:\Program Files (x86)\Microsoft SQL Server\160\DTS\Binn\;C:\Program Files\apache-maven-3.9.10\bin;C:\Program Files\apache-maven-3.9.10\bin;C:\Program Files\apache-maven-3.9.10\bin;C:\Program Files\apache-maven-3.9.10\bin;C:\Program Files\apache-maven-3.9.10\bin;C:\Users\ar.likith\AppData\Local\Microsoft\WindowsApps;;C:\Users\ar.likith\Downloads\sts-5.1.1.RELEASE;;., stderr.encoding=UTF-8, java.vendor=Eclipse Adoptium, java.vm.info=mixed mode, sharing, stdin.encoding=Cp1252, java.vm.version=25.0.2+10-LTS, sun.io.unicode.encoding=UnicodeLittle, java.class.version=69.0}
2026-03-25 17:35:04 DEBUG HQL_FUNCTIONS:155 - Available HQL Functions:
	abs(NUMERIC arg)
	Double acos(NUMERIC arg)
	adddate(DATE datetime, INTEGER days)
	addtime(TIME datetime, TIME time)
	Boolean any(BOOLEAN arg)
	Integer ascii(STRING arg)
	Double asin(NUMERIC arg)
	Double atan(NUMERIC arg)
	Double atan2(NUMERIC arg0, NUMERIC arg1)
	avg(arg)
	bit_and(arg)
	Integer bit_length(STRING_OR_CLOB arg)
	bit_or(arg)
	bitand(arg0, arg1)
	bitnot(arg)
	bitor(arg0, arg1)
	bitxor(arg0, arg1)
	cast(arg as Type)
	ceiling(NUMERIC arg)
	Character char(INTEGER arg)
	Integer character_length(STRING_OR_CLOB arg)
	Character chr(INTEGER arg)
	coalesce(arg0[, arg1[, ...]])
	String collate(STRING string as COLLATION collation)
	String concat(STRING string0[, STRING string1[, ...]])
	Double cos(NUMERIC arg)
	Double cosh(NUMERIC arg)
	Double cot(NUMERIC arg)
	Long count([distinct ]{arg|*})
	Integer crc32(arg)
	Double cume_dist([arg0[, ...]])
	Date curdate()
	Date current date
	Date current time
	Date current timestamp
	Date current_date
	Instant current_instant
	Date current_time
	Date current_timestamp
	Date curtime()
	Date date(arg)
	dateadd(TEMPORAL_UNIT field, INTEGER magnitude, TEMPORAL datetime)
	Integer datediff(DATE end, DATE start)
	Integer day(DATE arg)
	String dayname(DATE arg)
	Integer dayofmonth(DATE arg)
	Integer dayofweek(DATE arg)
	Integer dayofyear(DATE arg)
	Double degrees(NUMERIC arg)
	Long dense_rank([arg0[, ...]])
	Boolean every(BOOLEAN arg)
	Double exp(NUMERIC arg)
	extract(TEMPORAL_UNIT field from TEMPORAL arg)
	first_valueANY value
	floor(NUMERIC arg)
	String format(TEMPORAL datetime as STRING pattern)
	greatest(COMPARABLE arg0, COMPARABLE arg1[, arg2[, ...]])
	String hex(arg)
	Integer hour(TIME arg)
	ifnull(arg0, arg1)
	String insert(STRING string, INTEGER start, INTEGER length, STRING replacement)
	Instant instant
	Integer instr(STRING string, STRING pattern[, INTEGER start[, INTEGER occurrence]])
	String json_array([arg0[, ...]])
	String json_array_append(IMPLICIT_JSON arg0, STRING arg1, ANY arg2)
	String json_array_insert(IMPLICIT_JSON arg0, STRING arg1, ANY arg2)
	String json_arrayagg(arg0[, arg1])
	Boolean json_exists(IMPLICIT_JSON arg0, STRING arg1)
	String json_insert(IMPLICIT_JSON arg0, STRING arg1, ANY arg2)
	String json_mergepatch(IMPLICIT_JSON arg0, IMPLICIT_JSON arg1[, arg2[, ...]])
	String json_object( ... )
	String json_objectagg(arg0, arg1[, arg2, arg3])
	String json_query( ... )
	String json_remove(IMPLICIT_JSON arg0, STRING arg1)
	String json_replace(IMPLICIT_JSON arg0, STRING arg1, ANY arg2)
	String json_set(IMPLICIT_JSON arg0, STRING arg1, ANY arg2)
	json_value( ... )
	lagANY value[, INTEGER offset[, ANY default]]
	Date last_day(DATE arg)
	last_valueANY value
	leadANY value[, INTEGER offset[, ANY default]]
	least(COMPARABLE arg0, COMPARABLE arg1[, arg2[, ...]])
	String left(STRING string, INTEGER length)
	Integer length(STRING_OR_CLOB arg)
	String listagg(STRING arg0, STRING arg1)
	Double ln(NUMERIC arg)
	LocalDate local date
	LocalDateTime local datetime
	LocalTime local time
	LocalDate local_date
	LocalDateTime local_datetime
	LocalTime local_time
	Date localtime
	Date localtimestamp
	Integer locate(STRING pattern, STRING string[, INTEGER start])
	Double log(NUMERIC arg0[, NUMERIC arg1])
	Double log10(NUMERIC arg)
	Double log2(NUMERIC arg)
	String lower(STRING string)
	String lpad(string, length[, padding])
	String ltrim(STRING string[, STRING characters])
	Date makedate(INTEGER year, INTEGER dayofyear)
	Date maketime(INTEGER hour, INTEGER min, INTEGER sec)
	max(COMPARABLE arg)
	byte[] md5(arg)
	Integer microsecond(TIME arg)
	min(COMPARABLE arg)
	Integer minute(TIME arg)
	Integer mod(INTEGER arg0, INTEGER arg1)
	Integer month(DATE arg)
	String monthname(DATE arg)
	Date now()
	nth_valueANY value, INTEGER nth
	nullif(arg0, arg1)
	Integer octet_length(STRING_OR_CLOB arg)
	OffsetDateTime offset datetime
	OffsetDateTime offset_datetime
	Integer ordinal(ENUM arg)
	String overlay(STRING string placing STRING replacement from INTEGER start[ for INTEGER length])
	String pad(STRING string with INTEGER length {leading|trailing}[ STRING character])
	Double percent_rank([arg0[, ...]])
	Double pi
	Integer position(STRING pattern in STRING string)
	Double power(NUMERIC arg0, NUMERIC arg1)
	Integer quarter(DATE arg)
	Double radians(NUMERIC arg)
	Double rand([INTEGER seed])
	Long rank([arg0[, ...]])
	Boolean regexp_like(STRING arg0, STRING arg1[, STRING arg2])
	String repeat(STRING string, INTEGER times)
	String replace(STRING string, STRING pattern, STRING replacement)
	String reverse(STRING arg)
	String right(STRING string, INTEGER length)
	round(NUMERIC number[, INTEGER places])
	Long row_number()
	String rpad(string, length[, padding])
	String rtrim(STRING string[, STRING characters])
	Integer second(TIME arg)
	byte[] sha(arg)
	String sha1(arg)
	String sha2(arg0, arg1)
	Integer sign(NUMERIC arg)
	Double sin(NUMERIC arg)
	Double sinh(NUMERIC arg)
	String soundex(arg)
	String space(INTEGER arg)
	sql
	Double sqrt(NUMERIC arg)
	Double stddev(NUMERIC arg)
	Double stddev_pop(NUMERIC arg)
	Double stddev_samp(NUMERIC arg)
	String str(arg)
	String string(ENUM arg)
	subdate(DATE datetime, INTEGER days)
	String substr(STRING string, INTEGER start[, INTEGER length])
	String substring(STRING string{ from|,} INTEGER start[{ for|,} INTEGER length])
	subtime(TIME datetime, TIME time)
	sum(arg)
	Date sysdate()
	Double tan(NUMERIC arg)
	Double tanh(NUMERIC arg)
	String time(arg)
	Date timestamp(arg0[, arg1])
	timestampadd(TEMPORAL_UNIT field, INTEGER magnitude, TEMPORAL datetime)
	Long|Double timestampdiff(TEMPORAL_UNIT field, TEMPORAL start, TEMPORAL end)
	String trim([[{leading|trailing|both} ][STRING arg0 ]from] STRING arg1)
	trunc( ... )
	truncate( ... )
	String upper(STRING string)
	Date utc_date
	Date utc_time
	Date utc_timestamp
	Double var_pop(NUMERIC arg)
	Double var_samp(NUMERIC arg)
	Double variance(NUMERIC arg)
	Integer week(DATE arg)
	Integer year(DATE arg)

2026-03-25 17:35:04 DEBUG core:211 - HHH000513: Unable to create the ReflectionOptimizer for [com.test.Books]: private accessor [b_author]
2026-03-25 17:35:04 DEBUG core:211 - HHH000513: Unable to create the ReflectionOptimizer for [com.test.Story_Book]: private accessor [b_author]
2026-03-25 17:35:04 INFO  core:53 - HHH000489: No JTA platform available (set 'hibernate.transaction.jta.platform' to enable JTA platform integration)
2026-03-25 17:35:04 DEBUG service:102 - HHH010454: EventListenerRegistry access via ServiceRegistry is deprecated - use 'sessionFactory.getEventEngine().getListenerRegistry()' instead
2026-03-25 17:35:05 ERROR query:297 - HHH90003001: Error in named query: BookQuery
org.hibernate.query.sqm.UnknownPathException: Could not resolve attribute 'name' of 'com.test.Books' [from Books o where o.name=:name]
	at org.hibernate.query.hql.internal.StandardHqlTranslator.translate(StandardHqlTranslator.java:81) ~[hibernate-core-7.3.0.Final.jar:7.3.0.Final]
	at org.hibernate.query.internal.QueryInterpretationCacheStandardImpl.createHqlInterpretation(QueryInterpretationCacheStandardImpl.java:165) ~[hibernate-core-7.3.0.Final.jar:7.3.0.Final]
	at org.hibernate.query.internal.QueryInterpretationCacheStandardImpl.resolveHqlInterpretation(QueryInterpretationCacheStandardImpl.java:147) ~[hibernate-core-7.3.0.Final.jar:7.3.0.Final]
	at org.hibernate.query.internal.NamedObjectRepositoryImpl.checkNamedQueries(NamedObjectRepositoryImpl.java:322) ~[hibernate-core-7.3.0.Final.jar:7.3.0.Final]
	at org.hibernate.query.internal.NamedObjectRepositoryImpl.validateNamedQueries(NamedObjectRepositoryImpl.java:292) [hibernate-core-7.3.0.Final.jar:7.3.0.Final]
	at org.hibernate.query.internal.QueryEngineImpl.validateNamedQueries(QueryEngineImpl.java:211) [hibernate-core-7.3.0.Final.jar:7.3.0.Final]
	at org.hibernate.boot.internal.SessionFactoryObserverForNamedQueryValidation.sessionFactoryCreated(SessionFactoryObserverForNamedQueryValidation.java:37) [hibernate-core-7.3.0.Final.jar:7.3.0.Final]
	at org.hibernate.internal.SessionFactoryObserverChain.sessionFactoryCreated(SessionFactoryObserverChain.java:33) [hibernate-core-7.3.0.Final.jar:7.3.0.Final]
	at org.hibernate.internal.SessionFactoryImpl.<init>(SessionFactoryImpl.java:323) [hibernate-core-7.3.0.Final.jar:7.3.0.Final]
	at org.hibernate.internal.SessionFactoryRegistry.instantiateSessionFactory(SessionFactoryRegistry.java:64) [hibernate-core-7.3.0.Final.jar:7.3.0.Final]
	at org.hibernate.boot.internal.SessionFactoryBuilderImpl.build(SessionFactoryBuilderImpl.java:444) [hibernate-core-7.3.0.Final.jar:7.3.0.Final]
	at org.hibernate.cfg.Configuration.buildSessionFactory(Configuration.java:1112) [hibernate-core-7.3.0.Final.jar:7.3.0.Final]
	at org.hibernate.cfg.Configuration.buildSessionFactory(Configuration.java:1131) [hibernate-core-7.3.0.Final.jar:7.3.0.Final]
	at com.test.NamedQueryDemo.main(NamedQueryDemo.java:17) [classes/:?]
Caused by: org.hibernate.query.sqm.PathElementException: Could not resolve attribute 'name' of 'com.test.Books'
	at org.hibernate.query.sqm.SqmPathSource.getSubPathSource(SqmPathSource.java:94) ~[hibernate-core-7.3.0.Final.jar:7.3.0.Final]
	at org.hibernate.query.sqm.tree.domain.AbstractSqmPath.get(AbstractSqmPath.java:223) ~[hibernate-core-7.3.0.Final.jar:7.3.0.Final]
	at org.hibernate.query.sqm.tree.domain.AbstractSqmFrom.resolvePathPart(AbstractSqmFrom.java:215) ~[hibernate-core-7.3.0.Final.jar:7.3.0.Final]
	at org.hibernate.query.hql.internal.DomainPathPart.resolvePathPart(DomainPathPart.java:39) ~[hibernate-core-7.3.0.Final.jar:7.3.0.Final]
	at org.hibernate.query.hql.internal.BasicDotIdentifierConsumer.consumeIdentifier(BasicDotIdentifierConsumer.java:90) ~[hibernate-core-7.3.0.Final.jar:7.3.0.Final]
	at org.hibernate.query.hql.internal.SemanticQueryBuilder.visitSimplePath(SemanticQueryBuilder.java:5796) ~[hibernate-core-7.3.0.Final.jar:7.3.0.Final]
	at org.hibernate.query.hql.internal.SemanticQueryBuilder.visitGeneralPathFragment(SemanticQueryBuilder.java:5651) ~[hibernate-core-7.3.0.Final.jar:7.3.0.Final]
	at org.hibernate.query.hql.internal.SemanticQueryBuilder.visitGeneralPathExpression(SemanticQueryBuilder.java:1821) ~[hibernate-core-7.3.0.Final.jar:7.3.0.Final]
	at org.hibernate.grammars.hql.HqlParser$GeneralPathExpressionContext.accept(HqlParser.java:7847) ~[hibernate-core-7.3.0.Final.jar:7.3.0.Final]
	at org.antlr.v4.runtime.tree.AbstractParseTreeVisitor.visitChildren(AbstractParseTreeVisitor.java:46) ~[antlr4-runtime-4.13.2.jar:4.13.2]
	at org.hibernate.grammars.hql.HqlParserBaseVisitor.visitBarePrimaryExpression(HqlParserBaseVisitor.java:761) ~[hibernate-core-7.3.0.Final.jar:7.3.0.Final]
	at org.hibernate.grammars.hql.HqlParser$BarePrimaryExpressionContext.accept(HqlParser.java:7296) ~[hibernate-core-7.3.0.Final.jar:7.3.0.Final]
	at org.hibernate.query.hql.internal.SemanticQueryBuilder.createComparisonPredicate(SemanticQueryBuilder.java:2556) ~[hibernate-core-7.3.0.Final.jar:7.3.0.Final]
	at org.hibernate.query.hql.internal.SemanticQueryBuilder.visitBinaryExpressionPredicate(SemanticQueryBuilder.java:2509) ~[hibernate-core-7.3.0.Final.jar:7.3.0.Final]
	at org.hibernate.query.hql.internal.SemanticQueryBuilder.visitBinaryExpressionPredicate(SemanticQueryBuilder.java:246) ~[hibernate-core-7.3.0.Final.jar:7.3.0.Final]
	at org.hibernate.grammars.hql.HqlParser$BinaryExpressionPredicateContext.accept(HqlParser.java:6218) ~[hibernate-core-7.3.0.Final.jar:7.3.0.Final]
	at org.hibernate.query.hql.internal.SemanticQueryBuilder.visitWhereClause(SemanticQueryBuilder.java:2336) ~[hibernate-core-7.3.0.Final.jar:7.3.0.Final]
	at org.hibernate.query.hql.internal.SemanticQueryBuilder.visitWhereClause(SemanticQueryBuilder.java:246) ~[hibernate-core-7.3.0.Final.jar:7.3.0.Final]
	at org.hibernate.grammars.hql.HqlParser$WhereClauseContext.accept(HqlParser.java:6146) ~[hibernate-core-7.3.0.Final.jar:7.3.0.Final]
	at org.hibernate.query.hql.internal.SemanticQueryBuilder.visitQuery(SemanticQueryBuilder.java:1162) ~[hibernate-core-7.3.0.Final.jar:7.3.0.Final]
	at org.hibernate.query.hql.internal.SemanticQueryBuilder.visitQuerySpecExpression(SemanticQueryBuilder.java:955) ~[hibernate-core-7.3.0.Final.jar:7.3.0.Final]
	at org.hibernate.query.hql.internal.SemanticQueryBuilder.visitQuerySpecExpression(SemanticQueryBuilder.java:246) ~[hibernate-core-7.3.0.Final.jar:7.3.0.Final]
	at org.hibernate.grammars.hql.HqlParser$QuerySpecExpressionContext.accept(HqlParser.java:2113) ~[hibernate-core-7.3.0.Final.jar:7.3.0.Final]
	at org.hibernate.query.hql.internal.SemanticQueryBuilder.visitQueryExpression(SemanticQueryBuilder.java:984) ~[hibernate-core-7.3.0.Final.jar:7.3.0.Final]
	at org.hibernate.query.hql.internal.SemanticQueryBuilder.visitQueryExpression(SemanticQueryBuilder.java:246) ~[hibernate-core-7.3.0.Final.jar:7.3.0.Final]
	at org.hibernate.grammars.hql.HqlParser$QueryExpressionContext.accept(HqlParser.java:2003) ~[hibernate-core-7.3.0.Final.jar:7.3.0.Final]
	at org.hibernate.query.hql.internal.SemanticQueryBuilder.visitSelectStatement(SemanticQueryBuilder.java:471) ~[hibernate-core-7.3.0.Final.jar:7.3.0.Final]
	at org.hibernate.query.hql.internal.SemanticQueryBuilder.visitStatement(SemanticQueryBuilder.java:430) ~[hibernate-core-7.3.0.Final.jar:7.3.0.Final]
	at org.hibernate.query.hql.internal.SemanticQueryBuilder.buildSemanticModel(SemanticQueryBuilder.java:291) ~[hibernate-core-7.3.0.Final.jar:7.3.0.Final]
	at org.hibernate.query.hql.internal.StandardHqlTranslator.translate(StandardHqlTranslator.java:64) ~[hibernate-core-7.3.0.Final.jar:7.3.0.Final]
	... 13 more
2026-03-25 17:35:05 DEBUG factory:800 - HHH90020005: Closing factory [b5e290d2-0990-4905-a1ae-63a257cdd841]
2026-03-25 17:35:05 DEBUG pooling:79 - HHH10001008: Cleaning up connection pool [jdbc:mysql://localhost:3306/mlamarch]
2026-03-25 17:35:56 DEBUG service:41 - HHH010455: Adding integrator: org.hibernate.boot.beanvalidation.BeanValidationIntegrator
2026-03-25 17:35:56 DEBUG service:41 - HHH010455: Adding integrator: org.hibernate.cache.internal.CollectionCacheInvalidator
2026-03-25 17:35:56 INFO  core:41 - HHH000001: Hibernate ORM core version 7.3.0.Final
2026-03-25 17:35:56 DEBUG core:155 - HHH000206: 'hibernate.properties' not found
2026-03-25 17:35:56 DEBUG boot:97 - HHH160204: cfg.xml document did not define namespaces; wrapping in custom event reader to introduce namespace information
2026-03-25 17:35:56 DEBUG cache:116 - HHH90001031: Cannot default RegionFactory since no RegionFactory strategies were registered
2026-03-25 17:35:56 DEBUG cache:46 - HHH90001029: Second-level cache disabled
2026-03-25 17:35:56 WARN  pooling:86 - HHH10001002: Using built-in connection pool (not intended for production use)
2026-03-25 17:35:57 DEBUG pooling:34 - HHH10001014: Initializing connection pool with 1 connections
2026-03-25 17:35:57 DEBUG jdbc:457 - HHH100017: Database:
	name: MySQL
	version: 8.0.42
	major: 8
	minor: 0
2026-03-25 17:35:57 DEBUG jdbc:463 - HHH100018: Driver:
	name: MySQL Connector/J
	version: mysql-connector-j-8.0.33 (Revision: 7d6b0800528b6b25c68b52dc10d6c1c8429c100c)
	major: 8
	minor: 0
	JDBC version: 4.2
2026-03-25 17:35:57 WARN  deprecation:152 - HHH90000025: MySQLDialect does not need to be specified explicitly using 'hibernate.dialect' (remove the property setting and it will be selected by default)
2026-03-25 17:35:57 DEBUG dialect:93 - HHH035001: Using dialect: org.hibernate.dialect.MySQLDialect, version: 8.0.42
2026-03-25 17:35:57 DEBUG IdentifierHelperBuilder:205 - IdentifierCaseStrategy for both quoted and unquoted identifiers was set to the same strategy [LOWER]; that will likely lead to problems in schema update and validation if using quoted identifiers
2026-03-25 17:35:57 DEBUG jdbc:379 - HHH100122: Using default JDBC fetch size: 0
2026-03-25 17:35:57 INFO  pooling:179 - HHH10001005: Database info:
	Database JDBC URL [jdbc:mysql://localhost:3306/mlamarch]
	Database driver: MySQL Connector/J
	Database dialect: MySQLDialect
	Database version: 8.0.42
	Default catalog/schema: mlamarch/undefined
	Autocommit mode: false
	Isolation level: REPEATABLE_READ
	JDBC fetch size: none
	Pool: DriverManagerConnectionProvider
	Minimum pool size: 1
	Maximum pool size: 20
2026-03-25 17:35:57 DEBUG factory:230 - HHH90020001: Instantiating factory [0216d140-df00-41e4-8f2b-276bc0dd380b] with settings: {hibernate.format_sql=true, java.specification.version=25, sun.cpu.isalist=amd64, sun.jnu.encoding=Cp1252, hibernate.dialect=org.hibernate.dialect.MySQLDialect, java.class.path=C:\Users\ar.likith\Desktop\sts\Assesment\target\classes;C:\Users\ar.likith\.m2\repository\com\mysql\mysql-connector-j\8.0.33\mysql-connector-j-8.0.33.jar;C:\Users\ar.likith\.m2\repository\com\google\protobuf\protobuf-java\3.21.9\protobuf-java-3.21.9.jar;C:\Users\ar.likith\.m2\repository\org\hibernate\orm\hibernate-core\7.3.0.Final\hibernate-core-7.3.0.Final.jar;C:\Users\ar.likith\.m2\repository\jakarta\persistence\jakarta.persistence-api\3.2.0\jakarta.persistence-api-3.2.0.jar;C:\Users\ar.likith\.m2\repository\jakarta\transaction\jakarta.transaction-api\2.0.1\jakarta.transaction-api-2.0.1.jar;C:\Users\ar.likith\.m2\repository\org\jboss\logging\jboss-logging\3.6.1.Final\jboss-logging-3.6.1.Final.jar;C:\Users\ar.likith\.m2\repository\org\hibernate\models\hibernate-models\1.1.0\hibernate-models-1.1.0.jar;C:\Users\ar.likith\.m2\repository\net\bytebuddy\byte-buddy\1.18.7\byte-buddy-1.18.7.jar;C:\Users\ar.likith\.m2\repository\jakarta\xml\bind\jakarta.xml.bind-api\4.0.4\jakarta.xml.bind-api-4.0.4.jar;C:\Users\ar.likith\.m2\repository\jakarta\activation\jakarta.activation-api\2.1.4\jakarta.activation-api-2.1.4.jar;C:\Users\ar.likith\.m2\repository\org\glassfish\jaxb\jaxb-runtime\4.0.6\jaxb-runtime-4.0.6.jar;C:\Users\ar.likith\.m2\repository\org\glassfish\jaxb\jaxb-core\4.0.6\jaxb-core-4.0.6.jar;C:\Users\ar.likith\.m2\repository\org\eclipse\angus\angus-activation\2.0.3\angus-activation-2.0.3.jar;C:\Users\ar.likith\.m2\repository\org\glassfish\jaxb\txw2\4.0.6\txw2-4.0.6.jar;C:\Users\ar.likith\.m2\repository\com\sun\istack\istack-commons-runtime\4.1.2\istack-commons-runtime-4.1.2.jar;C:\Users\ar.likith\.m2\repository\jakarta\inject\jakarta.inject-api\2.0.1\jakarta.inject-api-2.0.1.jar;C:\Users\ar.likith\.m2\repository\org\antlr\antlr4-runtime\4.13.2\antlr4-runtime-4.13.2.jar;C:\Users\ar.likith\.m2\repository\org\apache\logging\log4j\log4j-core\2.17.1\log4j-core-2.17.1.jar;C:\Users\ar.likith\.m2\repository\org\apache\logging\log4j\log4j-api\2.17.1\log4j-api-2.17.1.jar;C:\Users\ar.likith\.m2\repository\org\apache\logging\log4j\log4j-slf4j-impl\2.17.1\log4j-slf4j-impl-2.17.1.jar;C:\Users\ar.likith\.m2\repository\org\slf4j\slf4j-api\1.7.25\slf4j-api-1.7.25.jar, java.vm.vendor=Eclipse Adoptium, sun.arch.data.model=64, hbm2ddl.auto=create, user.variant=, java.vendor.url=https://adoptium.net/, user.timezone=Asia/Calcutta, java.vm.specification.version=25, os.name=Windows 11, sun.java.launcher=SUN_STANDARD, user.country=US, sun.boot.library.path=C:\Users\ar.likith\Downloads\sts-5.1.1.RELEASE\plugins\org.eclipse.justj.openjdk.hotspot.jre.full.win32.x86_64_25.0.2.v20260203-1141\jre\bin, sun.java.command=com.test.NamedQueryDemo, jdk.debug=release, sun.cpu.endian=little, user.home=C:\Users\ar.likith, user.language=en, java.specification.vendor=Oracle Corporation, java.version.date=2026-01-20, java.home=C:\Users\ar.likith\Downloads\sts-5.1.1.RELEASE\plugins\org.eclipse.justj.openjdk.hotspot.jre.full.win32.x86_64_25.0.2.v20260203-1141\jre, file.separator=\, java.vm.compressedOopsMode=Zero based, line.separator=
, java.vm.specification.vendor=Oracle Corporation, java.specification.name=Java Platform API Specification, hibernate.hbm2ddl.auto=create, user.script=, sun.management.compiler=HotSpot 64-Bit Tiered Compilers, java.runtime.version=25.0.2+10-LTS, user.name=ar.likith, stdout.encoding=UTF-8, path.separator=;, hibernate.connection.username=****, os.version=10.0, java.runtime.name=OpenJDK Runtime Environment, hibernate.connection.url=jdbc:mysql://localhost:3306/mlamarch, file.encoding=UTF-8, format_sql=true, java.vm.name=OpenJDK 64-Bit Server VM, hibernate.show_sql=true, java.vendor.version=Temurin-25.0.2+10, show_sql=true, hibernate.connection.driver_class=com.mysql.cj.jdbc.Driver, java.vendor.url.bug=https://github.com/adoptium/adoptium-support/issues, java.io.tmpdir=C:\Users\ARBCDF~1.LIK\AppData\Local\Temp\, java.version=25.0.2, user.dir=C:\Users\ar.likith\Desktop\sts\Assesment, os.arch=amd64, java.vm.specification.name=Java Virtual Machine Specification, hibernate.connection.password=****, sun.os.patch.level=, hibernate.boot.CfgXmlAccessService.key=org.hibernate.boot.cfgxml.spi.LoadedConfig@25953be6, native.encoding=Cp1252, java.library.path=C:\Users\ar.likith\Downloads\sts-5.1.1.RELEASE\plugins\org.eclipse.justj.openjdk.hotspot.jre.full.win32.x86_64_25.0.2.v20260203-1141\jre\bin;C:\WINDOWS\Sun\Java\bin;C:\WINDOWS\system32;C:\WINDOWS;C:/Users/ar.likith/Downloads/sts-5.1.1.RELEASE//plugins/org.eclipse.justj.openjdk.hotspot.jre.full.win32.x86_64_25.0.2.v20260203-1141/jre/bin/server;C:/Users/ar.likith/Downloads/sts-5.1.1.RELEASE//plugins/org.eclipse.justj.openjdk.hotspot.jre.full.win32.x86_64_25.0.2.v20260203-1141/jre/bin;C:\Program Files\Microsoft\jdk-11.0.23.9-hotspot\bin;C:\Program Files\Microsoft\jdk-17.0.15.6-hotspot\bin;C:\Program Files\Python313\Scripts\;C:\Program Files\Python313\;%SystemRoot%\system32;%SystemRoot%;%SystemRoot%\System32\Wbem;%SYSTEMROOT%\System32\WindowsPowerShell\v1.0\;%SYSTEMROOT%\System32\OpenSSH\;C:\Program Files (x86)\Microsoft SQL Server\160\Tools\Binn\;C:\Program Files\Microsoft SQL Server\160\Tools\Binn\;C:\Program Files\Microsoft SQL Server\Client SDK\ODBC\170\Tools\Binn\;C:\Program Files\Microsoft SQL Server\160\DTS\Binn\;C:\Program Files\dotnet\;C:\Program Files\Microsoft VS Code\bin;C:\Program Files\Git\cmd;C:\Program Files\apache-maven-3.9.10\bin;C:\Program Files\nodejs\;C:\Program Files\PuTTY\;C:\Program Files (x86)\Microsoft SQL Server\160\DTS\Binn\;C:\Program Files\apache-maven-3.9.10\bin;C:\Program Files\apache-maven-3.9.10\bin;C:\Program Files\apache-maven-3.9.10\bin;C:\Program Files\apache-maven-3.9.10\bin;C:\Program Files\apache-maven-3.9.10\bin;C:\Users\ar.likith\AppData\Local\Microsoft\WindowsApps;;C:\Users\ar.likith\Downloads\sts-5.1.1.RELEASE;;., stderr.encoding=UTF-8, java.vendor=Eclipse Adoptium, java.vm.info=mixed mode, sharing, stdin.encoding=Cp1252, java.vm.version=25.0.2+10-LTS, sun.io.unicode.encoding=UnicodeLittle, java.class.version=69.0}
2026-03-25 17:35:57 DEBUG HQL_FUNCTIONS:155 - Available HQL Functions:
	abs(NUMERIC arg)
	Double acos(NUMERIC arg)
	adddate(DATE datetime, INTEGER days)
	addtime(TIME datetime, TIME time)
	Boolean any(BOOLEAN arg)
	Integer ascii(STRING arg)
	Double asin(NUMERIC arg)
	Double atan(NUMERIC arg)
	Double atan2(NUMERIC arg0, NUMERIC arg1)
	avg(arg)
	bit_and(arg)
	Integer bit_length(STRING_OR_CLOB arg)
	bit_or(arg)
	bitand(arg0, arg1)
	bitnot(arg)
	bitor(arg0, arg1)
	bitxor(arg0, arg1)
	cast(arg as Type)
	ceiling(NUMERIC arg)
	Character char(INTEGER arg)
	Integer character_length(STRING_OR_CLOB arg)
	Character chr(INTEGER arg)
	coalesce(arg0[, arg1[, ...]])
	String collate(STRING string as COLLATION collation)
	String concat(STRING string0[, STRING string1[, ...]])
	Double cos(NUMERIC arg)
	Double cosh(NUMERIC arg)
	Double cot(NUMERIC arg)
	Long count([distinct ]{arg|*})
	Integer crc32(arg)
	Double cume_dist([arg0[, ...]])
	Date curdate()
	Date current date
	Date current time
	Date current timestamp
	Date current_date
	Instant current_instant
	Date current_time
	Date current_timestamp
	Date curtime()
	Date date(arg)
	dateadd(TEMPORAL_UNIT field, INTEGER magnitude, TEMPORAL datetime)
	Integer datediff(DATE end, DATE start)
	Integer day(DATE arg)
	String dayname(DATE arg)
	Integer dayofmonth(DATE arg)
	Integer dayofweek(DATE arg)
	Integer dayofyear(DATE arg)
	Double degrees(NUMERIC arg)
	Long dense_rank([arg0[, ...]])
	Boolean every(BOOLEAN arg)
	Double exp(NUMERIC arg)
	extract(TEMPORAL_UNIT field from TEMPORAL arg)
	first_valueANY value
	floor(NUMERIC arg)
	String format(TEMPORAL datetime as STRING pattern)
	greatest(COMPARABLE arg0, COMPARABLE arg1[, arg2[, ...]])
	String hex(arg)
	Integer hour(TIME arg)
	ifnull(arg0, arg1)
	String insert(STRING string, INTEGER start, INTEGER length, STRING replacement)
	Instant instant
	Integer instr(STRING string, STRING pattern[, INTEGER start[, INTEGER occurrence]])
	String json_array([arg0[, ...]])
	String json_array_append(IMPLICIT_JSON arg0, STRING arg1, ANY arg2)
	String json_array_insert(IMPLICIT_JSON arg0, STRING arg1, ANY arg2)
	String json_arrayagg(arg0[, arg1])
	Boolean json_exists(IMPLICIT_JSON arg0, STRING arg1)
	String json_insert(IMPLICIT_JSON arg0, STRING arg1, ANY arg2)
	String json_mergepatch(IMPLICIT_JSON arg0, IMPLICIT_JSON arg1[, arg2[, ...]])
	String json_object( ... )
	String json_objectagg(arg0, arg1[, arg2, arg3])
	String json_query( ... )
	String json_remove(IMPLICIT_JSON arg0, STRING arg1)
	String json_replace(IMPLICIT_JSON arg0, STRING arg1, ANY arg2)
	String json_set(IMPLICIT_JSON arg0, STRING arg1, ANY arg2)
	json_value( ... )
	lagANY value[, INTEGER offset[, ANY default]]
	Date last_day(DATE arg)
	last_valueANY value
	leadANY value[, INTEGER offset[, ANY default]]
	least(COMPARABLE arg0, COMPARABLE arg1[, arg2[, ...]])
	String left(STRING string, INTEGER length)
	Integer length(STRING_OR_CLOB arg)
	String listagg(STRING arg0, STRING arg1)
	Double ln(NUMERIC arg)
	LocalDate local date
	LocalDateTime local datetime
	LocalTime local time
	LocalDate local_date
	LocalDateTime local_datetime
	LocalTime local_time
	Date localtime
	Date localtimestamp
	Integer locate(STRING pattern, STRING string[, INTEGER start])
	Double log(NUMERIC arg0[, NUMERIC arg1])
	Double log10(NUMERIC arg)
	Double log2(NUMERIC arg)
	String lower(STRING string)
	String lpad(string, length[, padding])
	String ltrim(STRING string[, STRING characters])
	Date makedate(INTEGER year, INTEGER dayofyear)
	Date maketime(INTEGER hour, INTEGER min, INTEGER sec)
	max(COMPARABLE arg)
	byte[] md5(arg)
	Integer microsecond(TIME arg)
	min(COMPARABLE arg)
	Integer minute(TIME arg)
	Integer mod(INTEGER arg0, INTEGER arg1)
	Integer month(DATE arg)
	String monthname(DATE arg)
	Date now()
	nth_valueANY value, INTEGER nth
	nullif(arg0, arg1)
	Integer octet_length(STRING_OR_CLOB arg)
	OffsetDateTime offset datetime
	OffsetDateTime offset_datetime
	Integer ordinal(ENUM arg)
	String overlay(STRING string placing STRING replacement from INTEGER start[ for INTEGER length])
	String pad(STRING string with INTEGER length {leading|trailing}[ STRING character])
	Double percent_rank([arg0[, ...]])
	Double pi
	Integer position(STRING pattern in STRING string)
	Double power(NUMERIC arg0, NUMERIC arg1)
	Integer quarter(DATE arg)
	Double radians(NUMERIC arg)
	Double rand([INTEGER seed])
	Long rank([arg0[, ...]])
	Boolean regexp_like(STRING arg0, STRING arg1[, STRING arg2])
	String repeat(STRING string, INTEGER times)
	String replace(STRING string, STRING pattern, STRING replacement)
	String reverse(STRING arg)
	String right(STRING string, INTEGER length)
	round(NUMERIC number[, INTEGER places])
	Long row_number()
	String rpad(string, length[, padding])
	String rtrim(STRING string[, STRING characters])
	Integer second(TIME arg)
	byte[] sha(arg)
	String sha1(arg)
	String sha2(arg0, arg1)
	Integer sign(NUMERIC arg)
	Double sin(NUMERIC arg)
	Double sinh(NUMERIC arg)
	String soundex(arg)
	String space(INTEGER arg)
	sql
	Double sqrt(NUMERIC arg)
	Double stddev(NUMERIC arg)
	Double stddev_pop(NUMERIC arg)
	Double stddev_samp(NUMERIC arg)
	String str(arg)
	String string(ENUM arg)
	subdate(DATE datetime, INTEGER days)
	String substr(STRING string, INTEGER start[, INTEGER length])
	String substring(STRING string{ from|,} INTEGER start[{ for|,} INTEGER length])
	subtime(TIME datetime, TIME time)
	sum(arg)
	Date sysdate()
	Double tan(NUMERIC arg)
	Double tanh(NUMERIC arg)
	String time(arg)
	Date timestamp(arg0[, arg1])
	timestampadd(TEMPORAL_UNIT field, INTEGER magnitude, TEMPORAL datetime)
	Long|Double timestampdiff(TEMPORAL_UNIT field, TEMPORAL start, TEMPORAL end)
	String trim([[{leading|trailing|both} ][STRING arg0 ]from] STRING arg1)
	trunc( ... )
	truncate( ... )
	String upper(STRING string)
	Date utc_date
	Date utc_time
	Date utc_timestamp
	Double var_pop(NUMERIC arg)
	Double var_samp(NUMERIC arg)
	Double variance(NUMERIC arg)
	Integer week(DATE arg)
	Integer year(DATE arg)

2026-03-25 17:35:58 DEBUG core:211 - HHH000513: Unable to create the ReflectionOptimizer for [com.test.Books]: private accessor [b_author]
2026-03-25 17:35:58 DEBUG core:211 - HHH000513: Unable to create the ReflectionOptimizer for [com.test.Story_Book]: private accessor [b_author]
2026-03-25 17:35:58 INFO  core:53 - HHH000489: No JTA platform available (set 'hibernate.transaction.jta.platform' to enable JTA platform integration)
2026-03-25 17:35:58 DEBUG service:102 - HHH010454: EventListenerRegistry access via ServiceRegistry is deprecated - use 'sessionFactory.getEventEngine().getListenerRegistry()' instead
2026-03-25 17:35:58 ERROR query:297 - HHH90003001: Error in named query: BookQuery
org.hibernate.query.sqm.UnknownEntityException: Could not resolve root entity 'books232'
	at org.hibernate.query.hql.internal.SemanticQueryBuilder.resolveRootEntity(SemanticQueryBuilder.java:2072) ~[hibernate-core-7.3.0.Final.jar:7.3.0.Final]
	at org.hibernate.query.hql.internal.SemanticQueryBuilder.visitRootEntity(SemanticQueryBuilder.java:2002) ~[hibernate-core-7.3.0.Final.jar:7.3.0.Final]
	at org.hibernate.query.hql.internal.SemanticQueryBuilder.visitRootEntity(SemanticQueryBuilder.java:246) ~[hibernate-core-7.3.0.Final.jar:7.3.0.Final]
	at org.hibernate.grammars.hql.HqlParser$RootEntityContext.accept(HqlParser.java:2820) ~[hibernate-core-7.3.0.Final.jar:7.3.0.Final]
	at org.hibernate.query.hql.internal.SemanticQueryBuilder.visitEntityWithJoins(SemanticQueryBuilder.java:1972) ~[hibernate-core-7.3.0.Final.jar:7.3.0.Final]
	at org.hibernate.query.hql.internal.SemanticQueryBuilder.visitFromClause(SemanticQueryBuilder.java:1959) ~[hibernate-core-7.3.0.Final.jar:7.3.0.Final]
	at org.hibernate.query.hql.internal.SemanticQueryBuilder.visitQuery(SemanticQueryBuilder.java:1151) ~[hibernate-core-7.3.0.Final.jar:7.3.0.Final]
	at org.hibernate.query.hql.internal.SemanticQueryBuilder.visitQuerySpecExpression(SemanticQueryBuilder.java:955) ~[hibernate-core-7.3.0.Final.jar:7.3.0.Final]
	at org.hibernate.query.hql.internal.SemanticQueryBuilder.visitQuerySpecExpression(SemanticQueryBuilder.java:246) ~[hibernate-core-7.3.0.Final.jar:7.3.0.Final]
	at org.hibernate.grammars.hql.HqlParser$QuerySpecExpressionContext.accept(HqlParser.java:2113) ~[hibernate-core-7.3.0.Final.jar:7.3.0.Final]
	at org.hibernate.query.hql.internal.SemanticQueryBuilder.visitQueryExpression(SemanticQueryBuilder.java:984) ~[hibernate-core-7.3.0.Final.jar:7.3.0.Final]
	at org.hibernate.query.hql.internal.SemanticQueryBuilder.visitQueryExpression(SemanticQueryBuilder.java:246) ~[hibernate-core-7.3.0.Final.jar:7.3.0.Final]
	at org.hibernate.grammars.hql.HqlParser$QueryExpressionContext.accept(HqlParser.java:2003) ~[hibernate-core-7.3.0.Final.jar:7.3.0.Final]
	at org.hibernate.query.hql.internal.SemanticQueryBuilder.visitSelectStatement(SemanticQueryBuilder.java:471) ~[hibernate-core-7.3.0.Final.jar:7.3.0.Final]
	at org.hibernate.query.hql.internal.SemanticQueryBuilder.visitStatement(SemanticQueryBuilder.java:430) ~[hibernate-core-7.3.0.Final.jar:7.3.0.Final]
	at org.hibernate.query.hql.internal.SemanticQueryBuilder.buildSemanticModel(SemanticQueryBuilder.java:291) ~[hibernate-core-7.3.0.Final.jar:7.3.0.Final]
	at org.hibernate.query.hql.internal.StandardHqlTranslator.translate(StandardHqlTranslator.java:64) ~[hibernate-core-7.3.0.Final.jar:7.3.0.Final]
	at org.hibernate.query.internal.QueryInterpretationCacheStandardImpl.createHqlInterpretation(QueryInterpretationCacheStandardImpl.java:165) ~[hibernate-core-7.3.0.Final.jar:7.3.0.Final]
	at org.hibernate.query.internal.QueryInterpretationCacheStandardImpl.resolveHqlInterpretation(QueryInterpretationCacheStandardImpl.java:147) ~[hibernate-core-7.3.0.Final.jar:7.3.0.Final]
	at org.hibernate.query.internal.NamedObjectRepositoryImpl.checkNamedQueries(NamedObjectRepositoryImpl.java:322) ~[hibernate-core-7.3.0.Final.jar:7.3.0.Final]
	at org.hibernate.query.internal.NamedObjectRepositoryImpl.validateNamedQueries(NamedObjectRepositoryImpl.java:292) [hibernate-core-7.3.0.Final.jar:7.3.0.Final]
	at org.hibernate.query.internal.QueryEngineImpl.validateNamedQueries(QueryEngineImpl.java:211) [hibernate-core-7.3.0.Final.jar:7.3.0.Final]
	at org.hibernate.boot.internal.SessionFactoryObserverForNamedQueryValidation.sessionFactoryCreated(SessionFactoryObserverForNamedQueryValidation.java:37) [hibernate-core-7.3.0.Final.jar:7.3.0.Final]
	at org.hibernate.internal.SessionFactoryObserverChain.sessionFactoryCreated(SessionFactoryObserverChain.java:33) [hibernate-core-7.3.0.Final.jar:7.3.0.Final]
	at org.hibernate.internal.SessionFactoryImpl.<init>(SessionFactoryImpl.java:323) [hibernate-core-7.3.0.Final.jar:7.3.0.Final]
	at org.hibernate.internal.SessionFactoryRegistry.instantiateSessionFactory(SessionFactoryRegistry.java:64) [hibernate-core-7.3.0.Final.jar:7.3.0.Final]
	at org.hibernate.boot.internal.SessionFactoryBuilderImpl.build(SessionFactoryBuilderImpl.java:444) [hibernate-core-7.3.0.Final.jar:7.3.0.Final]
	at org.hibernate.cfg.Configuration.buildSessionFactory(Configuration.java:1112) [hibernate-core-7.3.0.Final.jar:7.3.0.Final]
	at org.hibernate.cfg.Configuration.buildSessionFactory(Configuration.java:1131) [hibernate-core-7.3.0.Final.jar:7.3.0.Final]
	at com.test.NamedQueryDemo.main(NamedQueryDemo.java:17) [classes/:?]
2026-03-25 17:35:58 DEBUG factory:800 - HHH90020005: Closing factory [0216d140-df00-41e4-8f2b-276bc0dd380b]
2026-03-25 17:35:58 DEBUG pooling:79 - HHH10001008: Cleaning up connection pool [jdbc:mysql://localhost:3306/mlamarch]
2026-03-25 17:36:18 DEBUG service:41 - HHH010455: Adding integrator: org.hibernate.boot.beanvalidation.BeanValidationIntegrator
2026-03-25 17:36:18 DEBUG service:41 - HHH010455: Adding integrator: org.hibernate.cache.internal.CollectionCacheInvalidator
2026-03-25 17:36:18 INFO  core:41 - HHH000001: Hibernate ORM core version 7.3.0.Final
2026-03-25 17:36:18 DEBUG core:155 - HHH000206: 'hibernate.properties' not found
2026-03-25 17:36:18 DEBUG boot:97 - HHH160204: cfg.xml document did not define namespaces; wrapping in custom event reader to introduce namespace information
2026-03-25 17:36:18 DEBUG cache:116 - HHH90001031: Cannot default RegionFactory since no RegionFactory strategies were registered
2026-03-25 17:36:18 DEBUG cache:46 - HHH90001029: Second-level cache disabled
2026-03-25 17:36:19 WARN  pooling:86 - HHH10001002: Using built-in connection pool (not intended for production use)
2026-03-25 17:36:19 DEBUG pooling:34 - HHH10001014: Initializing connection pool with 1 connections
2026-03-25 17:36:19 DEBUG jdbc:457 - HHH100017: Database:
	name: MySQL
	version: 8.0.42
	major: 8
	minor: 0
2026-03-25 17:36:19 DEBUG jdbc:463 - HHH100018: Driver:
	name: MySQL Connector/J
	version: mysql-connector-j-8.0.33 (Revision: 7d6b0800528b6b25c68b52dc10d6c1c8429c100c)
	major: 8
	minor: 0
	JDBC version: 4.2
2026-03-25 17:36:19 WARN  deprecation:152 - HHH90000025: MySQLDialect does not need to be specified explicitly using 'hibernate.dialect' (remove the property setting and it will be selected by default)
2026-03-25 17:36:19 DEBUG dialect:93 - HHH035001: Using dialect: org.hibernate.dialect.MySQLDialect, version: 8.0.42
2026-03-25 17:36:19 DEBUG IdentifierHelperBuilder:205 - IdentifierCaseStrategy for both quoted and unquoted identifiers was set to the same strategy [LOWER]; that will likely lead to problems in schema update and validation if using quoted identifiers
2026-03-25 17:36:19 DEBUG jdbc:379 - HHH100122: Using default JDBC fetch size: 0
2026-03-25 17:36:19 INFO  pooling:179 - HHH10001005: Database info:
	Database JDBC URL [jdbc:mysql://localhost:3306/mlamarch]
	Database driver: MySQL Connector/J
	Database dialect: MySQLDialect
	Database version: 8.0.42
	Default catalog/schema: mlamarch/undefined
	Autocommit mode: false
	Isolation level: REPEATABLE_READ
	JDBC fetch size: none
	Pool: DriverManagerConnectionProvider
	Minimum pool size: 1
	Maximum pool size: 20
2026-03-25 17:36:19 DEBUG factory:230 - HHH90020001: Instantiating factory [9c28931b-70fc-4dbb-b298-abbfd24e18b9] with settings: {hibernate.format_sql=true, java.specification.version=25, sun.cpu.isalist=amd64, sun.jnu.encoding=Cp1252, hibernate.dialect=org.hibernate.dialect.MySQLDialect, java.class.path=C:\Users\ar.likith\Desktop\sts\Assesment\target\classes;C:\Users\ar.likith\.m2\repository\com\mysql\mysql-connector-j\8.0.33\mysql-connector-j-8.0.33.jar;C:\Users\ar.likith\.m2\repository\com\google\protobuf\protobuf-java\3.21.9\protobuf-java-3.21.9.jar;C:\Users\ar.likith\.m2\repository\org\hibernate\orm\hibernate-core\7.3.0.Final\hibernate-core-7.3.0.Final.jar;C:\Users\ar.likith\.m2\repository\jakarta\persistence\jakarta.persistence-api\3.2.0\jakarta.persistence-api-3.2.0.jar;C:\Users\ar.likith\.m2\repository\jakarta\transaction\jakarta.transaction-api\2.0.1\jakarta.transaction-api-2.0.1.jar;C:\Users\ar.likith\.m2\repository\org\jboss\logging\jboss-logging\3.6.1.Final\jboss-logging-3.6.1.Final.jar;C:\Users\ar.likith\.m2\repository\org\hibernate\models\hibernate-models\1.1.0\hibernate-models-1.1.0.jar;C:\Users\ar.likith\.m2\repository\net\bytebuddy\byte-buddy\1.18.7\byte-buddy-1.18.7.jar;C:\Users\ar.likith\.m2\repository\jakarta\xml\bind\jakarta.xml.bind-api\4.0.4\jakarta.xml.bind-api-4.0.4.jar;C:\Users\ar.likith\.m2\repository\jakarta\activation\jakarta.activation-api\2.1.4\jakarta.activation-api-2.1.4.jar;C:\Users\ar.likith\.m2\repository\org\glassfish\jaxb\jaxb-runtime\4.0.6\jaxb-runtime-4.0.6.jar;C:\Users\ar.likith\.m2\repository\org\glassfish\jaxb\jaxb-core\4.0.6\jaxb-core-4.0.6.jar;C:\Users\ar.likith\.m2\repository\org\eclipse\angus\angus-activation\2.0.3\angus-activation-2.0.3.jar;C:\Users\ar.likith\.m2\repository\org\glassfish\jaxb\txw2\4.0.6\txw2-4.0.6.jar;C:\Users\ar.likith\.m2\repository\com\sun\istack\istack-commons-runtime\4.1.2\istack-commons-runtime-4.1.2.jar;C:\Users\ar.likith\.m2\repository\jakarta\inject\jakarta.inject-api\2.0.1\jakarta.inject-api-2.0.1.jar;C:\Users\ar.likith\.m2\repository\org\antlr\antlr4-runtime\4.13.2\antlr4-runtime-4.13.2.jar;C:\Users\ar.likith\.m2\repository\org\apache\logging\log4j\log4j-core\2.17.1\log4j-core-2.17.1.jar;C:\Users\ar.likith\.m2\repository\org\apache\logging\log4j\log4j-api\2.17.1\log4j-api-2.17.1.jar;C:\Users\ar.likith\.m2\repository\org\apache\logging\log4j\log4j-slf4j-impl\2.17.1\log4j-slf4j-impl-2.17.1.jar;C:\Users\ar.likith\.m2\repository\org\slf4j\slf4j-api\1.7.25\slf4j-api-1.7.25.jar, java.vm.vendor=Eclipse Adoptium, sun.arch.data.model=64, hbm2ddl.auto=create, user.variant=, java.vendor.url=https://adoptium.net/, user.timezone=Asia/Calcutta, java.vm.specification.version=25, os.name=Windows 11, sun.java.launcher=SUN_STANDARD, user.country=US, sun.boot.library.path=C:\Users\ar.likith\Downloads\sts-5.1.1.RELEASE\plugins\org.eclipse.justj.openjdk.hotspot.jre.full.win32.x86_64_25.0.2.v20260203-1141\jre\bin, sun.java.command=com.test.NamedQueryDemo, jdk.debug=release, sun.cpu.endian=little, user.home=C:\Users\ar.likith, user.language=en, java.specification.vendor=Oracle Corporation, java.version.date=2026-01-20, java.home=C:\Users\ar.likith\Downloads\sts-5.1.1.RELEASE\plugins\org.eclipse.justj.openjdk.hotspot.jre.full.win32.x86_64_25.0.2.v20260203-1141\jre, file.separator=\, java.vm.compressedOopsMode=Zero based, line.separator=
, java.vm.specification.vendor=Oracle Corporation, java.specification.name=Java Platform API Specification, hibernate.hbm2ddl.auto=create, user.script=, sun.management.compiler=HotSpot 64-Bit Tiered Compilers, java.runtime.version=25.0.2+10-LTS, user.name=ar.likith, stdout.encoding=UTF-8, path.separator=;, hibernate.connection.username=****, os.version=10.0, java.runtime.name=OpenJDK Runtime Environment, hibernate.connection.url=jdbc:mysql://localhost:3306/mlamarch, file.encoding=UTF-8, format_sql=true, java.vm.name=OpenJDK 64-Bit Server VM, hibernate.show_sql=true, java.vendor.version=Temurin-25.0.2+10, show_sql=true, hibernate.connection.driver_class=com.mysql.cj.jdbc.Driver, java.vendor.url.bug=https://github.com/adoptium/adoptium-support/issues, java.io.tmpdir=C:\Users\ARBCDF~1.LIK\AppData\Local\Temp\, java.version=25.0.2, user.dir=C:\Users\ar.likith\Desktop\sts\Assesment, os.arch=amd64, java.vm.specification.name=Java Virtual Machine Specification, hibernate.connection.password=****, sun.os.patch.level=, hibernate.boot.CfgXmlAccessService.key=org.hibernate.boot.cfgxml.spi.LoadedConfig@25953be6, native.encoding=Cp1252, java.library.path=C:\Users\ar.likith\Downloads\sts-5.1.1.RELEASE\plugins\org.eclipse.justj.openjdk.hotspot.jre.full.win32.x86_64_25.0.2.v20260203-1141\jre\bin;C:\WINDOWS\Sun\Java\bin;C:\WINDOWS\system32;C:\WINDOWS;C:/Users/ar.likith/Downloads/sts-5.1.1.RELEASE//plugins/org.eclipse.justj.openjdk.hotspot.jre.full.win32.x86_64_25.0.2.v20260203-1141/jre/bin/server;C:/Users/ar.likith/Downloads/sts-5.1.1.RELEASE//plugins/org.eclipse.justj.openjdk.hotspot.jre.full.win32.x86_64_25.0.2.v20260203-1141/jre/bin;C:\Program Files\Microsoft\jdk-11.0.23.9-hotspot\bin;C:\Program Files\Microsoft\jdk-17.0.15.6-hotspot\bin;C:\Program Files\Python313\Scripts\;C:\Program Files\Python313\;%SystemRoot%\system32;%SystemRoot%;%SystemRoot%\System32\Wbem;%SYSTEMROOT%\System32\WindowsPowerShell\v1.0\;%SYSTEMROOT%\System32\OpenSSH\;C:\Program Files (x86)\Microsoft SQL Server\160\Tools\Binn\;C:\Program Files\Microsoft SQL Server\160\Tools\Binn\;C:\Program Files\Microsoft SQL Server\Client SDK\ODBC\170\Tools\Binn\;C:\Program Files\Microsoft SQL Server\160\DTS\Binn\;C:\Program Files\dotnet\;C:\Program Files\Microsoft VS Code\bin;C:\Program Files\Git\cmd;C:\Program Files\apache-maven-3.9.10\bin;C:\Program Files\nodejs\;C:\Program Files\PuTTY\;C:\Program Files (x86)\Microsoft SQL Server\160\DTS\Binn\;C:\Program Files\apache-maven-3.9.10\bin;C:\Program Files\apache-maven-3.9.10\bin;C:\Program Files\apache-maven-3.9.10\bin;C:\Program Files\apache-maven-3.9.10\bin;C:\Program Files\apache-maven-3.9.10\bin;C:\Users\ar.likith\AppData\Local\Microsoft\WindowsApps;;C:\Users\ar.likith\Downloads\sts-5.1.1.RELEASE;;., stderr.encoding=UTF-8, java.vendor=Eclipse Adoptium, java.vm.info=mixed mode, sharing, stdin.encoding=Cp1252, java.vm.version=25.0.2+10-LTS, sun.io.unicode.encoding=UnicodeLittle, java.class.version=69.0}
2026-03-25 17:36:19 DEBUG HQL_FUNCTIONS:155 - Available HQL Functions:
	abs(NUMERIC arg)
	Double acos(NUMERIC arg)
	adddate(DATE datetime, INTEGER days)
	addtime(TIME datetime, TIME time)
	Boolean any(BOOLEAN arg)
	Integer ascii(STRING arg)
	Double asin(NUMERIC arg)
	Double atan(NUMERIC arg)
	Double atan2(NUMERIC arg0, NUMERIC arg1)
	avg(arg)
	bit_and(arg)
	Integer bit_length(STRING_OR_CLOB arg)
	bit_or(arg)
	bitand(arg0, arg1)
	bitnot(arg)
	bitor(arg0, arg1)
	bitxor(arg0, arg1)
	cast(arg as Type)
	ceiling(NUMERIC arg)
	Character char(INTEGER arg)
	Integer character_length(STRING_OR_CLOB arg)
	Character chr(INTEGER arg)
	coalesce(arg0[, arg1[, ...]])
	String collate(STRING string as COLLATION collation)
	String concat(STRING string0[, STRING string1[, ...]])
	Double cos(NUMERIC arg)
	Double cosh(NUMERIC arg)
	Double cot(NUMERIC arg)
	Long count([distinct ]{arg|*})
	Integer crc32(arg)
	Double cume_dist([arg0[, ...]])
	Date curdate()
	Date current date
	Date current time
	Date current timestamp
	Date current_date
	Instant current_instant
	Date current_time
	Date current_timestamp
	Date curtime()
	Date date(arg)
	dateadd(TEMPORAL_UNIT field, INTEGER magnitude, TEMPORAL datetime)
	Integer datediff(DATE end, DATE start)
	Integer day(DATE arg)
	String dayname(DATE arg)
	Integer dayofmonth(DATE arg)
	Integer dayofweek(DATE arg)
	Integer dayofyear(DATE arg)
	Double degrees(NUMERIC arg)
	Long dense_rank([arg0[, ...]])
	Boolean every(BOOLEAN arg)
	Double exp(NUMERIC arg)
	extract(TEMPORAL_UNIT field from TEMPORAL arg)
	first_valueANY value
	floor(NUMERIC arg)
	String format(TEMPORAL datetime as STRING pattern)
	greatest(COMPARABLE arg0, COMPARABLE arg1[, arg2[, ...]])
	String hex(arg)
	Integer hour(TIME arg)
	ifnull(arg0, arg1)
	String insert(STRING string, INTEGER start, INTEGER length, STRING replacement)
	Instant instant
	Integer instr(STRING string, STRING pattern[, INTEGER start[, INTEGER occurrence]])
	String json_array([arg0[, ...]])
	String json_array_append(IMPLICIT_JSON arg0, STRING arg1, ANY arg2)
	String json_array_insert(IMPLICIT_JSON arg0, STRING arg1, ANY arg2)
	String json_arrayagg(arg0[, arg1])
	Boolean json_exists(IMPLICIT_JSON arg0, STRING arg1)
	String json_insert(IMPLICIT_JSON arg0, STRING arg1, ANY arg2)
	String json_mergepatch(IMPLICIT_JSON arg0, IMPLICIT_JSON arg1[, arg2[, ...]])
	String json_object( ... )
	String json_objectagg(arg0, arg1[, arg2, arg3])
	String json_query( ... )
	String json_remove(IMPLICIT_JSON arg0, STRING arg1)
	String json_replace(IMPLICIT_JSON arg0, STRING arg1, ANY arg2)
	String json_set(IMPLICIT_JSON arg0, STRING arg1, ANY arg2)
	json_value( ... )
	lagANY value[, INTEGER offset[, ANY default]]
	Date last_day(DATE arg)
	last_valueANY value
	leadANY value[, INTEGER offset[, ANY default]]
	least(COMPARABLE arg0, COMPARABLE arg1[, arg2[, ...]])
	String left(STRING string, INTEGER length)
	Integer length(STRING_OR_CLOB arg)
	String listagg(STRING arg0, STRING arg1)
	Double ln(NUMERIC arg)
	LocalDate local date
	LocalDateTime local datetime
	LocalTime local time
	LocalDate local_date
	LocalDateTime local_datetime
	LocalTime local_time
	Date localtime
	Date localtimestamp
	Integer locate(STRING pattern, STRING string[, INTEGER start])
	Double log(NUMERIC arg0[, NUMERIC arg1])
	Double log10(NUMERIC arg)
	Double log2(NUMERIC arg)
	String lower(STRING string)
	String lpad(string, length[, padding])
	String ltrim(STRING string[, STRING characters])
	Date makedate(INTEGER year, INTEGER dayofyear)
	Date maketime(INTEGER hour, INTEGER min, INTEGER sec)
	max(COMPARABLE arg)
	byte[] md5(arg)
	Integer microsecond(TIME arg)
	min(COMPARABLE arg)
	Integer minute(TIME arg)
	Integer mod(INTEGER arg0, INTEGER arg1)
	Integer month(DATE arg)
	String monthname(DATE arg)
	Date now()
	nth_valueANY value, INTEGER nth
	nullif(arg0, arg1)
	Integer octet_length(STRING_OR_CLOB arg)
	OffsetDateTime offset datetime
	OffsetDateTime offset_datetime
	Integer ordinal(ENUM arg)
	String overlay(STRING string placing STRING replacement from INTEGER start[ for INTEGER length])
	String pad(STRING string with INTEGER length {leading|trailing}[ STRING character])
	Double percent_rank([arg0[, ...]])
	Double pi
	Integer position(STRING pattern in STRING string)
	Double power(NUMERIC arg0, NUMERIC arg1)
	Integer quarter(DATE arg)
	Double radians(NUMERIC arg)
	Double rand([INTEGER seed])
	Long rank([arg0[, ...]])
	Boolean regexp_like(STRING arg0, STRING arg1[, STRING arg2])
	String repeat(STRING string, INTEGER times)
	String replace(STRING string, STRING pattern, STRING replacement)
	String reverse(STRING arg)
	String right(STRING string, INTEGER length)
	round(NUMERIC number[, INTEGER places])
	Long row_number()
	String rpad(string, length[, padding])
	String rtrim(STRING string[, STRING characters])
	Integer second(TIME arg)
	byte[] sha(arg)
	String sha1(arg)
	String sha2(arg0, arg1)
	Integer sign(NUMERIC arg)
	Double sin(NUMERIC arg)
	Double sinh(NUMERIC arg)
	String soundex(arg)
	String space(INTEGER arg)
	sql
	Double sqrt(NUMERIC arg)
	Double stddev(NUMERIC arg)
	Double stddev_pop(NUMERIC arg)
	Double stddev_samp(NUMERIC arg)
	String str(arg)
	String string(ENUM arg)
	subdate(DATE datetime, INTEGER days)
	String substr(STRING string, INTEGER start[, INTEGER length])
	String substring(STRING string{ from|,} INTEGER start[{ for|,} INTEGER length])
	subtime(TIME datetime, TIME time)
	sum(arg)
	Date sysdate()
	Double tan(NUMERIC arg)
	Double tanh(NUMERIC arg)
	String time(arg)
	Date timestamp(arg0[, arg1])
	timestampadd(TEMPORAL_UNIT field, INTEGER magnitude, TEMPORAL datetime)
	Long|Double timestampdiff(TEMPORAL_UNIT field, TEMPORAL start, TEMPORAL end)
	String trim([[{leading|trailing|both} ][STRING arg0 ]from] STRING arg1)
	trunc( ... )
	truncate( ... )
	String upper(STRING string)
	Date utc_date
	Date utc_time
	Date utc_timestamp
	Double var_pop(NUMERIC arg)
	Double var_samp(NUMERIC arg)
	Double variance(NUMERIC arg)
	Integer week(DATE arg)
	Integer year(DATE arg)

2026-03-25 17:36:20 DEBUG core:211 - HHH000513: Unable to create the ReflectionOptimizer for [com.test.Books]: private accessor [b_author]
2026-03-25 17:36:20 DEBUG core:211 - HHH000513: Unable to create the ReflectionOptimizer for [com.test.Story_Book]: private accessor [b_author]
2026-03-25 17:36:20 INFO  core:53 - HHH000489: No JTA platform available (set 'hibernate.transaction.jta.platform' to enable JTA platform integration)
2026-03-25 17:36:20 DEBUG service:102 - HHH010454: EventListenerRegistry access via ServiceRegistry is deprecated - use 'sessionFactory.getEventEngine().getListenerRegistry()' instead
2026-03-25 17:36:20 DEBUG SQL:126 - 
    drop table if exists books232
2026-03-25 17:36:20 DEBUG SQL:126 - 
    drop table if exists books232_SEQ
2026-03-25 17:36:20 DEBUG SQL:126 - 
    create table books232 (
        b_price integer not null,
        id integer not null,
        DTYPE varchar(31) not null check ((DTYPE in ('Books','Story_Book'))),
        b_author varchar(255),
        b_genre varchar(255),
        b_name varchar(255),
        pages varchar(255),
        primary key (id)
    ) engine=InnoDB
2026-03-25 17:36:21 DEBUG SQL:126 - 
    create table books232_SEQ (
        next_val bigint
    ) engine=InnoDB
2026-03-25 17:36:21 DEBUG SQL:126 - 
    insert into books232_SEQ ( next_val ) values ( 1 )
2026-03-25 17:36:21 DEBUG factoryRegistry:86 - HHH020384: Registering SessionFactory [9c28931b-70fc-4dbb-b298-abbfd24e18b9] (<unnamed>)
2026-03-25 17:36:21 DEBUG core:151 - HHH006588: Opening session [tenant=null]
2026-03-25 17:36:21 DEBUG core:74 - HHH006583: Beginning transaction
2026-03-25 17:36:21 DEBUG SQL:126 - 
    select
        b1_0.id,
        b1_0.DTYPE,
        b1_0.b_author,
        b1_0.b_genre,
        b1_0.b_name,
        b1_0.b_price,
        b1_0.pages 
    from
        books232 b1_0 
    where
        b1_0.b_name=?
2026-03-25 17:36:21 DEBUG metrics:277 - HHH000401: Logging session metrics:
	679900 ns acquiring 1 JDBC connections
	0 ns releasing 0 JDBC connections
	5184400 ns preparing 1 JDBC statements
	24115800 ns executing 1 JDBC statements
	0 ns executing 0 JDBC batches
	0 ns performing 0 second-level cache puts
	0 ns performing 0 second-level cache hits
	0 ns performing 0 second-level cache misses
	0 ns executing 0 flushes (flushing a total of 0 entities and 0 collections)
	187900 ns executing 1 pre-partial-flushes
	190700 ns executing 1 partial-flushes (flushing a total of 0 entities and 0 collections)

