2026-03-26 12:14:10 DEBUG service:41 - HHH010455: Adding integrator: org.hibernate.boot.beanvalidation.BeanValidationIntegrator
2026-03-26 12:14:10 DEBUG service:41 - HHH010455: Adding integrator: org.hibernate.cache.internal.CollectionCacheInvalidator
2026-03-26 12:14:10 INFO  core:41 - HHH000001: Hibernate ORM core version 7.3.0.Final
2026-03-26 12:14:10 DEBUG core:155 - HHH000206: 'hibernate.properties' not found
2026-03-26 12:14:10 DEBUG boot:97 - HHH160204: cfg.xml document did not define namespaces; wrapping in custom event reader to introduce namespace information
2026-03-26 12:14:11 DEBUG cache:116 - HHH90001031: Cannot default RegionFactory since no RegionFactory strategies were registered
2026-03-26 12:14:11 DEBUG cache:46 - HHH90001029: Second-level cache disabled
2026-03-26 12:14:11 WARN  pooling:86 - HHH10001002: Using built-in connection pool (not intended for production use)
2026-03-26 12:14:11 DEBUG pooling:34 - HHH10001014: Initializing connection pool with 1 connections
2026-03-26 12:14:11 DEBUG jdbc:457 - HHH100017: Database:
	name: MySQL
	version: 8.0.42
	major: 8
	minor: 0
2026-03-26 12:14:11 DEBUG jdbc:463 - HHH100018: Driver:
	name: MySQL Connector/J
	version: mysql-connector-j-8.0.33 (Revision: 7d6b0800528b6b25c68b52dc10d6c1c8429c100c)
	major: 8
	minor: 0
	JDBC version: 4.2
2026-03-26 12:14:11 WARN  deprecation:152 - HHH90000025: MySQLDialect does not need to be specified explicitly using 'hibernate.dialect' (remove the property setting and it will be selected by default)
2026-03-26 12:14:11 DEBUG dialect:93 - HHH035001: Using dialect: org.hibernate.dialect.MySQLDialect, version: 8.0.42
2026-03-26 12:14:11 DEBUG IdentifierHelperBuilder:205 - IdentifierCaseStrategy for both quoted and unquoted identifiers was set to the same strategy [LOWER]; that will likely lead to problems in schema update and validation if using quoted identifiers
2026-03-26 12:14:11 DEBUG jdbc:379 - HHH100122: Using default JDBC fetch size: 0
2026-03-26 12:14:11 INFO  pooling:179 - HHH10001005: Database info:
	Database JDBC URL [jdbc:mysql://localhost:3306/mlamarch2]
	Database driver: MySQL Connector/J
	Database dialect: MySQLDialect
	Database version: 8.0.42
	Default catalog/schema: mlamarch2/undefined
	Autocommit mode: false
	Isolation level: REPEATABLE_READ
	JDBC fetch size: none
	Pool: DriverManagerConnectionProvider
	Minimum pool size: 1
	Maximum pool size: 20
2026-03-26 12:14:12 DEBUG factory:230 - HHH90020001: Instantiating factory [a6ad68be-8d4d-4513-a325-56c43f765622] with settings: {hibernate.format_sql=true, java.specification.version=25, sun.cpu.isalist=amd64, sun.jnu.encoding=Cp1252, hibernate.dialect=org.hibernate.dialect.MySQLDialect, java.class.path=C:\Users\ar.likith\Desktop\sts\HibernateMappingExp3\target\classes;C:\Users\ar.likith\.m2\repository\com\mysql\mysql-connector-j\8.0.33\mysql-connector-j-8.0.33.jar;C:\Users\ar.likith\.m2\repository\com\google\protobuf\protobuf-java\3.21.9\protobuf-java-3.21.9.jar;C:\Users\ar.likith\.m2\repository\org\hibernate\orm\hibernate-core\7.3.0.Final\hibernate-core-7.3.0.Final.jar;C:\Users\ar.likith\.m2\repository\jakarta\persistence\jakarta.persistence-api\3.2.0\jakarta.persistence-api-3.2.0.jar;C:\Users\ar.likith\.m2\repository\jakarta\transaction\jakarta.transaction-api\2.0.1\jakarta.transaction-api-2.0.1.jar;C:\Users\ar.likith\.m2\repository\org\jboss\logging\jboss-logging\3.6.1.Final\jboss-logging-3.6.1.Final.jar;C:\Users\ar.likith\.m2\repository\org\hibernate\models\hibernate-models\1.1.0\hibernate-models-1.1.0.jar;C:\Users\ar.likith\.m2\repository\net\bytebuddy\byte-buddy\1.18.7\byte-buddy-1.18.7.jar;C:\Users\ar.likith\.m2\repository\jakarta\xml\bind\jakarta.xml.bind-api\4.0.4\jakarta.xml.bind-api-4.0.4.jar;C:\Users\ar.likith\.m2\repository\jakarta\activation\jakarta.activation-api\2.1.4\jakarta.activation-api-2.1.4.jar;C:\Users\ar.likith\.m2\repository\org\glassfish\jaxb\jaxb-runtime\4.0.6\jaxb-runtime-4.0.6.jar;C:\Users\ar.likith\.m2\repository\org\glassfish\jaxb\jaxb-core\4.0.6\jaxb-core-4.0.6.jar;C:\Users\ar.likith\.m2\repository\org\eclipse\angus\angus-activation\2.0.3\angus-activation-2.0.3.jar;C:\Users\ar.likith\.m2\repository\org\glassfish\jaxb\txw2\4.0.6\txw2-4.0.6.jar;C:\Users\ar.likith\.m2\repository\com\sun\istack\istack-commons-runtime\4.1.2\istack-commons-runtime-4.1.2.jar;C:\Users\ar.likith\.m2\repository\jakarta\inject\jakarta.inject-api\2.0.1\jakarta.inject-api-2.0.1.jar;C:\Users\ar.likith\.m2\repository\org\antlr\antlr4-runtime\4.13.2\antlr4-runtime-4.13.2.jar;C:\Users\ar.likith\.m2\repository\org\apache\logging\log4j\log4j-core\2.17.1\log4j-core-2.17.1.jar;C:\Users\ar.likith\.m2\repository\org\apache\logging\log4j\log4j-api\2.17.1\log4j-api-2.17.1.jar;C:\Users\ar.likith\.m2\repository\org\apache\logging\log4j\log4j-slf4j-impl\2.17.1\log4j-slf4j-impl-2.17.1.jar;C:\Users\ar.likith\.m2\repository\org\slf4j\slf4j-api\1.7.25\slf4j-api-1.7.25.jar, java.vm.vendor=Eclipse Adoptium, sun.arch.data.model=64, hbm2ddl.auto=create, user.variant=, java.vendor.url=https://adoptium.net/, user.timezone=Asia/Calcutta, java.vm.specification.version=25, os.name=Windows 11, sun.java.launcher=SUN_STANDARD, user.country=US, sun.boot.library.path=C:\Users\ar.likith\Downloads\sts-5.1.1.RELEASE\plugins\org.eclipse.justj.openjdk.hotspot.jre.full.win32.x86_64_25.0.2.v20260203-1141\jre\bin, sun.java.command=com.test.tsetDemo, jdk.debug=release, sun.cpu.endian=little, user.home=C:\Users\ar.likith, user.language=en, java.specification.vendor=Oracle Corporation, java.version.date=2026-01-20, java.home=C:\Users\ar.likith\Downloads\sts-5.1.1.RELEASE\plugins\org.eclipse.justj.openjdk.hotspot.jre.full.win32.x86_64_25.0.2.v20260203-1141\jre, file.separator=\, java.vm.compressedOopsMode=Zero based, line.separator=
, java.vm.specification.vendor=Oracle Corporation, java.specification.name=Java Platform API Specification, hibernate.hbm2ddl.auto=create, user.script=, sun.management.compiler=HotSpot 64-Bit Tiered Compilers, java.runtime.version=25.0.2+10-LTS, user.name=ar.likith, stdout.encoding=UTF-8, path.separator=;, hibernate.connection.username=****, os.version=10.0, java.runtime.name=OpenJDK Runtime Environment, hibernate.connection.url=jdbc:mysql://localhost:3306/mlamarch2, file.encoding=UTF-8, format_sql=true, java.vm.name=OpenJDK 64-Bit Server VM, hibernate.show_sql=true, java.vendor.version=Temurin-25.0.2+10, show_sql=true, hibernate.connection.driver_class=com.mysql.cj.jdbc.Driver, java.vendor.url.bug=https://github.com/adoptium/adoptium-support/issues, java.io.tmpdir=C:\Users\ARBCDF~1.LIK\AppData\Local\Temp\, java.version=25.0.2, user.dir=C:\Users\ar.likith\Desktop\sts\HibernateMappingExp3, os.arch=amd64, java.vm.specification.name=Java Virtual Machine Specification, hibernate.connection.password=****, sun.os.patch.level=, hibernate.boot.CfgXmlAccessService.key=org.hibernate.boot.cfgxml.spi.LoadedConfig@4b88ca8e, native.encoding=Cp1252, java.library.path=C:\Users\ar.likith\Downloads\sts-5.1.1.RELEASE\plugins\org.eclipse.justj.openjdk.hotspot.jre.full.win32.x86_64_25.0.2.v20260203-1141\jre\bin;C:\WINDOWS\Sun\Java\bin;C:\WINDOWS\system32;C:\WINDOWS;C:/Users/ar.likith/Downloads/sts-5.1.1.RELEASE//plugins/org.eclipse.justj.openjdk.hotspot.jre.full.win32.x86_64_25.0.2.v20260203-1141/jre/bin/server;C:/Users/ar.likith/Downloads/sts-5.1.1.RELEASE//plugins/org.eclipse.justj.openjdk.hotspot.jre.full.win32.x86_64_25.0.2.v20260203-1141/jre/bin;C:\Program Files\Microsoft\jdk-11.0.23.9-hotspot\bin;C:\Program Files\Microsoft\jdk-17.0.15.6-hotspot\bin;C:\Program Files\Python313\Scripts\;C:\Program Files\Python313\;%SystemRoot%\system32;%SystemRoot%;%SystemRoot%\System32\Wbem;%SYSTEMROOT%\System32\WindowsPowerShell\v1.0\;%SYSTEMROOT%\System32\OpenSSH\;C:\Program Files (x86)\Microsoft SQL Server\160\Tools\Binn\;C:\Program Files\Microsoft SQL Server\160\Tools\Binn\;C:\Program Files\Microsoft SQL Server\Client SDK\ODBC\170\Tools\Binn\;C:\Program Files\Microsoft SQL Server\160\DTS\Binn\;C:\Program Files\dotnet\;C:\Program Files\Microsoft VS Code\bin;C:\Program Files\Git\cmd;C:\Program Files\apache-maven-3.9.10\bin;C:\Program Files\nodejs\;C:\Program Files\PuTTY\;C:\Program Files (x86)\Microsoft SQL Server\160\DTS\Binn\;C:\Program Files\apache-maven-3.9.10\bin;C:\Program Files\apache-maven-3.9.10\bin;C:\Program Files\apache-maven-3.9.10\bin;C:\Program Files\apache-maven-3.9.10\bin;C:\Program Files\apache-maven-3.9.10\bin;C:\Users\ar.likith\AppData\Local\Microsoft\WindowsApps;;C:\Users\ar.likith\Downloads\sts-5.1.1.RELEASE;;., stderr.encoding=UTF-8, java.vendor=Eclipse Adoptium, java.vm.info=mixed mode, sharing, stdin.encoding=Cp1252, java.vm.version=25.0.2+10-LTS, sun.io.unicode.encoding=UnicodeLittle, java.class.version=69.0}
2026-03-26 12:14:12 DEBUG HQL_FUNCTIONS:155 - Available HQL Functions:
	abs(NUMERIC arg)
	Double acos(NUMERIC arg)
	adddate(DATE datetime, INTEGER days)
	addtime(TIME datetime, TIME time)
	Boolean any(BOOLEAN arg)
	Integer ascii(STRING arg)
	Double asin(NUMERIC arg)
	Double atan(NUMERIC arg)
	Double atan2(NUMERIC arg0, NUMERIC arg1)
	avg(arg)
	bit_and(arg)
	Integer bit_length(STRING_OR_CLOB arg)
	bit_or(arg)
	bitand(arg0, arg1)
	bitnot(arg)
	bitor(arg0, arg1)
	bitxor(arg0, arg1)
	cast(arg as Type)
	ceiling(NUMERIC arg)
	Character char(INTEGER arg)
	Integer character_length(STRING_OR_CLOB arg)
	Character chr(INTEGER arg)
	coalesce(arg0[, arg1[, ...]])
	String collate(STRING string as COLLATION collation)
	String concat(STRING string0[, STRING string1[, ...]])
	Double cos(NUMERIC arg)
	Double cosh(NUMERIC arg)
	Double cot(NUMERIC arg)
	Long count([distinct ]{arg|*})
	Integer crc32(arg)
	Double cume_dist([arg0[, ...]])
	Date curdate()
	Date current date
	Date current time
	Date current timestamp
	Date current_date
	Instant current_instant
	Date current_time
	Date current_timestamp
	Date curtime()
	Date date(arg)
	dateadd(TEMPORAL_UNIT field, INTEGER magnitude, TEMPORAL datetime)
	Integer datediff(DATE end, DATE start)
	Integer day(DATE arg)
	String dayname(DATE arg)
	Integer dayofmonth(DATE arg)
	Integer dayofweek(DATE arg)
	Integer dayofyear(DATE arg)
	Double degrees(NUMERIC arg)
	Long dense_rank([arg0[, ...]])
	Boolean every(BOOLEAN arg)
	Double exp(NUMERIC arg)
	extract(TEMPORAL_UNIT field from TEMPORAL arg)
	first_valueANY value
	floor(NUMERIC arg)
	String format(TEMPORAL datetime as STRING pattern)
	greatest(COMPARABLE arg0, COMPARABLE arg1[, arg2[, ...]])
	String hex(arg)
	Integer hour(TIME arg)
	ifnull(arg0, arg1)
	String insert(STRING string, INTEGER start, INTEGER length, STRING replacement)
	Instant instant
	Integer instr(STRING string, STRING pattern[, INTEGER start[, INTEGER occurrence]])
	String json_array([arg0[, ...]])
	String json_array_append(IMPLICIT_JSON arg0, STRING arg1, ANY arg2)
	String json_array_insert(IMPLICIT_JSON arg0, STRING arg1, ANY arg2)
	String json_arrayagg(arg0[, arg1])
	Boolean json_exists(IMPLICIT_JSON arg0, STRING arg1)
	String json_insert(IMPLICIT_JSON arg0, STRING arg1, ANY arg2)
	String json_mergepatch(IMPLICIT_JSON arg0, IMPLICIT_JSON arg1[, arg2[, ...]])
	String json_object( ... )
	String json_objectagg(arg0, arg1[, arg2, arg3])
	String json_query( ... )
	String json_remove(IMPLICIT_JSON arg0, STRING arg1)
	String json_replace(IMPLICIT_JSON arg0, STRING arg1, ANY arg2)
	String json_set(IMPLICIT_JSON arg0, STRING arg1, ANY arg2)
	json_value( ... )
	lagANY value[, INTEGER offset[, ANY default]]
	Date last_day(DATE arg)
	last_valueANY value
	leadANY value[, INTEGER offset[, ANY default]]
	least(COMPARABLE arg0, COMPARABLE arg1[, arg2[, ...]])
	String left(STRING string, INTEGER length)
	Integer length(STRING_OR_CLOB arg)
	String listagg(STRING arg0, STRING arg1)
	Double ln(NUMERIC arg)
	LocalDate local date
	LocalDateTime local datetime
	LocalTime local time
	LocalDate local_date
	LocalDateTime local_datetime
	LocalTime local_time
	Date localtime
	Date localtimestamp
	Integer locate(STRING pattern, STRING string[, INTEGER start])
	Double log(NUMERIC arg0[, NUMERIC arg1])
	Double log10(NUMERIC arg)
	Double log2(NUMERIC arg)
	String lower(STRING string)
	String lpad(string, length[, padding])
	String ltrim(STRING string[, STRING characters])
	Date makedate(INTEGER year, INTEGER dayofyear)
	Date maketime(INTEGER hour, INTEGER min, INTEGER sec)
	max(COMPARABLE arg)
	byte[] md5(arg)
	Integer microsecond(TIME arg)
	min(COMPARABLE arg)
	Integer minute(TIME arg)
	Integer mod(INTEGER arg0, INTEGER arg1)
	Integer month(DATE arg)
	String monthname(DATE arg)
	Date now()
	nth_valueANY value, INTEGER nth
	nullif(arg0, arg1)
	Integer octet_length(STRING_OR_CLOB arg)
	OffsetDateTime offset datetime
	OffsetDateTime offset_datetime
	Integer ordinal(ENUM arg)
	String overlay(STRING string placing STRING replacement from INTEGER start[ for INTEGER length])
	String pad(STRING string with INTEGER length {leading|trailing}[ STRING character])
	Double percent_rank([arg0[, ...]])
	Double pi
	Integer position(STRING pattern in STRING string)
	Double power(NUMERIC arg0, NUMERIC arg1)
	Integer quarter(DATE arg)
	Double radians(NUMERIC arg)
	Double rand([INTEGER seed])
	Long rank([arg0[, ...]])
	Boolean regexp_like(STRING arg0, STRING arg1[, STRING arg2])
	String repeat(STRING string, INTEGER times)
	String replace(STRING string, STRING pattern, STRING replacement)
	String reverse(STRING arg)
	String right(STRING string, INTEGER length)
	round(NUMERIC number[, INTEGER places])
	Long row_number()
	String rpad(string, length[, padding])
	String rtrim(STRING string[, STRING characters])
	Integer second(TIME arg)
	byte[] sha(arg)
	String sha1(arg)
	String sha2(arg0, arg1)
	Integer sign(NUMERIC arg)
	Double sin(NUMERIC arg)
	Double sinh(NUMERIC arg)
	String soundex(arg)
	String space(INTEGER arg)
	sql
	Double sqrt(NUMERIC arg)
	Double stddev(NUMERIC arg)
	Double stddev_pop(NUMERIC arg)
	Double stddev_samp(NUMERIC arg)
	String str(arg)
	String string(ENUM arg)
	subdate(DATE datetime, INTEGER days)
	String substr(STRING string, INTEGER start[, INTEGER length])
	String substring(STRING string{ from|,} INTEGER start[{ for|,} INTEGER length])
	subtime(TIME datetime, TIME time)
	sum(arg)
	Date sysdate()
	Double tan(NUMERIC arg)
	Double tanh(NUMERIC arg)
	String time(arg)
	Date timestamp(arg0[, arg1])
	timestampadd(TEMPORAL_UNIT field, INTEGER magnitude, TEMPORAL datetime)
	Long|Double timestampdiff(TEMPORAL_UNIT field, TEMPORAL start, TEMPORAL end)
	String trim([[{leading|trailing|both} ][STRING arg0 ]from] STRING arg1)
	trunc( ... )
	truncate( ... )
	String upper(STRING string)
	Date utc_date
	Date utc_time
	Date utc_timestamp
	Double var_pop(NUMERIC arg)
	Double var_samp(NUMERIC arg)
	Double variance(NUMERIC arg)
	Integer week(DATE arg)
	Integer year(DATE arg)

2026-03-26 12:14:12 DEBUG core:211 - HHH000513: Unable to create the ReflectionOptimizer for [com.test.Order]: private accessor [o_name]
2026-03-26 12:14:12 DEBUG core:211 - HHH000513: Unable to create the ReflectionOptimizer for [com.test.Customer]: private accessor [c_name]
2026-03-26 12:14:12 INFO  core:53 - HHH000489: No JTA platform available (set 'hibernate.transaction.jta.platform' to enable JTA platform integration)
2026-03-26 12:14:12 DEBUG service:102 - HHH010454: EventListenerRegistry access via ServiceRegistry is deprecated - use 'sessionFactory.getEventEngine().getListenerRegistry()' instead
2026-03-26 12:14:12 DEBUG SQL:126 - 
    alter table cst_order 
       drop 
       foreign key FKjlrgnr3laqxk4m75wf55cm5ot
2026-03-26 12:14:12 WARN  ExceptionHandlerLoggedImpl:25 - GenerationTarget encountered exception accepting command : Error executing DDL "
    alter table cst_order 
       drop 
       foreign key FKjlrgnr3laqxk4m75wf55cm5ot" via JDBC [Table 'mlamarch2.cst_order' doesn't exist]
org.hibernate.tool.schema.spi.CommandAcceptanceException: Error executing DDL "
    alter table cst_order 
       drop 
       foreign key FKjlrgnr3laqxk4m75wf55cm5ot" via JDBC [Table 'mlamarch2.cst_order' doesn't exist]
	at org.hibernate.tool.schema.internal.exec.GenerationTargetToDatabase.accept(GenerationTargetToDatabase.java:81) ~[hibernate-core-7.3.0.Final.jar:7.3.0.Final]
	at org.hibernate.tool.schema.internal.Helper.applySqlString(Helper.java:218) [hibernate-core-7.3.0.Final.jar:7.3.0.Final]
	at org.hibernate.tool.schema.internal.Helper.applySqlStrings(Helper.java:204) [hibernate-core-7.3.0.Final.jar:7.3.0.Final]
	at org.hibernate.tool.schema.internal.SchemaDropperImpl.applyConstraintDropping(SchemaDropperImpl.java:473) [hibernate-core-7.3.0.Final.jar:7.3.0.Final]
	at org.hibernate.tool.schema.internal.SchemaDropperImpl.dropConstraintsTablesSequences(SchemaDropperImpl.java:237) [hibernate-core-7.3.0.Final.jar:7.3.0.Final]
	at org.hibernate.tool.schema.internal.SchemaDropperImpl.dropFromMetadata(SchemaDropperImpl.java:210) [hibernate-core-7.3.0.Final.jar:7.3.0.Final]
	at org.hibernate.tool.schema.internal.SchemaDropperImpl.performDrop(SchemaDropperImpl.java:182) [hibernate-core-7.3.0.Final.jar:7.3.0.Final]
	at org.hibernate.tool.schema.internal.SchemaDropperImpl.doDrop(SchemaDropperImpl.java:152) [hibernate-core-7.3.0.Final.jar:7.3.0.Final]
	at org.hibernate.tool.schema.internal.SchemaDropperImpl.doDrop(SchemaDropperImpl.java:112) [hibernate-core-7.3.0.Final.jar:7.3.0.Final]
	at org.hibernate.tool.schema.spi.SchemaManagementToolCoordinator.performDatabaseAction(SchemaManagementToolCoordinator.java:227) [hibernate-core-7.3.0.Final.jar:7.3.0.Final]
	at org.hibernate.tool.schema.spi.SchemaManagementToolCoordinator.lambda$process$1(SchemaManagementToolCoordinator.java:101) [hibernate-core-7.3.0.Final.jar:7.3.0.Final]
	at java.util.HashMap.forEach(HashMap.java:1430) [?:?]
	at org.hibernate.tool.schema.spi.SchemaManagementToolCoordinator.process(SchemaManagementToolCoordinator.java:100) [hibernate-core-7.3.0.Final.jar:7.3.0.Final]
	at org.hibernate.boot.internal.SessionFactoryObserverForSchemaExport.sessionFactoryCreated(SessionFactoryObserverForSchemaExport.java:35) [hibernate-core-7.3.0.Final.jar:7.3.0.Final]
	at org.hibernate.internal.SessionFactoryObserverChain.sessionFactoryCreated(SessionFactoryObserverChain.java:33) [hibernate-core-7.3.0.Final.jar:7.3.0.Final]
	at org.hibernate.internal.SessionFactoryImpl.<init>(SessionFactoryImpl.java:323) [hibernate-core-7.3.0.Final.jar:7.3.0.Final]
	at org.hibernate.internal.SessionFactoryRegistry.instantiateSessionFactory(SessionFactoryRegistry.java:64) [hibernate-core-7.3.0.Final.jar:7.3.0.Final]
	at org.hibernate.boot.internal.SessionFactoryBuilderImpl.build(SessionFactoryBuilderImpl.java:444) [hibernate-core-7.3.0.Final.jar:7.3.0.Final]
	at org.hibernate.cfg.Configuration.buildSessionFactory(Configuration.java:1112) [hibernate-core-7.3.0.Final.jar:7.3.0.Final]
	at org.hibernate.cfg.Configuration.buildSessionFactory(Configuration.java:1131) [hibernate-core-7.3.0.Final.jar:7.3.0.Final]
	at com.test.tsetDemo.main(tsetDemo.java:17) [classes/:?]
Caused by: java.sql.SQLSyntaxErrorException: Table 'mlamarch2.cst_order' doesn't exist
	at com.mysql.cj.jdbc.exceptions.SQLError.createSQLException(SQLError.java:121) ~[mysql-connector-j-8.0.33.jar:8.0.33]
	at com.mysql.cj.jdbc.exceptions.SQLExceptionsMapping.translateException(SQLExceptionsMapping.java:122) ~[mysql-connector-j-8.0.33.jar:8.0.33]
	at com.mysql.cj.jdbc.StatementImpl.executeInternal(StatementImpl.java:763) ~[mysql-connector-j-8.0.33.jar:8.0.33]
	at com.mysql.cj.jdbc.StatementImpl.execute(StatementImpl.java:648) ~[mysql-connector-j-8.0.33.jar:8.0.33]
	at org.hibernate.tool.schema.internal.exec.GenerationTargetToDatabase.accept(GenerationTargetToDatabase.java:76) ~[hibernate-core-7.3.0.Final.jar:7.3.0.Final]
	... 20 more
2026-03-26 12:14:12 DEBUG SQL:126 - 
    alter table cst_order 
       drop 
       foreign key FK7uq3lvgaa3k6ah9wm15qv673s
2026-03-26 12:14:12 WARN  ExceptionHandlerLoggedImpl:25 - GenerationTarget encountered exception accepting command : Error executing DDL "
    alter table cst_order 
       drop 
       foreign key FK7uq3lvgaa3k6ah9wm15qv673s" via JDBC [Table 'mlamarch2.cst_order' doesn't exist]
org.hibernate.tool.schema.spi.CommandAcceptanceException: Error executing DDL "
    alter table cst_order 
       drop 
       foreign key FK7uq3lvgaa3k6ah9wm15qv673s" via JDBC [Table 'mlamarch2.cst_order' doesn't exist]
	at org.hibernate.tool.schema.internal.exec.GenerationTargetToDatabase.accept(GenerationTargetToDatabase.java:81) ~[hibernate-core-7.3.0.Final.jar:7.3.0.Final]
	at org.hibernate.tool.schema.internal.Helper.applySqlString(Helper.java:218) [hibernate-core-7.3.0.Final.jar:7.3.0.Final]
	at org.hibernate.tool.schema.internal.Helper.applySqlStrings(Helper.java:204) [hibernate-core-7.3.0.Final.jar:7.3.0.Final]
	at org.hibernate.tool.schema.internal.SchemaDropperImpl.applyConstraintDropping(SchemaDropperImpl.java:473) [hibernate-core-7.3.0.Final.jar:7.3.0.Final]
	at org.hibernate.tool.schema.internal.SchemaDropperImpl.dropConstraintsTablesSequences(SchemaDropperImpl.java:237) [hibernate-core-7.3.0.Final.jar:7.3.0.Final]
	at org.hibernate.tool.schema.internal.SchemaDropperImpl.dropFromMetadata(SchemaDropperImpl.java:210) [hibernate-core-7.3.0.Final.jar:7.3.0.Final]
	at org.hibernate.tool.schema.internal.SchemaDropperImpl.performDrop(SchemaDropperImpl.java:182) [hibernate-core-7.3.0.Final.jar:7.3.0.Final]
	at org.hibernate.tool.schema.internal.SchemaDropperImpl.doDrop(SchemaDropperImpl.java:152) [hibernate-core-7.3.0.Final.jar:7.3.0.Final]
	at org.hibernate.tool.schema.internal.SchemaDropperImpl.doDrop(SchemaDropperImpl.java:112) [hibernate-core-7.3.0.Final.jar:7.3.0.Final]
	at org.hibernate.tool.schema.spi.SchemaManagementToolCoordinator.performDatabaseAction(SchemaManagementToolCoordinator.java:227) [hibernate-core-7.3.0.Final.jar:7.3.0.Final]
	at org.hibernate.tool.schema.spi.SchemaManagementToolCoordinator.lambda$process$1(SchemaManagementToolCoordinator.java:101) [hibernate-core-7.3.0.Final.jar:7.3.0.Final]
	at java.util.HashMap.forEach(HashMap.java:1430) [?:?]
	at org.hibernate.tool.schema.spi.SchemaManagementToolCoordinator.process(SchemaManagementToolCoordinator.java:100) [hibernate-core-7.3.0.Final.jar:7.3.0.Final]
	at org.hibernate.boot.internal.SessionFactoryObserverForSchemaExport.sessionFactoryCreated(SessionFactoryObserverForSchemaExport.java:35) [hibernate-core-7.3.0.Final.jar:7.3.0.Final]
	at org.hibernate.internal.SessionFactoryObserverChain.sessionFactoryCreated(SessionFactoryObserverChain.java:33) [hibernate-core-7.3.0.Final.jar:7.3.0.Final]
	at org.hibernate.internal.SessionFactoryImpl.<init>(SessionFactoryImpl.java:323) [hibernate-core-7.3.0.Final.jar:7.3.0.Final]
	at org.hibernate.internal.SessionFactoryRegistry.instantiateSessionFactory(SessionFactoryRegistry.java:64) [hibernate-core-7.3.0.Final.jar:7.3.0.Final]
	at org.hibernate.boot.internal.SessionFactoryBuilderImpl.build(SessionFactoryBuilderImpl.java:444) [hibernate-core-7.3.0.Final.jar:7.3.0.Final]
	at org.hibernate.cfg.Configuration.buildSessionFactory(Configuration.java:1112) [hibernate-core-7.3.0.Final.jar:7.3.0.Final]
	at org.hibernate.cfg.Configuration.buildSessionFactory(Configuration.java:1131) [hibernate-core-7.3.0.Final.jar:7.3.0.Final]
	at com.test.tsetDemo.main(tsetDemo.java:17) [classes/:?]
Caused by: java.sql.SQLSyntaxErrorException: Table 'mlamarch2.cst_order' doesn't exist
	at com.mysql.cj.jdbc.exceptions.SQLError.createSQLException(SQLError.java:121) ~[mysql-connector-j-8.0.33.jar:8.0.33]
	at com.mysql.cj.jdbc.exceptions.SQLExceptionsMapping.translateException(SQLExceptionsMapping.java:122) ~[mysql-connector-j-8.0.33.jar:8.0.33]
	at com.mysql.cj.jdbc.StatementImpl.executeInternal(StatementImpl.java:763) ~[mysql-connector-j-8.0.33.jar:8.0.33]
	at com.mysql.cj.jdbc.StatementImpl.execute(StatementImpl.java:648) ~[mysql-connector-j-8.0.33.jar:8.0.33]
	at org.hibernate.tool.schema.internal.exec.GenerationTargetToDatabase.accept(GenerationTargetToDatabase.java:76) ~[hibernate-core-7.3.0.Final.jar:7.3.0.Final]
	... 20 more
2026-03-26 12:14:12 DEBUG SQL:126 - 
    drop table if exists cst_order
2026-03-26 12:14:12 DEBUG SQL:126 - 
    drop table if exists customer
2026-03-26 12:14:12 DEBUG SQL:126 - 
    drop table if exists customer_SEQ
2026-03-26 12:14:12 DEBUG SQL:126 - 
    drop table if exists orders
2026-03-26 12:14:12 WARN  ExceptionHandlerLoggedImpl:25 - GenerationTarget encountered exception accepting command : Error executing DDL "
    drop table if exists orders" via JDBC [Cannot drop table 'orders' referenced by a foreign key constraint 'FK58xnkgk61cy6831pe9wpe6l8q' on table 'users_orders'.]
org.hibernate.tool.schema.spi.CommandAcceptanceException: Error executing DDL "
    drop table if exists orders" via JDBC [Cannot drop table 'orders' referenced by a foreign key constraint 'FK58xnkgk61cy6831pe9wpe6l8q' on table 'users_orders'.]
	at org.hibernate.tool.schema.internal.exec.GenerationTargetToDatabase.accept(GenerationTargetToDatabase.java:81) ~[hibernate-core-7.3.0.Final.jar:7.3.0.Final]
	at org.hibernate.tool.schema.internal.Helper.applySqlString(Helper.java:218) [hibernate-core-7.3.0.Final.jar:7.3.0.Final]
	at org.hibernate.tool.schema.internal.Helper.applySqlStrings(Helper.java:204) [hibernate-core-7.3.0.Final.jar:7.3.0.Final]
	at org.hibernate.tool.schema.internal.SchemaDropperImpl.dropTables(SchemaDropperImpl.java:376) [hibernate-core-7.3.0.Final.jar:7.3.0.Final]
	at org.hibernate.tool.schema.internal.SchemaDropperImpl.dropConstraintsTablesSequences(SchemaDropperImpl.java:248) [hibernate-core-7.3.0.Final.jar:7.3.0.Final]
	at org.hibernate.tool.schema.internal.SchemaDropperImpl.dropFromMetadata(SchemaDropperImpl.java:210) [hibernate-core-7.3.0.Final.jar:7.3.0.Final]
	at org.hibernate.tool.schema.internal.SchemaDropperImpl.performDrop(SchemaDropperImpl.java:182) [hibernate-core-7.3.0.Final.jar:7.3.0.Final]
	at org.hibernate.tool.schema.internal.SchemaDropperImpl.doDrop(SchemaDropperImpl.java:152) [hibernate-core-7.3.0.Final.jar:7.3.0.Final]
	at org.hibernate.tool.schema.internal.SchemaDropperImpl.doDrop(SchemaDropperImpl.java:112) [hibernate-core-7.3.0.Final.jar:7.3.0.Final]
	at org.hibernate.tool.schema.spi.SchemaManagementToolCoordinator.performDatabaseAction(SchemaManagementToolCoordinator.java:227) [hibernate-core-7.3.0.Final.jar:7.3.0.Final]
	at org.hibernate.tool.schema.spi.SchemaManagementToolCoordinator.lambda$process$1(SchemaManagementToolCoordinator.java:101) [hibernate-core-7.3.0.Final.jar:7.3.0.Final]
	at java.util.HashMap.forEach(HashMap.java:1430) [?:?]
	at org.hibernate.tool.schema.spi.SchemaManagementToolCoordinator.process(SchemaManagementToolCoordinator.java:100) [hibernate-core-7.3.0.Final.jar:7.3.0.Final]
	at org.hibernate.boot.internal.SessionFactoryObserverForSchemaExport.sessionFactoryCreated(SessionFactoryObserverForSchemaExport.java:35) [hibernate-core-7.3.0.Final.jar:7.3.0.Final]
	at org.hibernate.internal.SessionFactoryObserverChain.sessionFactoryCreated(SessionFactoryObserverChain.java:33) [hibernate-core-7.3.0.Final.jar:7.3.0.Final]
	at org.hibernate.internal.SessionFactoryImpl.<init>(SessionFactoryImpl.java:323) [hibernate-core-7.3.0.Final.jar:7.3.0.Final]
	at org.hibernate.internal.SessionFactoryRegistry.instantiateSessionFactory(SessionFactoryRegistry.java:64) [hibernate-core-7.3.0.Final.jar:7.3.0.Final]
	at org.hibernate.boot.internal.SessionFactoryBuilderImpl.build(SessionFactoryBuilderImpl.java:444) [hibernate-core-7.3.0.Final.jar:7.3.0.Final]
	at org.hibernate.cfg.Configuration.buildSessionFactory(Configuration.java:1112) [hibernate-core-7.3.0.Final.jar:7.3.0.Final]
	at org.hibernate.cfg.Configuration.buildSessionFactory(Configuration.java:1131) [hibernate-core-7.3.0.Final.jar:7.3.0.Final]
	at com.test.tsetDemo.main(tsetDemo.java:17) [classes/:?]
Caused by: java.sql.SQLException: Cannot drop table 'orders' referenced by a foreign key constraint 'FK58xnkgk61cy6831pe9wpe6l8q' on table 'users_orders'.
	at com.mysql.cj.jdbc.exceptions.SQLError.createSQLException(SQLError.java:130) ~[mysql-connector-j-8.0.33.jar:8.0.33]
	at com.mysql.cj.jdbc.exceptions.SQLExceptionsMapping.translateException(SQLExceptionsMapping.java:122) ~[mysql-connector-j-8.0.33.jar:8.0.33]
	at com.mysql.cj.jdbc.StatementImpl.executeInternal(StatementImpl.java:763) ~[mysql-connector-j-8.0.33.jar:8.0.33]
	at com.mysql.cj.jdbc.StatementImpl.execute(StatementImpl.java:648) ~[mysql-connector-j-8.0.33.jar:8.0.33]
	at org.hibernate.tool.schema.internal.exec.GenerationTargetToDatabase.accept(GenerationTargetToDatabase.java:76) ~[hibernate-core-7.3.0.Final.jar:7.3.0.Final]
	... 20 more
2026-03-26 12:14:12 DEBUG SQL:126 - 
    drop table if exists orders_SEQ
2026-03-26 12:14:13 DEBUG SQL:126 - 
    create table cst_order (
        cst_id integer not null,
        o_id integer not null
    ) engine=InnoDB
2026-03-26 12:14:14 DEBUG SQL:126 - 
    create table customer (
        id integer not null,
        c_name varchar(255),
        primary key (id)
    ) engine=InnoDB
2026-03-26 12:14:14 DEBUG SQL:126 - 
    create table customer_SEQ (
        next_val bigint
    ) engine=InnoDB
2026-03-26 12:14:14 DEBUG SQL:126 - 
    insert into customer_SEQ ( next_val ) values ( 1 )
2026-03-26 12:14:14 DEBUG SQL:126 - 
    create table orders (
        id integer not null,
        o_price integer not null,
        o_name varchar(255),
        primary key (id)
    ) engine=InnoDB
2026-03-26 12:14:14 WARN  ExceptionHandlerLoggedImpl:25 - GenerationTarget encountered exception accepting command : Error executing DDL "
    create table orders (
        id integer not null,
        o_price integer not null,
        o_name varchar(255),
        primary key (id)
    ) engine=InnoDB" via JDBC [Table 'orders' already exists]
org.hibernate.tool.schema.spi.CommandAcceptanceException: Error executing DDL "
    create table orders (
        id integer not null,
        o_price integer not null,
        o_name varchar(255),
        primary key (id)
    ) engine=InnoDB" via JDBC [Table 'orders' already exists]
	at org.hibernate.tool.schema.internal.exec.GenerationTargetToDatabase.accept(GenerationTargetToDatabase.java:81) ~[hibernate-core-7.3.0.Final.jar:7.3.0.Final]
	at org.hibernate.tool.schema.internal.Helper.applySqlString(Helper.java:218) [hibernate-core-7.3.0.Final.jar:7.3.0.Final]
	at org.hibernate.tool.schema.internal.Helper.applySqlStrings(Helper.java:204) [hibernate-core-7.3.0.Final.jar:7.3.0.Final]
	at org.hibernate.tool.schema.internal.SchemaCreatorImpl.createTables(SchemaCreatorImpl.java:404) [hibernate-core-7.3.0.Final.jar:7.3.0.Final]
	at org.hibernate.tool.schema.internal.SchemaCreatorImpl.createSequencesTablesConstraints(SchemaCreatorImpl.java:320) [hibernate-core-7.3.0.Final.jar:7.3.0.Final]
	at org.hibernate.tool.schema.internal.SchemaCreatorImpl.createFromMetadata(SchemaCreatorImpl.java:215) [hibernate-core-7.3.0.Final.jar:7.3.0.Final]
	at org.hibernate.tool.schema.internal.SchemaCreatorImpl.performCreation(SchemaCreatorImpl.java:151) [hibernate-core-7.3.0.Final.jar:7.3.0.Final]
	at org.hibernate.tool.schema.internal.SchemaCreatorImpl.doCreation(SchemaCreatorImpl.java:121) [hibernate-core-7.3.0.Final.jar:7.3.0.Final]
	at org.hibernate.tool.schema.internal.SchemaCreatorImpl.doCreation(SchemaCreatorImpl.java:97) [hibernate-core-7.3.0.Final.jar:7.3.0.Final]
	at org.hibernate.tool.schema.spi.SchemaManagementToolCoordinator.performDatabaseAction(SchemaManagementToolCoordinator.java:239) [hibernate-core-7.3.0.Final.jar:7.3.0.Final]
	at org.hibernate.tool.schema.spi.SchemaManagementToolCoordinator.lambda$process$1(SchemaManagementToolCoordinator.java:101) [hibernate-core-7.3.0.Final.jar:7.3.0.Final]
	at java.util.HashMap.forEach(HashMap.java:1430) [?:?]
	at org.hibernate.tool.schema.spi.SchemaManagementToolCoordinator.process(SchemaManagementToolCoordinator.java:100) [hibernate-core-7.3.0.Final.jar:7.3.0.Final]
	at org.hibernate.boot.internal.SessionFactoryObserverForSchemaExport.sessionFactoryCreated(SessionFactoryObserverForSchemaExport.java:35) [hibernate-core-7.3.0.Final.jar:7.3.0.Final]
	at org.hibernate.internal.SessionFactoryObserverChain.sessionFactoryCreated(SessionFactoryObserverChain.java:33) [hibernate-core-7.3.0.Final.jar:7.3.0.Final]
	at org.hibernate.internal.SessionFactoryImpl.<init>(SessionFactoryImpl.java:323) [hibernate-core-7.3.0.Final.jar:7.3.0.Final]
	at org.hibernate.internal.SessionFactoryRegistry.instantiateSessionFactory(SessionFactoryRegistry.java:64) [hibernate-core-7.3.0.Final.jar:7.3.0.Final]
	at org.hibernate.boot.internal.SessionFactoryBuilderImpl.build(SessionFactoryBuilderImpl.java:444) [hibernate-core-7.3.0.Final.jar:7.3.0.Final]
	at org.hibernate.cfg.Configuration.buildSessionFactory(Configuration.java:1112) [hibernate-core-7.3.0.Final.jar:7.3.0.Final]
	at org.hibernate.cfg.Configuration.buildSessionFactory(Configuration.java:1131) [hibernate-core-7.3.0.Final.jar:7.3.0.Final]
	at com.test.tsetDemo.main(tsetDemo.java:17) [classes/:?]
Caused by: java.sql.SQLSyntaxErrorException: Table 'orders' already exists
	at com.mysql.cj.jdbc.exceptions.SQLError.createSQLException(SQLError.java:121) ~[mysql-connector-j-8.0.33.jar:8.0.33]
	at com.mysql.cj.jdbc.exceptions.SQLExceptionsMapping.translateException(SQLExceptionsMapping.java:122) ~[mysql-connector-j-8.0.33.jar:8.0.33]
	at com.mysql.cj.jdbc.StatementImpl.executeInternal(StatementImpl.java:763) ~[mysql-connector-j-8.0.33.jar:8.0.33]
	at com.mysql.cj.jdbc.StatementImpl.execute(StatementImpl.java:648) ~[mysql-connector-j-8.0.33.jar:8.0.33]
	at org.hibernate.tool.schema.internal.exec.GenerationTargetToDatabase.accept(GenerationTargetToDatabase.java:76) ~[hibernate-core-7.3.0.Final.jar:7.3.0.Final]
	... 20 more
2026-03-26 12:14:14 DEBUG SQL:126 - 
    create table orders_SEQ (
        next_val bigint
    ) engine=InnoDB
2026-03-26 12:14:15 DEBUG SQL:126 - 
    insert into orders_SEQ ( next_val ) values ( 1 )
2026-03-26 12:14:15 DEBUG SQL:126 - 
    alter table cst_order 
       add constraint FKjlrgnr3laqxk4m75wf55cm5ot 
       foreign key (o_id) 
       references orders (id)
2026-03-26 12:14:15 WARN  ExceptionHandlerLoggedImpl:25 - GenerationTarget encountered exception accepting command : Error executing DDL "
    alter table cst_order 
       add constraint FKjlrgnr3laqxk4m75wf55cm5ot 
       foreign key (o_id) 
       references orders (id)" via JDBC [Failed to add the foreign key constraint. Missing column 'id' for constraint 'FKjlrgnr3laqxk4m75wf55cm5ot' in the referenced table 'orders']
org.hibernate.tool.schema.spi.CommandAcceptanceException: Error executing DDL "
    alter table cst_order 
       add constraint FKjlrgnr3laqxk4m75wf55cm5ot 
       foreign key (o_id) 
       references orders (id)" via JDBC [Failed to add the foreign key constraint. Missing column 'id' for constraint 'FKjlrgnr3laqxk4m75wf55cm5ot' in the referenced table 'orders']
	at org.hibernate.tool.schema.internal.exec.GenerationTargetToDatabase.accept(GenerationTargetToDatabase.java:81) ~[hibernate-core-7.3.0.Final.jar:7.3.0.Final]
	at org.hibernate.tool.schema.internal.Helper.applySqlString(Helper.java:218) [hibernate-core-7.3.0.Final.jar:7.3.0.Final]
	at org.hibernate.tool.schema.internal.Helper.applySqlStrings(Helper.java:204) [hibernate-core-7.3.0.Final.jar:7.3.0.Final]
	at org.hibernate.tool.schema.internal.SchemaCreatorImpl.createForeignKeys(SchemaCreatorImpl.java:281) [hibernate-core-7.3.0.Final.jar:7.3.0.Final]
	at org.hibernate.tool.schema.internal.SchemaCreatorImpl.createFromMetadata(SchemaCreatorImpl.java:227) [hibernate-core-7.3.0.Final.jar:7.3.0.Final]
	at org.hibernate.tool.schema.internal.SchemaCreatorImpl.performCreation(SchemaCreatorImpl.java:151) [hibernate-core-7.3.0.Final.jar:7.3.0.Final]
	at org.hibernate.tool.schema.internal.SchemaCreatorImpl.doCreation(SchemaCreatorImpl.java:121) [hibernate-core-7.3.0.Final.jar:7.3.0.Final]
	at org.hibernate.tool.schema.internal.SchemaCreatorImpl.doCreation(SchemaCreatorImpl.java:97) [hibernate-core-7.3.0.Final.jar:7.3.0.Final]
	at org.hibernate.tool.schema.spi.SchemaManagementToolCoordinator.performDatabaseAction(SchemaManagementToolCoordinator.java:239) [hibernate-core-7.3.0.Final.jar:7.3.0.Final]
	at org.hibernate.tool.schema.spi.SchemaManagementToolCoordinator.lambda$process$1(SchemaManagementToolCoordinator.java:101) [hibernate-core-7.3.0.Final.jar:7.3.0.Final]
	at java.util.HashMap.forEach(HashMap.java:1430) [?:?]
	at org.hibernate.tool.schema.spi.SchemaManagementToolCoordinator.process(SchemaManagementToolCoordinator.java:100) [hibernate-core-7.3.0.Final.jar:7.3.0.Final]
	at org.hibernate.boot.internal.SessionFactoryObserverForSchemaExport.sessionFactoryCreated(SessionFactoryObserverForSchemaExport.java:35) [hibernate-core-7.3.0.Final.jar:7.3.0.Final]
	at org.hibernate.internal.SessionFactoryObserverChain.sessionFactoryCreated(SessionFactoryObserverChain.java:33) [hibernate-core-7.3.0.Final.jar:7.3.0.Final]
	at org.hibernate.internal.SessionFactoryImpl.<init>(SessionFactoryImpl.java:323) [hibernate-core-7.3.0.Final.jar:7.3.0.Final]
	at org.hibernate.internal.SessionFactoryRegistry.instantiateSessionFactory(SessionFactoryRegistry.java:64) [hibernate-core-7.3.0.Final.jar:7.3.0.Final]
	at org.hibernate.boot.internal.SessionFactoryBuilderImpl.build(SessionFactoryBuilderImpl.java:444) [hibernate-core-7.3.0.Final.jar:7.3.0.Final]
	at org.hibernate.cfg.Configuration.buildSessionFactory(Configuration.java:1112) [hibernate-core-7.3.0.Final.jar:7.3.0.Final]
	at org.hibernate.cfg.Configuration.buildSessionFactory(Configuration.java:1131) [hibernate-core-7.3.0.Final.jar:7.3.0.Final]
	at com.test.tsetDemo.main(tsetDemo.java:17) [classes/:?]
Caused by: java.sql.SQLException: Failed to add the foreign key constraint. Missing column 'id' for constraint 'FKjlrgnr3laqxk4m75wf55cm5ot' in the referenced table 'orders'
	at com.mysql.cj.jdbc.exceptions.SQLError.createSQLException(SQLError.java:130) ~[mysql-connector-j-8.0.33.jar:8.0.33]
	at com.mysql.cj.jdbc.exceptions.SQLExceptionsMapping.translateException(SQLExceptionsMapping.java:122) ~[mysql-connector-j-8.0.33.jar:8.0.33]
	at com.mysql.cj.jdbc.StatementImpl.executeInternal(StatementImpl.java:763) ~[mysql-connector-j-8.0.33.jar:8.0.33]
	at com.mysql.cj.jdbc.StatementImpl.execute(StatementImpl.java:648) ~[mysql-connector-j-8.0.33.jar:8.0.33]
	at org.hibernate.tool.schema.internal.exec.GenerationTargetToDatabase.accept(GenerationTargetToDatabase.java:76) ~[hibernate-core-7.3.0.Final.jar:7.3.0.Final]
	... 19 more
2026-03-26 12:14:15 DEBUG SQL:126 - 
    alter table cst_order 
       add constraint FK7uq3lvgaa3k6ah9wm15qv673s 
       foreign key (cst_id) 
       references customer (id)
2026-03-26 12:14:16 DEBUG factoryRegistry:86 - HHH020384: Registering SessionFactory [a6ad68be-8d4d-4513-a325-56c43f765622] (<unnamed>)
2026-03-26 12:14:16 DEBUG core:151 - HHH006588: Opening session [tenant=null]
2026-03-26 12:14:16 DEBUG core:74 - HHH006583: Beginning transaction
2026-03-26 12:20:54 DEBUG service:41 - HHH010455: Adding integrator: org.hibernate.boot.beanvalidation.BeanValidationIntegrator
2026-03-26 12:20:54 DEBUG service:41 - HHH010455: Adding integrator: org.hibernate.cache.internal.CollectionCacheInvalidator
2026-03-26 12:20:54 INFO  core:41 - HHH000001: Hibernate ORM core version 7.3.0.Final
2026-03-26 12:20:54 DEBUG core:155 - HHH000206: 'hibernate.properties' not found
2026-03-26 12:20:54 DEBUG boot:97 - HHH160204: cfg.xml document did not define namespaces; wrapping in custom event reader to introduce namespace information
2026-03-26 12:20:54 DEBUG cache:116 - HHH90001031: Cannot default RegionFactory since no RegionFactory strategies were registered
2026-03-26 12:20:54 DEBUG cache:46 - HHH90001029: Second-level cache disabled
2026-03-26 12:20:54 WARN  pooling:86 - HHH10001002: Using built-in connection pool (not intended for production use)
2026-03-26 12:20:54 DEBUG pooling:34 - HHH10001014: Initializing connection pool with 1 connections
2026-03-26 12:20:54 DEBUG jdbc:457 - HHH100017: Database:
	name: MySQL
	version: 8.0.42
	major: 8
	minor: 0
2026-03-26 12:20:54 DEBUG jdbc:463 - HHH100018: Driver:
	name: MySQL Connector/J
	version: mysql-connector-j-8.0.33 (Revision: 7d6b0800528b6b25c68b52dc10d6c1c8429c100c)
	major: 8
	minor: 0
	JDBC version: 4.2
2026-03-26 12:20:55 WARN  deprecation:152 - HHH90000025: MySQLDialect does not need to be specified explicitly using 'hibernate.dialect' (remove the property setting and it will be selected by default)
2026-03-26 12:20:55 DEBUG dialect:93 - HHH035001: Using dialect: org.hibernate.dialect.MySQLDialect, version: 8.0.42
2026-03-26 12:20:55 DEBUG IdentifierHelperBuilder:205 - IdentifierCaseStrategy for both quoted and unquoted identifiers was set to the same strategy [LOWER]; that will likely lead to problems in schema update and validation if using quoted identifiers
2026-03-26 12:20:55 DEBUG jdbc:379 - HHH100122: Using default JDBC fetch size: 0
2026-03-26 12:20:55 INFO  pooling:179 - HHH10001005: Database info:
	Database JDBC URL [jdbc:mysql://localhost:3306/mlamarch2]
	Database driver: MySQL Connector/J
	Database dialect: MySQLDialect
	Database version: 8.0.42
	Default catalog/schema: mlamarch2/undefined
	Autocommit mode: false
	Isolation level: REPEATABLE_READ
	JDBC fetch size: none
	Pool: DriverManagerConnectionProvider
	Minimum pool size: 1
	Maximum pool size: 20
2026-03-26 12:20:55 DEBUG factory:230 - HHH90020001: Instantiating factory [368241ec-011a-40f6-8b26-df99114c9fb6] with settings: {hibernate.format_sql=true, java.specification.version=25, sun.cpu.isalist=amd64, sun.jnu.encoding=Cp1252, hibernate.dialect=org.hibernate.dialect.MySQLDialect, java.class.path=C:\Users\ar.likith\Desktop\sts\HibernateMappingExp3\target\classes;C:\Users\ar.likith\.m2\repository\com\mysql\mysql-connector-j\8.0.33\mysql-connector-j-8.0.33.jar;C:\Users\ar.likith\.m2\repository\com\google\protobuf\protobuf-java\3.21.9\protobuf-java-3.21.9.jar;C:\Users\ar.likith\.m2\repository\org\hibernate\orm\hibernate-core\7.3.0.Final\hibernate-core-7.3.0.Final.jar;C:\Users\ar.likith\.m2\repository\jakarta\persistence\jakarta.persistence-api\3.2.0\jakarta.persistence-api-3.2.0.jar;C:\Users\ar.likith\.m2\repository\jakarta\transaction\jakarta.transaction-api\2.0.1\jakarta.transaction-api-2.0.1.jar;C:\Users\ar.likith\.m2\repository\org\jboss\logging\jboss-logging\3.6.1.Final\jboss-logging-3.6.1.Final.jar;C:\Users\ar.likith\.m2\repository\org\hibernate\models\hibernate-models\1.1.0\hibernate-models-1.1.0.jar;C:\Users\ar.likith\.m2\repository\net\bytebuddy\byte-buddy\1.18.7\byte-buddy-1.18.7.jar;C:\Users\ar.likith\.m2\repository\jakarta\xml\bind\jakarta.xml.bind-api\4.0.4\jakarta.xml.bind-api-4.0.4.jar;C:\Users\ar.likith\.m2\repository\jakarta\activation\jakarta.activation-api\2.1.4\jakarta.activation-api-2.1.4.jar;C:\Users\ar.likith\.m2\repository\org\glassfish\jaxb\jaxb-runtime\4.0.6\jaxb-runtime-4.0.6.jar;C:\Users\ar.likith\.m2\repository\org\glassfish\jaxb\jaxb-core\4.0.6\jaxb-core-4.0.6.jar;C:\Users\ar.likith\.m2\repository\org\eclipse\angus\angus-activation\2.0.3\angus-activation-2.0.3.jar;C:\Users\ar.likith\.m2\repository\org\glassfish\jaxb\txw2\4.0.6\txw2-4.0.6.jar;C:\Users\ar.likith\.m2\repository\com\sun\istack\istack-commons-runtime\4.1.2\istack-commons-runtime-4.1.2.jar;C:\Users\ar.likith\.m2\repository\jakarta\inject\jakarta.inject-api\2.0.1\jakarta.inject-api-2.0.1.jar;C:\Users\ar.likith\.m2\repository\org\antlr\antlr4-runtime\4.13.2\antlr4-runtime-4.13.2.jar;C:\Users\ar.likith\.m2\repository\org\apache\logging\log4j\log4j-core\2.17.1\log4j-core-2.17.1.jar;C:\Users\ar.likith\.m2\repository\org\apache\logging\log4j\log4j-api\2.17.1\log4j-api-2.17.1.jar;C:\Users\ar.likith\.m2\repository\org\apache\logging\log4j\log4j-slf4j-impl\2.17.1\log4j-slf4j-impl-2.17.1.jar;C:\Users\ar.likith\.m2\repository\org\slf4j\slf4j-api\1.7.25\slf4j-api-1.7.25.jar, java.vm.vendor=Eclipse Adoptium, sun.arch.data.model=64, hbm2ddl.auto=create, user.variant=, java.vendor.url=https://adoptium.net/, user.timezone=Asia/Calcutta, java.vm.specification.version=25, os.name=Windows 11, sun.java.launcher=SUN_STANDARD, user.country=US, sun.boot.library.path=C:\Users\ar.likith\Downloads\sts-5.1.1.RELEASE\plugins\org.eclipse.justj.openjdk.hotspot.jre.full.win32.x86_64_25.0.2.v20260203-1141\jre\bin, sun.java.command=com.test.tsetDemo, jdk.debug=release, sun.cpu.endian=little, user.home=C:\Users\ar.likith, user.language=en, java.specification.vendor=Oracle Corporation, java.version.date=2026-01-20, java.home=C:\Users\ar.likith\Downloads\sts-5.1.1.RELEASE\plugins\org.eclipse.justj.openjdk.hotspot.jre.full.win32.x86_64_25.0.2.v20260203-1141\jre, file.separator=\, java.vm.compressedOopsMode=Zero based, line.separator=
, java.vm.specification.vendor=Oracle Corporation, java.specification.name=Java Platform API Specification, hibernate.hbm2ddl.auto=create, user.script=, sun.management.compiler=HotSpot 64-Bit Tiered Compilers, java.runtime.version=25.0.2+10-LTS, user.name=ar.likith, stdout.encoding=UTF-8, path.separator=;, hibernate.connection.username=****, os.version=10.0, java.runtime.name=OpenJDK Runtime Environment, hibernate.connection.url=jdbc:mysql://localhost:3306/mlamarch2, file.encoding=UTF-8, format_sql=true, java.vm.name=OpenJDK 64-Bit Server VM, hibernate.show_sql=true, java.vendor.version=Temurin-25.0.2+10, show_sql=true, hibernate.connection.driver_class=com.mysql.cj.jdbc.Driver, java.vendor.url.bug=https://github.com/adoptium/adoptium-support/issues, java.io.tmpdir=C:\Users\ARBCDF~1.LIK\AppData\Local\Temp\, java.version=25.0.2, user.dir=C:\Users\ar.likith\Desktop\sts\HibernateMappingExp3, os.arch=amd64, java.vm.specification.name=Java Virtual Machine Specification, hibernate.connection.password=****, sun.os.patch.level=, hibernate.boot.CfgXmlAccessService.key=org.hibernate.boot.cfgxml.spi.LoadedConfig@4b88ca8e, native.encoding=Cp1252, java.library.path=C:\Users\ar.likith\Downloads\sts-5.1.1.RELEASE\plugins\org.eclipse.justj.openjdk.hotspot.jre.full.win32.x86_64_25.0.2.v20260203-1141\jre\bin;C:\WINDOWS\Sun\Java\bin;C:\WINDOWS\system32;C:\WINDOWS;C:/Users/ar.likith/Downloads/sts-5.1.1.RELEASE//plugins/org.eclipse.justj.openjdk.hotspot.jre.full.win32.x86_64_25.0.2.v20260203-1141/jre/bin/server;C:/Users/ar.likith/Downloads/sts-5.1.1.RELEASE//plugins/org.eclipse.justj.openjdk.hotspot.jre.full.win32.x86_64_25.0.2.v20260203-1141/jre/bin;C:\Program Files\Microsoft\jdk-11.0.23.9-hotspot\bin;C:\Program Files\Microsoft\jdk-17.0.15.6-hotspot\bin;C:\Program Files\Python313\Scripts\;C:\Program Files\Python313\;%SystemRoot%\system32;%SystemRoot%;%SystemRoot%\System32\Wbem;%SYSTEMROOT%\System32\WindowsPowerShell\v1.0\;%SYSTEMROOT%\System32\OpenSSH\;C:\Program Files (x86)\Microsoft SQL Server\160\Tools\Binn\;C:\Program Files\Microsoft SQL Server\160\Tools\Binn\;C:\Program Files\Microsoft SQL Server\Client SDK\ODBC\170\Tools\Binn\;C:\Program Files\Microsoft SQL Server\160\DTS\Binn\;C:\Program Files\dotnet\;C:\Program Files\Microsoft VS Code\bin;C:\Program Files\Git\cmd;C:\Program Files\apache-maven-3.9.10\bin;C:\Program Files\nodejs\;C:\Program Files\PuTTY\;C:\Program Files (x86)\Microsoft SQL Server\160\DTS\Binn\;C:\Program Files\apache-maven-3.9.10\bin;C:\Program Files\apache-maven-3.9.10\bin;C:\Program Files\apache-maven-3.9.10\bin;C:\Program Files\apache-maven-3.9.10\bin;C:\Program Files\apache-maven-3.9.10\bin;C:\Users\ar.likith\AppData\Local\Microsoft\WindowsApps;;C:\Users\ar.likith\Downloads\sts-5.1.1.RELEASE;;., stderr.encoding=UTF-8, java.vendor=Eclipse Adoptium, java.vm.info=mixed mode, sharing, stdin.encoding=Cp1252, java.vm.version=25.0.2+10-LTS, sun.io.unicode.encoding=UnicodeLittle, java.class.version=69.0}
2026-03-26 12:20:55 DEBUG HQL_FUNCTIONS:155 - Available HQL Functions:
	abs(NUMERIC arg)
	Double acos(NUMERIC arg)
	adddate(DATE datetime, INTEGER days)
	addtime(TIME datetime, TIME time)
	Boolean any(BOOLEAN arg)
	Integer ascii(STRING arg)
	Double asin(NUMERIC arg)
	Double atan(NUMERIC arg)
	Double atan2(NUMERIC arg0, NUMERIC arg1)
	avg(arg)
	bit_and(arg)
	Integer bit_length(STRING_OR_CLOB arg)
	bit_or(arg)
	bitand(arg0, arg1)
	bitnot(arg)
	bitor(arg0, arg1)
	bitxor(arg0, arg1)
	cast(arg as Type)
	ceiling(NUMERIC arg)
	Character char(INTEGER arg)
	Integer character_length(STRING_OR_CLOB arg)
	Character chr(INTEGER arg)
	coalesce(arg0[, arg1[, ...]])
	String collate(STRING string as COLLATION collation)
	String concat(STRING string0[, STRING string1[, ...]])
	Double cos(NUMERIC arg)
	Double cosh(NUMERIC arg)
	Double cot(NUMERIC arg)
	Long count([distinct ]{arg|*})
	Integer crc32(arg)
	Double cume_dist([arg0[, ...]])
	Date curdate()
	Date current date
	Date current time
	Date current timestamp
	Date current_date
	Instant current_instant
	Date current_time
	Date current_timestamp
	Date curtime()
	Date date(arg)
	dateadd(TEMPORAL_UNIT field, INTEGER magnitude, TEMPORAL datetime)
	Integer datediff(DATE end, DATE start)
	Integer day(DATE arg)
	String dayname(DATE arg)
	Integer dayofmonth(DATE arg)
	Integer dayofweek(DATE arg)
	Integer dayofyear(DATE arg)
	Double degrees(NUMERIC arg)
	Long dense_rank([arg0[, ...]])
	Boolean every(BOOLEAN arg)
	Double exp(NUMERIC arg)
	extract(TEMPORAL_UNIT field from TEMPORAL arg)
	first_valueANY value
	floor(NUMERIC arg)
	String format(TEMPORAL datetime as STRING pattern)
	greatest(COMPARABLE arg0, COMPARABLE arg1[, arg2[, ...]])
	String hex(arg)
	Integer hour(TIME arg)
	ifnull(arg0, arg1)
	String insert(STRING string, INTEGER start, INTEGER length, STRING replacement)
	Instant instant
	Integer instr(STRING string, STRING pattern[, INTEGER start[, INTEGER occurrence]])
	String json_array([arg0[, ...]])
	String json_array_append(IMPLICIT_JSON arg0, STRING arg1, ANY arg2)
	String json_array_insert(IMPLICIT_JSON arg0, STRING arg1, ANY arg2)
	String json_arrayagg(arg0[, arg1])
	Boolean json_exists(IMPLICIT_JSON arg0, STRING arg1)
	String json_insert(IMPLICIT_JSON arg0, STRING arg1, ANY arg2)
	String json_mergepatch(IMPLICIT_JSON arg0, IMPLICIT_JSON arg1[, arg2[, ...]])
	String json_object( ... )
	String json_objectagg(arg0, arg1[, arg2, arg3])
	String json_query( ... )
	String json_remove(IMPLICIT_JSON arg0, STRING arg1)
	String json_replace(IMPLICIT_JSON arg0, STRING arg1, ANY arg2)
	String json_set(IMPLICIT_JSON arg0, STRING arg1, ANY arg2)
	json_value( ... )
	lagANY value[, INTEGER offset[, ANY default]]
	Date last_day(DATE arg)
	last_valueANY value
	leadANY value[, INTEGER offset[, ANY default]]
	least(COMPARABLE arg0, COMPARABLE arg1[, arg2[, ...]])
	String left(STRING string, INTEGER length)
	Integer length(STRING_OR_CLOB arg)
	String listagg(STRING arg0, STRING arg1)
	Double ln(NUMERIC arg)
	LocalDate local date
	LocalDateTime local datetime
	LocalTime local time
	LocalDate local_date
	LocalDateTime local_datetime
	LocalTime local_time
	Date localtime
	Date localtimestamp
	Integer locate(STRING pattern, STRING string[, INTEGER start])
	Double log(NUMERIC arg0[, NUMERIC arg1])
	Double log10(NUMERIC arg)
	Double log2(NUMERIC arg)
	String lower(STRING string)
	String lpad(string, length[, padding])
	String ltrim(STRING string[, STRING characters])
	Date makedate(INTEGER year, INTEGER dayofyear)
	Date maketime(INTEGER hour, INTEGER min, INTEGER sec)
	max(COMPARABLE arg)
	byte[] md5(arg)
	Integer microsecond(TIME arg)
	min(COMPARABLE arg)
	Integer minute(TIME arg)
	Integer mod(INTEGER arg0, INTEGER arg1)
	Integer month(DATE arg)
	String monthname(DATE arg)
	Date now()
	nth_valueANY value, INTEGER nth
	nullif(arg0, arg1)
	Integer octet_length(STRING_OR_CLOB arg)
	OffsetDateTime offset datetime
	OffsetDateTime offset_datetime
	Integer ordinal(ENUM arg)
	String overlay(STRING string placing STRING replacement from INTEGER start[ for INTEGER length])
	String pad(STRING string with INTEGER length {leading|trailing}[ STRING character])
	Double percent_rank([arg0[, ...]])
	Double pi
	Integer position(STRING pattern in STRING string)
	Double power(NUMERIC arg0, NUMERIC arg1)
	Integer quarter(DATE arg)
	Double radians(NUMERIC arg)
	Double rand([INTEGER seed])
	Long rank([arg0[, ...]])
	Boolean regexp_like(STRING arg0, STRING arg1[, STRING arg2])
	String repeat(STRING string, INTEGER times)
	String replace(STRING string, STRING pattern, STRING replacement)
	String reverse(STRING arg)
	String right(STRING string, INTEGER length)
	round(NUMERIC number[, INTEGER places])
	Long row_number()
	String rpad(string, length[, padding])
	String rtrim(STRING string[, STRING characters])
	Integer second(TIME arg)
	byte[] sha(arg)
	String sha1(arg)
	String sha2(arg0, arg1)
	Integer sign(NUMERIC arg)
	Double sin(NUMERIC arg)
	Double sinh(NUMERIC arg)
	String soundex(arg)
	String space(INTEGER arg)
	sql
	Double sqrt(NUMERIC arg)
	Double stddev(NUMERIC arg)
	Double stddev_pop(NUMERIC arg)
	Double stddev_samp(NUMERIC arg)
	String str(arg)
	String string(ENUM arg)
	subdate(DATE datetime, INTEGER days)
	String substr(STRING string, INTEGER start[, INTEGER length])
	String substring(STRING string{ from|,} INTEGER start[{ for|,} INTEGER length])
	subtime(TIME datetime, TIME time)
	sum(arg)
	Date sysdate()
	Double tan(NUMERIC arg)
	Double tanh(NUMERIC arg)
	String time(arg)
	Date timestamp(arg0[, arg1])
	timestampadd(TEMPORAL_UNIT field, INTEGER magnitude, TEMPORAL datetime)
	Long|Double timestampdiff(TEMPORAL_UNIT field, TEMPORAL start, TEMPORAL end)
	String trim([[{leading|trailing|both} ][STRING arg0 ]from] STRING arg1)
	trunc( ... )
	truncate( ... )
	String upper(STRING string)
	Date utc_date
	Date utc_time
	Date utc_timestamp
	Double var_pop(NUMERIC arg)
	Double var_samp(NUMERIC arg)
	Double variance(NUMERIC arg)
	Integer week(DATE arg)
	Integer year(DATE arg)

2026-03-26 12:20:55 DEBUG core:211 - HHH000513: Unable to create the ReflectionOptimizer for [com.test.Order]: private accessor [o_name]
2026-03-26 12:20:55 DEBUG core:211 - HHH000513: Unable to create the ReflectionOptimizer for [com.test.Customer]: private accessor [c_name]
2026-03-26 12:20:55 INFO  core:53 - HHH000489: No JTA platform available (set 'hibernate.transaction.jta.platform' to enable JTA platform integration)
2026-03-26 12:20:55 DEBUG service:102 - HHH010454: EventListenerRegistry access via ServiceRegistry is deprecated - use 'sessionFactory.getEventEngine().getListenerRegistry()' instead
2026-03-26 12:20:56 DEBUG SQL:126 - 
    alter table cst_ord 
       drop 
       foreign key FKekkp7qrydsgjorw1yn653ehql
2026-03-26 12:20:56 WARN  ExceptionHandlerLoggedImpl:25 - GenerationTarget encountered exception accepting command : Error executing DDL "
    alter table cst_ord 
       drop 
       foreign key FKekkp7qrydsgjorw1yn653ehql" via JDBC [Table 'mlamarch2.cst_ord' doesn't exist]
org.hibernate.tool.schema.spi.CommandAcceptanceException: Error executing DDL "
    alter table cst_ord 
       drop 
       foreign key FKekkp7qrydsgjorw1yn653ehql" via JDBC [Table 'mlamarch2.cst_ord' doesn't exist]
	at org.hibernate.tool.schema.internal.exec.GenerationTargetToDatabase.accept(GenerationTargetToDatabase.java:81) ~[hibernate-core-7.3.0.Final.jar:7.3.0.Final]
	at org.hibernate.tool.schema.internal.Helper.applySqlString(Helper.java:218) [hibernate-core-7.3.0.Final.jar:7.3.0.Final]
	at org.hibernate.tool.schema.internal.Helper.applySqlStrings(Helper.java:204) [hibernate-core-7.3.0.Final.jar:7.3.0.Final]
	at org.hibernate.tool.schema.internal.SchemaDropperImpl.applyConstraintDropping(SchemaDropperImpl.java:473) [hibernate-core-7.3.0.Final.jar:7.3.0.Final]
	at org.hibernate.tool.schema.internal.SchemaDropperImpl.dropConstraintsTablesSequences(SchemaDropperImpl.java:237) [hibernate-core-7.3.0.Final.jar:7.3.0.Final]
	at org.hibernate.tool.schema.internal.SchemaDropperImpl.dropFromMetadata(SchemaDropperImpl.java:210) [hibernate-core-7.3.0.Final.jar:7.3.0.Final]
	at org.hibernate.tool.schema.internal.SchemaDropperImpl.performDrop(SchemaDropperImpl.java:182) [hibernate-core-7.3.0.Final.jar:7.3.0.Final]
	at org.hibernate.tool.schema.internal.SchemaDropperImpl.doDrop(SchemaDropperImpl.java:152) [hibernate-core-7.3.0.Final.jar:7.3.0.Final]
	at org.hibernate.tool.schema.internal.SchemaDropperImpl.doDrop(SchemaDropperImpl.java:112) [hibernate-core-7.3.0.Final.jar:7.3.0.Final]
	at org.hibernate.tool.schema.spi.SchemaManagementToolCoordinator.performDatabaseAction(SchemaManagementToolCoordinator.java:227) [hibernate-core-7.3.0.Final.jar:7.3.0.Final]
	at org.hibernate.tool.schema.spi.SchemaManagementToolCoordinator.lambda$process$1(SchemaManagementToolCoordinator.java:101) [hibernate-core-7.3.0.Final.jar:7.3.0.Final]
	at java.util.HashMap.forEach(HashMap.java:1430) [?:?]
	at org.hibernate.tool.schema.spi.SchemaManagementToolCoordinator.process(SchemaManagementToolCoordinator.java:100) [hibernate-core-7.3.0.Final.jar:7.3.0.Final]
	at org.hibernate.boot.internal.SessionFactoryObserverForSchemaExport.sessionFactoryCreated(SessionFactoryObserverForSchemaExport.java:35) [hibernate-core-7.3.0.Final.jar:7.3.0.Final]
	at org.hibernate.internal.SessionFactoryObserverChain.sessionFactoryCreated(SessionFactoryObserverChain.java:33) [hibernate-core-7.3.0.Final.jar:7.3.0.Final]
	at org.hibernate.internal.SessionFactoryImpl.<init>(SessionFactoryImpl.java:323) [hibernate-core-7.3.0.Final.jar:7.3.0.Final]
	at org.hibernate.internal.SessionFactoryRegistry.instantiateSessionFactory(SessionFactoryRegistry.java:64) [hibernate-core-7.3.0.Final.jar:7.3.0.Final]
	at org.hibernate.boot.internal.SessionFactoryBuilderImpl.build(SessionFactoryBuilderImpl.java:444) [hibernate-core-7.3.0.Final.jar:7.3.0.Final]
	at org.hibernate.cfg.Configuration.buildSessionFactory(Configuration.java:1112) [hibernate-core-7.3.0.Final.jar:7.3.0.Final]
	at org.hibernate.cfg.Configuration.buildSessionFactory(Configuration.java:1131) [hibernate-core-7.3.0.Final.jar:7.3.0.Final]
	at com.test.tsetDemo.main(tsetDemo.java:17) [classes/:?]
Caused by: java.sql.SQLSyntaxErrorException: Table 'mlamarch2.cst_ord' doesn't exist
	at com.mysql.cj.jdbc.exceptions.SQLError.createSQLException(SQLError.java:121) ~[mysql-connector-j-8.0.33.jar:8.0.33]
	at com.mysql.cj.jdbc.exceptions.SQLExceptionsMapping.translateException(SQLExceptionsMapping.java:122) ~[mysql-connector-j-8.0.33.jar:8.0.33]
	at com.mysql.cj.jdbc.StatementImpl.executeInternal(StatementImpl.java:763) ~[mysql-connector-j-8.0.33.jar:8.0.33]
	at com.mysql.cj.jdbc.StatementImpl.execute(StatementImpl.java:648) ~[mysql-connector-j-8.0.33.jar:8.0.33]
	at org.hibernate.tool.schema.internal.exec.GenerationTargetToDatabase.accept(GenerationTargetToDatabase.java:76) ~[hibernate-core-7.3.0.Final.jar:7.3.0.Final]
	... 20 more
2026-03-26 12:20:56 DEBUG SQL:126 - 
    alter table cst_ord 
       drop 
       foreign key FKhsgw231v7x0rsmbtsd1s256ls
2026-03-26 12:20:56 WARN  ExceptionHandlerLoggedImpl:25 - GenerationTarget encountered exception accepting command : Error executing DDL "
    alter table cst_ord 
       drop 
       foreign key FKhsgw231v7x0rsmbtsd1s256ls" via JDBC [Table 'mlamarch2.cst_ord' doesn't exist]
org.hibernate.tool.schema.spi.CommandAcceptanceException: Error executing DDL "
    alter table cst_ord 
       drop 
       foreign key FKhsgw231v7x0rsmbtsd1s256ls" via JDBC [Table 'mlamarch2.cst_ord' doesn't exist]
	at org.hibernate.tool.schema.internal.exec.GenerationTargetToDatabase.accept(GenerationTargetToDatabase.java:81) ~[hibernate-core-7.3.0.Final.jar:7.3.0.Final]
	at org.hibernate.tool.schema.internal.Helper.applySqlString(Helper.java:218) [hibernate-core-7.3.0.Final.jar:7.3.0.Final]
	at org.hibernate.tool.schema.internal.Helper.applySqlStrings(Helper.java:204) [hibernate-core-7.3.0.Final.jar:7.3.0.Final]
	at org.hibernate.tool.schema.internal.SchemaDropperImpl.applyConstraintDropping(SchemaDropperImpl.java:473) [hibernate-core-7.3.0.Final.jar:7.3.0.Final]
	at org.hibernate.tool.schema.internal.SchemaDropperImpl.dropConstraintsTablesSequences(SchemaDropperImpl.java:237) [hibernate-core-7.3.0.Final.jar:7.3.0.Final]
	at org.hibernate.tool.schema.internal.SchemaDropperImpl.dropFromMetadata(SchemaDropperImpl.java:210) [hibernate-core-7.3.0.Final.jar:7.3.0.Final]
	at org.hibernate.tool.schema.internal.SchemaDropperImpl.performDrop(SchemaDropperImpl.java:182) [hibernate-core-7.3.0.Final.jar:7.3.0.Final]
	at org.hibernate.tool.schema.internal.SchemaDropperImpl.doDrop(SchemaDropperImpl.java:152) [hibernate-core-7.3.0.Final.jar:7.3.0.Final]
	at org.hibernate.tool.schema.internal.SchemaDropperImpl.doDrop(SchemaDropperImpl.java:112) [hibernate-core-7.3.0.Final.jar:7.3.0.Final]
	at org.hibernate.tool.schema.spi.SchemaManagementToolCoordinator.performDatabaseAction(SchemaManagementToolCoordinator.java:227) [hibernate-core-7.3.0.Final.jar:7.3.0.Final]
	at org.hibernate.tool.schema.spi.SchemaManagementToolCoordinator.lambda$process$1(SchemaManagementToolCoordinator.java:101) [hibernate-core-7.3.0.Final.jar:7.3.0.Final]
	at java.util.HashMap.forEach(HashMap.java:1430) [?:?]
	at org.hibernate.tool.schema.spi.SchemaManagementToolCoordinator.process(SchemaManagementToolCoordinator.java:100) [hibernate-core-7.3.0.Final.jar:7.3.0.Final]
	at org.hibernate.boot.internal.SessionFactoryObserverForSchemaExport.sessionFactoryCreated(SessionFactoryObserverForSchemaExport.java:35) [hibernate-core-7.3.0.Final.jar:7.3.0.Final]
	at org.hibernate.internal.SessionFactoryObserverChain.sessionFactoryCreated(SessionFactoryObserverChain.java:33) [hibernate-core-7.3.0.Final.jar:7.3.0.Final]
	at org.hibernate.internal.SessionFactoryImpl.<init>(SessionFactoryImpl.java:323) [hibernate-core-7.3.0.Final.jar:7.3.0.Final]
	at org.hibernate.internal.SessionFactoryRegistry.instantiateSessionFactory(SessionFactoryRegistry.java:64) [hibernate-core-7.3.0.Final.jar:7.3.0.Final]
	at org.hibernate.boot.internal.SessionFactoryBuilderImpl.build(SessionFactoryBuilderImpl.java:444) [hibernate-core-7.3.0.Final.jar:7.3.0.Final]
	at org.hibernate.cfg.Configuration.buildSessionFactory(Configuration.java:1112) [hibernate-core-7.3.0.Final.jar:7.3.0.Final]
	at org.hibernate.cfg.Configuration.buildSessionFactory(Configuration.java:1131) [hibernate-core-7.3.0.Final.jar:7.3.0.Final]
	at com.test.tsetDemo.main(tsetDemo.java:17) [classes/:?]
Caused by: java.sql.SQLSyntaxErrorException: Table 'mlamarch2.cst_ord' doesn't exist
	at com.mysql.cj.jdbc.exceptions.SQLError.createSQLException(SQLError.java:121) ~[mysql-connector-j-8.0.33.jar:8.0.33]
	at com.mysql.cj.jdbc.exceptions.SQLExceptionsMapping.translateException(SQLExceptionsMapping.java:122) ~[mysql-connector-j-8.0.33.jar:8.0.33]
	at com.mysql.cj.jdbc.StatementImpl.executeInternal(StatementImpl.java:763) ~[mysql-connector-j-8.0.33.jar:8.0.33]
	at com.mysql.cj.jdbc.StatementImpl.execute(StatementImpl.java:648) ~[mysql-connector-j-8.0.33.jar:8.0.33]
	at org.hibernate.tool.schema.internal.exec.GenerationTargetToDatabase.accept(GenerationTargetToDatabase.java:76) ~[hibernate-core-7.3.0.Final.jar:7.3.0.Final]
	... 20 more
2026-03-26 12:20:56 DEBUG SQL:126 - 
    drop table if exists cst_ord
2026-03-26 12:20:56 DEBUG SQL:126 - 
    drop table if exists customers
2026-03-26 12:20:56 DEBUG SQL:126 - 
    drop table if exists customers_SEQ
2026-03-26 12:20:56 DEBUG SQL:126 - 
    drop table if exists orders
2026-03-26 12:20:56 WARN  ExceptionHandlerLoggedImpl:25 - GenerationTarget encountered exception accepting command : Error executing DDL "
    drop table if exists orders" via JDBC [Cannot drop table 'orders' referenced by a foreign key constraint 'FK58xnkgk61cy6831pe9wpe6l8q' on table 'users_orders'.]
org.hibernate.tool.schema.spi.CommandAcceptanceException: Error executing DDL "
    drop table if exists orders" via JDBC [Cannot drop table 'orders' referenced by a foreign key constraint 'FK58xnkgk61cy6831pe9wpe6l8q' on table 'users_orders'.]
	at org.hibernate.tool.schema.internal.exec.GenerationTargetToDatabase.accept(GenerationTargetToDatabase.java:81) ~[hibernate-core-7.3.0.Final.jar:7.3.0.Final]
	at org.hibernate.tool.schema.internal.Helper.applySqlString(Helper.java:218) [hibernate-core-7.3.0.Final.jar:7.3.0.Final]
	at org.hibernate.tool.schema.internal.Helper.applySqlStrings(Helper.java:204) [hibernate-core-7.3.0.Final.jar:7.3.0.Final]
	at org.hibernate.tool.schema.internal.SchemaDropperImpl.dropTables(SchemaDropperImpl.java:376) [hibernate-core-7.3.0.Final.jar:7.3.0.Final]
	at org.hibernate.tool.schema.internal.SchemaDropperImpl.dropConstraintsTablesSequences(SchemaDropperImpl.java:248) [hibernate-core-7.3.0.Final.jar:7.3.0.Final]
	at org.hibernate.tool.schema.internal.SchemaDropperImpl.dropFromMetadata(SchemaDropperImpl.java:210) [hibernate-core-7.3.0.Final.jar:7.3.0.Final]
	at org.hibernate.tool.schema.internal.SchemaDropperImpl.performDrop(SchemaDropperImpl.java:182) [hibernate-core-7.3.0.Final.jar:7.3.0.Final]
	at org.hibernate.tool.schema.internal.SchemaDropperImpl.doDrop(SchemaDropperImpl.java:152) [hibernate-core-7.3.0.Final.jar:7.3.0.Final]
	at org.hibernate.tool.schema.internal.SchemaDropperImpl.doDrop(SchemaDropperImpl.java:112) [hibernate-core-7.3.0.Final.jar:7.3.0.Final]
	at org.hibernate.tool.schema.spi.SchemaManagementToolCoordinator.performDatabaseAction(SchemaManagementToolCoordinator.java:227) [hibernate-core-7.3.0.Final.jar:7.3.0.Final]
	at org.hibernate.tool.schema.spi.SchemaManagementToolCoordinator.lambda$process$1(SchemaManagementToolCoordinator.java:101) [hibernate-core-7.3.0.Final.jar:7.3.0.Final]
	at java.util.HashMap.forEach(HashMap.java:1430) [?:?]
	at org.hibernate.tool.schema.spi.SchemaManagementToolCoordinator.process(SchemaManagementToolCoordinator.java:100) [hibernate-core-7.3.0.Final.jar:7.3.0.Final]
	at org.hibernate.boot.internal.SessionFactoryObserverForSchemaExport.sessionFactoryCreated(SessionFactoryObserverForSchemaExport.java:35) [hibernate-core-7.3.0.Final.jar:7.3.0.Final]
	at org.hibernate.internal.SessionFactoryObserverChain.sessionFactoryCreated(SessionFactoryObserverChain.java:33) [hibernate-core-7.3.0.Final.jar:7.3.0.Final]
	at org.hibernate.internal.SessionFactoryImpl.<init>(SessionFactoryImpl.java:323) [hibernate-core-7.3.0.Final.jar:7.3.0.Final]
	at org.hibernate.internal.SessionFactoryRegistry.instantiateSessionFactory(SessionFactoryRegistry.java:64) [hibernate-core-7.3.0.Final.jar:7.3.0.Final]
	at org.hibernate.boot.internal.SessionFactoryBuilderImpl.build(SessionFactoryBuilderImpl.java:444) [hibernate-core-7.3.0.Final.jar:7.3.0.Final]
	at org.hibernate.cfg.Configuration.buildSessionFactory(Configuration.java:1112) [hibernate-core-7.3.0.Final.jar:7.3.0.Final]
	at org.hibernate.cfg.Configuration.buildSessionFactory(Configuration.java:1131) [hibernate-core-7.3.0.Final.jar:7.3.0.Final]
	at com.test.tsetDemo.main(tsetDemo.java:17) [classes/:?]
Caused by: java.sql.SQLException: Cannot drop table 'orders' referenced by a foreign key constraint 'FK58xnkgk61cy6831pe9wpe6l8q' on table 'users_orders'.
	at com.mysql.cj.jdbc.exceptions.SQLError.createSQLException(SQLError.java:130) ~[mysql-connector-j-8.0.33.jar:8.0.33]
	at com.mysql.cj.jdbc.exceptions.SQLExceptionsMapping.translateException(SQLExceptionsMapping.java:122) ~[mysql-connector-j-8.0.33.jar:8.0.33]
	at com.mysql.cj.jdbc.StatementImpl.executeInternal(StatementImpl.java:763) ~[mysql-connector-j-8.0.33.jar:8.0.33]
	at com.mysql.cj.jdbc.StatementImpl.execute(StatementImpl.java:648) ~[mysql-connector-j-8.0.33.jar:8.0.33]
	at org.hibernate.tool.schema.internal.exec.GenerationTargetToDatabase.accept(GenerationTargetToDatabase.java:76) ~[hibernate-core-7.3.0.Final.jar:7.3.0.Final]
	... 20 more
2026-03-26 12:20:56 DEBUG SQL:126 - 
    drop table if exists orders_SEQ
2026-03-26 12:20:56 DEBUG SQL:126 - 
    create table cst_ord (
        c_id integer not null,
        o_id integer not null
    ) engine=InnoDB
2026-03-26 12:20:56 DEBUG SQL:126 - 
    create table customers (
        id integer not null,
        c_name varchar(255),
        primary key (id)
    ) engine=InnoDB
2026-03-26 12:20:57 DEBUG SQL:126 - 
    create table customers_SEQ (
        next_val bigint
    ) engine=InnoDB
2026-03-26 12:20:58 DEBUG SQL:126 - 
    insert into customers_SEQ ( next_val ) values ( 1 )
2026-03-26 12:20:58 DEBUG SQL:126 - 
    create table orders (
        id integer not null,
        o_price integer not null,
        o_name varchar(255),
        primary key (id)
    ) engine=InnoDB
2026-03-26 12:20:58 WARN  ExceptionHandlerLoggedImpl:25 - GenerationTarget encountered exception accepting command : Error executing DDL "
    create table orders (
        id integer not null,
        o_price integer not null,
        o_name varchar(255),
        primary key (id)
    ) engine=InnoDB" via JDBC [Table 'orders' already exists]
org.hibernate.tool.schema.spi.CommandAcceptanceException: Error executing DDL "
    create table orders (
        id integer not null,
        o_price integer not null,
        o_name varchar(255),
        primary key (id)
    ) engine=InnoDB" via JDBC [Table 'orders' already exists]
	at org.hibernate.tool.schema.internal.exec.GenerationTargetToDatabase.accept(GenerationTargetToDatabase.java:81) ~[hibernate-core-7.3.0.Final.jar:7.3.0.Final]
	at org.hibernate.tool.schema.internal.Helper.applySqlString(Helper.java:218) [hibernate-core-7.3.0.Final.jar:7.3.0.Final]
	at org.hibernate.tool.schema.internal.Helper.applySqlStrings(Helper.java:204) [hibernate-core-7.3.0.Final.jar:7.3.0.Final]
	at org.hibernate.tool.schema.internal.SchemaCreatorImpl.createTables(SchemaCreatorImpl.java:404) [hibernate-core-7.3.0.Final.jar:7.3.0.Final]
	at org.hibernate.tool.schema.internal.SchemaCreatorImpl.createSequencesTablesConstraints(SchemaCreatorImpl.java:320) [hibernate-core-7.3.0.Final.jar:7.3.0.Final]
	at org.hibernate.tool.schema.internal.SchemaCreatorImpl.createFromMetadata(SchemaCreatorImpl.java:215) [hibernate-core-7.3.0.Final.jar:7.3.0.Final]
	at org.hibernate.tool.schema.internal.SchemaCreatorImpl.performCreation(SchemaCreatorImpl.java:151) [hibernate-core-7.3.0.Final.jar:7.3.0.Final]
	at org.hibernate.tool.schema.internal.SchemaCreatorImpl.doCreation(SchemaCreatorImpl.java:121) [hibernate-core-7.3.0.Final.jar:7.3.0.Final]
	at org.hibernate.tool.schema.internal.SchemaCreatorImpl.doCreation(SchemaCreatorImpl.java:97) [hibernate-core-7.3.0.Final.jar:7.3.0.Final]
	at org.hibernate.tool.schema.spi.SchemaManagementToolCoordinator.performDatabaseAction(SchemaManagementToolCoordinator.java:239) [hibernate-core-7.3.0.Final.jar:7.3.0.Final]
	at org.hibernate.tool.schema.spi.SchemaManagementToolCoordinator.lambda$process$1(SchemaManagementToolCoordinator.java:101) [hibernate-core-7.3.0.Final.jar:7.3.0.Final]
	at java.util.HashMap.forEach(HashMap.java:1430) [?:?]
	at org.hibernate.tool.schema.spi.SchemaManagementToolCoordinator.process(SchemaManagementToolCoordinator.java:100) [hibernate-core-7.3.0.Final.jar:7.3.0.Final]
	at org.hibernate.boot.internal.SessionFactoryObserverForSchemaExport.sessionFactoryCreated(SessionFactoryObserverForSchemaExport.java:35) [hibernate-core-7.3.0.Final.jar:7.3.0.Final]
	at org.hibernate.internal.SessionFactoryObserverChain.sessionFactoryCreated(SessionFactoryObserverChain.java:33) [hibernate-core-7.3.0.Final.jar:7.3.0.Final]
	at org.hibernate.internal.SessionFactoryImpl.<init>(SessionFactoryImpl.java:323) [hibernate-core-7.3.0.Final.jar:7.3.0.Final]
	at org.hibernate.internal.SessionFactoryRegistry.instantiateSessionFactory(SessionFactoryRegistry.java:64) [hibernate-core-7.3.0.Final.jar:7.3.0.Final]
	at org.hibernate.boot.internal.SessionFactoryBuilderImpl.build(SessionFactoryBuilderImpl.java:444) [hibernate-core-7.3.0.Final.jar:7.3.0.Final]
	at org.hibernate.cfg.Configuration.buildSessionFactory(Configuration.java:1112) [hibernate-core-7.3.0.Final.jar:7.3.0.Final]
	at org.hibernate.cfg.Configuration.buildSessionFactory(Configuration.java:1131) [hibernate-core-7.3.0.Final.jar:7.3.0.Final]
	at com.test.tsetDemo.main(tsetDemo.java:17) [classes/:?]
Caused by: java.sql.SQLSyntaxErrorException: Table 'orders' already exists
	at com.mysql.cj.jdbc.exceptions.SQLError.createSQLException(SQLError.java:121) ~[mysql-connector-j-8.0.33.jar:8.0.33]
	at com.mysql.cj.jdbc.exceptions.SQLExceptionsMapping.translateException(SQLExceptionsMapping.java:122) ~[mysql-connector-j-8.0.33.jar:8.0.33]
	at com.mysql.cj.jdbc.StatementImpl.executeInternal(StatementImpl.java:763) ~[mysql-connector-j-8.0.33.jar:8.0.33]
	at com.mysql.cj.jdbc.StatementImpl.execute(StatementImpl.java:648) ~[mysql-connector-j-8.0.33.jar:8.0.33]
	at org.hibernate.tool.schema.internal.exec.GenerationTargetToDatabase.accept(GenerationTargetToDatabase.java:76) ~[hibernate-core-7.3.0.Final.jar:7.3.0.Final]
	... 20 more
2026-03-26 12:20:58 DEBUG SQL:126 - 
    create table orders_SEQ (
        next_val bigint
    ) engine=InnoDB
2026-03-26 12:20:58 DEBUG SQL:126 - 
    insert into orders_SEQ ( next_val ) values ( 1 )
2026-03-26 12:20:58 DEBUG SQL:126 - 
    alter table cst_ord 
       add constraint FKekkp7qrydsgjorw1yn653ehql 
       foreign key (o_id) 
       references orders (id)
2026-03-26 12:20:58 WARN  ExceptionHandlerLoggedImpl:25 - GenerationTarget encountered exception accepting command : Error executing DDL "
    alter table cst_ord 
       add constraint FKekkp7qrydsgjorw1yn653ehql 
       foreign key (o_id) 
       references orders (id)" via JDBC [Failed to add the foreign key constraint. Missing column 'id' for constraint 'FKekkp7qrydsgjorw1yn653ehql' in the referenced table 'orders']
org.hibernate.tool.schema.spi.CommandAcceptanceException: Error executing DDL "
    alter table cst_ord 
       add constraint FKekkp7qrydsgjorw1yn653ehql 
       foreign key (o_id) 
       references orders (id)" via JDBC [Failed to add the foreign key constraint. Missing column 'id' for constraint 'FKekkp7qrydsgjorw1yn653ehql' in the referenced table 'orders']
	at org.hibernate.tool.schema.internal.exec.GenerationTargetToDatabase.accept(GenerationTargetToDatabase.java:81) ~[hibernate-core-7.3.0.Final.jar:7.3.0.Final]
	at org.hibernate.tool.schema.internal.Helper.applySqlString(Helper.java:218) [hibernate-core-7.3.0.Final.jar:7.3.0.Final]
	at org.hibernate.tool.schema.internal.Helper.applySqlStrings(Helper.java:204) [hibernate-core-7.3.0.Final.jar:7.3.0.Final]
	at org.hibernate.tool.schema.internal.SchemaCreatorImpl.createForeignKeys(SchemaCreatorImpl.java:281) [hibernate-core-7.3.0.Final.jar:7.3.0.Final]
	at org.hibernate.tool.schema.internal.SchemaCreatorImpl.createFromMetadata(SchemaCreatorImpl.java:227) [hibernate-core-7.3.0.Final.jar:7.3.0.Final]
	at org.hibernate.tool.schema.internal.SchemaCreatorImpl.performCreation(SchemaCreatorImpl.java:151) [hibernate-core-7.3.0.Final.jar:7.3.0.Final]
	at org.hibernate.tool.schema.internal.SchemaCreatorImpl.doCreation(SchemaCreatorImpl.java:121) [hibernate-core-7.3.0.Final.jar:7.3.0.Final]
	at org.hibernate.tool.schema.internal.SchemaCreatorImpl.doCreation(SchemaCreatorImpl.java:97) [hibernate-core-7.3.0.Final.jar:7.3.0.Final]
	at org.hibernate.tool.schema.spi.SchemaManagementToolCoordinator.performDatabaseAction(SchemaManagementToolCoordinator.java:239) [hibernate-core-7.3.0.Final.jar:7.3.0.Final]
	at org.hibernate.tool.schema.spi.SchemaManagementToolCoordinator.lambda$process$1(SchemaManagementToolCoordinator.java:101) [hibernate-core-7.3.0.Final.jar:7.3.0.Final]
	at java.util.HashMap.forEach(HashMap.java:1430) [?:?]
	at org.hibernate.tool.schema.spi.SchemaManagementToolCoordinator.process(SchemaManagementToolCoordinator.java:100) [hibernate-core-7.3.0.Final.jar:7.3.0.Final]
	at org.hibernate.boot.internal.SessionFactoryObserverForSchemaExport.sessionFactoryCreated(SessionFactoryObserverForSchemaExport.java:35) [hibernate-core-7.3.0.Final.jar:7.3.0.Final]
	at org.hibernate.internal.SessionFactoryObserverChain.sessionFactoryCreated(SessionFactoryObserverChain.java:33) [hibernate-core-7.3.0.Final.jar:7.3.0.Final]
	at org.hibernate.internal.SessionFactoryImpl.<init>(SessionFactoryImpl.java:323) [hibernate-core-7.3.0.Final.jar:7.3.0.Final]
	at org.hibernate.internal.SessionFactoryRegistry.instantiateSessionFactory(SessionFactoryRegistry.java:64) [hibernate-core-7.3.0.Final.jar:7.3.0.Final]
	at org.hibernate.boot.internal.SessionFactoryBuilderImpl.build(SessionFactoryBuilderImpl.java:444) [hibernate-core-7.3.0.Final.jar:7.3.0.Final]
	at org.hibernate.cfg.Configuration.buildSessionFactory(Configuration.java:1112) [hibernate-core-7.3.0.Final.jar:7.3.0.Final]
	at org.hibernate.cfg.Configuration.buildSessionFactory(Configuration.java:1131) [hibernate-core-7.3.0.Final.jar:7.3.0.Final]
	at com.test.tsetDemo.main(tsetDemo.java:17) [classes/:?]
Caused by: java.sql.SQLException: Failed to add the foreign key constraint. Missing column 'id' for constraint 'FKekkp7qrydsgjorw1yn653ehql' in the referenced table 'orders'
	at com.mysql.cj.jdbc.exceptions.SQLError.createSQLException(SQLError.java:130) ~[mysql-connector-j-8.0.33.jar:8.0.33]
	at com.mysql.cj.jdbc.exceptions.SQLExceptionsMapping.translateException(SQLExceptionsMapping.java:122) ~[mysql-connector-j-8.0.33.jar:8.0.33]
	at com.mysql.cj.jdbc.StatementImpl.executeInternal(StatementImpl.java:763) ~[mysql-connector-j-8.0.33.jar:8.0.33]
	at com.mysql.cj.jdbc.StatementImpl.execute(StatementImpl.java:648) ~[mysql-connector-j-8.0.33.jar:8.0.33]
	at org.hibernate.tool.schema.internal.exec.GenerationTargetToDatabase.accept(GenerationTargetToDatabase.java:76) ~[hibernate-core-7.3.0.Final.jar:7.3.0.Final]
	... 19 more
2026-03-26 12:20:58 DEBUG SQL:126 - 
    alter table cst_ord 
       add constraint FKhsgw231v7x0rsmbtsd1s256ls 
       foreign key (c_id) 
       references customers (id)
2026-03-26 12:20:59 DEBUG factoryRegistry:86 - HHH020384: Registering SessionFactory [368241ec-011a-40f6-8b26-df99114c9fb6] (<unnamed>)
2026-03-26 12:20:59 DEBUG core:151 - HHH006588: Opening session [tenant=null]
2026-03-26 12:20:59 DEBUG core:74 - HHH006583: Beginning transaction
2026-03-26 12:21:30 DEBUG service:41 - HHH010455: Adding integrator: org.hibernate.boot.beanvalidation.BeanValidationIntegrator
2026-03-26 12:21:30 DEBUG service:41 - HHH010455: Adding integrator: org.hibernate.cache.internal.CollectionCacheInvalidator
2026-03-26 12:21:30 INFO  core:41 - HHH000001: Hibernate ORM core version 7.3.0.Final
2026-03-26 12:21:30 DEBUG core:155 - HHH000206: 'hibernate.properties' not found
2026-03-26 12:21:30 DEBUG boot:97 - HHH160204: cfg.xml document did not define namespaces; wrapping in custom event reader to introduce namespace information
2026-03-26 12:21:30 DEBUG cache:116 - HHH90001031: Cannot default RegionFactory since no RegionFactory strategies were registered
2026-03-26 12:21:30 DEBUG cache:46 - HHH90001029: Second-level cache disabled
2026-03-26 12:21:30 WARN  pooling:86 - HHH10001002: Using built-in connection pool (not intended for production use)
2026-03-26 12:21:30 DEBUG pooling:34 - HHH10001014: Initializing connection pool with 1 connections
2026-03-26 12:21:30 DEBUG jdbc:457 - HHH100017: Database:
	name: MySQL
	version: 8.0.42
	major: 8
	minor: 0
2026-03-26 12:21:30 DEBUG jdbc:463 - HHH100018: Driver:
	name: MySQL Connector/J
	version: mysql-connector-j-8.0.33 (Revision: 7d6b0800528b6b25c68b52dc10d6c1c8429c100c)
	major: 8
	minor: 0
	JDBC version: 4.2
2026-03-26 12:21:31 WARN  deprecation:152 - HHH90000025: MySQLDialect does not need to be specified explicitly using 'hibernate.dialect' (remove the property setting and it will be selected by default)
2026-03-26 12:21:31 DEBUG dialect:93 - HHH035001: Using dialect: org.hibernate.dialect.MySQLDialect, version: 8.0.42
2026-03-26 12:21:31 DEBUG IdentifierHelperBuilder:205 - IdentifierCaseStrategy for both quoted and unquoted identifiers was set to the same strategy [LOWER]; that will likely lead to problems in schema update and validation if using quoted identifiers
2026-03-26 12:21:31 DEBUG jdbc:379 - HHH100122: Using default JDBC fetch size: 0
2026-03-26 12:21:31 INFO  pooling:179 - HHH10001005: Database info:
	Database JDBC URL [jdbc:mysql://localhost:3306/mlamarch2]
	Database driver: MySQL Connector/J
	Database dialect: MySQLDialect
	Database version: 8.0.42
	Default catalog/schema: mlamarch2/undefined
	Autocommit mode: false
	Isolation level: REPEATABLE_READ
	JDBC fetch size: none
	Pool: DriverManagerConnectionProvider
	Minimum pool size: 1
	Maximum pool size: 20
2026-03-26 12:21:31 DEBUG factory:230 - HHH90020001: Instantiating factory [1d39e8b2-74a8-4707-9490-d399c81a4fb6] with settings: {hibernate.format_sql=true, java.specification.version=25, sun.cpu.isalist=amd64, sun.jnu.encoding=Cp1252, hibernate.dialect=org.hibernate.dialect.MySQLDialect, java.class.path=C:\Users\ar.likith\Desktop\sts\HibernateMappingExp3\target\classes;C:\Users\ar.likith\.m2\repository\com\mysql\mysql-connector-j\8.0.33\mysql-connector-j-8.0.33.jar;C:\Users\ar.likith\.m2\repository\com\google\protobuf\protobuf-java\3.21.9\protobuf-java-3.21.9.jar;C:\Users\ar.likith\.m2\repository\org\hibernate\orm\hibernate-core\7.3.0.Final\hibernate-core-7.3.0.Final.jar;C:\Users\ar.likith\.m2\repository\jakarta\persistence\jakarta.persistence-api\3.2.0\jakarta.persistence-api-3.2.0.jar;C:\Users\ar.likith\.m2\repository\jakarta\transaction\jakarta.transaction-api\2.0.1\jakarta.transaction-api-2.0.1.jar;C:\Users\ar.likith\.m2\repository\org\jboss\logging\jboss-logging\3.6.1.Final\jboss-logging-3.6.1.Final.jar;C:\Users\ar.likith\.m2\repository\org\hibernate\models\hibernate-models\1.1.0\hibernate-models-1.1.0.jar;C:\Users\ar.likith\.m2\repository\net\bytebuddy\byte-buddy\1.18.7\byte-buddy-1.18.7.jar;C:\Users\ar.likith\.m2\repository\jakarta\xml\bind\jakarta.xml.bind-api\4.0.4\jakarta.xml.bind-api-4.0.4.jar;C:\Users\ar.likith\.m2\repository\jakarta\activation\jakarta.activation-api\2.1.4\jakarta.activation-api-2.1.4.jar;C:\Users\ar.likith\.m2\repository\org\glassfish\jaxb\jaxb-runtime\4.0.6\jaxb-runtime-4.0.6.jar;C:\Users\ar.likith\.m2\repository\org\glassfish\jaxb\jaxb-core\4.0.6\jaxb-core-4.0.6.jar;C:\Users\ar.likith\.m2\repository\org\eclipse\angus\angus-activation\2.0.3\angus-activation-2.0.3.jar;C:\Users\ar.likith\.m2\repository\org\glassfish\jaxb\txw2\4.0.6\txw2-4.0.6.jar;C:\Users\ar.likith\.m2\repository\com\sun\istack\istack-commons-runtime\4.1.2\istack-commons-runtime-4.1.2.jar;C:\Users\ar.likith\.m2\repository\jakarta\inject\jakarta.inject-api\2.0.1\jakarta.inject-api-2.0.1.jar;C:\Users\ar.likith\.m2\repository\org\antlr\antlr4-runtime\4.13.2\antlr4-runtime-4.13.2.jar;C:\Users\ar.likith\.m2\repository\org\apache\logging\log4j\log4j-core\2.17.1\log4j-core-2.17.1.jar;C:\Users\ar.likith\.m2\repository\org\apache\logging\log4j\log4j-api\2.17.1\log4j-api-2.17.1.jar;C:\Users\ar.likith\.m2\repository\org\apache\logging\log4j\log4j-slf4j-impl\2.17.1\log4j-slf4j-impl-2.17.1.jar;C:\Users\ar.likith\.m2\repository\org\slf4j\slf4j-api\1.7.25\slf4j-api-1.7.25.jar, java.vm.vendor=Eclipse Adoptium, sun.arch.data.model=64, hbm2ddl.auto=create, user.variant=, java.vendor.url=https://adoptium.net/, user.timezone=Asia/Calcutta, java.vm.specification.version=25, os.name=Windows 11, sun.java.launcher=SUN_STANDARD, user.country=US, sun.boot.library.path=C:\Users\ar.likith\Downloads\sts-5.1.1.RELEASE\plugins\org.eclipse.justj.openjdk.hotspot.jre.full.win32.x86_64_25.0.2.v20260203-1141\jre\bin, sun.java.command=com.test.tsetDemo, jdk.debug=release, sun.cpu.endian=little, user.home=C:\Users\ar.likith, user.language=en, java.specification.vendor=Oracle Corporation, java.version.date=2026-01-20, java.home=C:\Users\ar.likith\Downloads\sts-5.1.1.RELEASE\plugins\org.eclipse.justj.openjdk.hotspot.jre.full.win32.x86_64_25.0.2.v20260203-1141\jre, file.separator=\, java.vm.compressedOopsMode=Zero based, line.separator=
, java.vm.specification.vendor=Oracle Corporation, java.specification.name=Java Platform API Specification, hibernate.hbm2ddl.auto=create, user.script=, sun.management.compiler=HotSpot 64-Bit Tiered Compilers, java.runtime.version=25.0.2+10-LTS, user.name=ar.likith, stdout.encoding=UTF-8, path.separator=;, hibernate.connection.username=****, os.version=10.0, java.runtime.name=OpenJDK Runtime Environment, hibernate.connection.url=jdbc:mysql://localhost:3306/mlamarch2, file.encoding=UTF-8, format_sql=true, java.vm.name=OpenJDK 64-Bit Server VM, hibernate.show_sql=true, java.vendor.version=Temurin-25.0.2+10, show_sql=true, hibernate.connection.driver_class=com.mysql.cj.jdbc.Driver, java.vendor.url.bug=https://github.com/adoptium/adoptium-support/issues, java.io.tmpdir=C:\Users\ARBCDF~1.LIK\AppData\Local\Temp\, java.version=25.0.2, user.dir=C:\Users\ar.likith\Desktop\sts\HibernateMappingExp3, os.arch=amd64, java.vm.specification.name=Java Virtual Machine Specification, hibernate.connection.password=****, sun.os.patch.level=, hibernate.boot.CfgXmlAccessService.key=org.hibernate.boot.cfgxml.spi.LoadedConfig@4b88ca8e, native.encoding=Cp1252, java.library.path=C:\Users\ar.likith\Downloads\sts-5.1.1.RELEASE\plugins\org.eclipse.justj.openjdk.hotspot.jre.full.win32.x86_64_25.0.2.v20260203-1141\jre\bin;C:\WINDOWS\Sun\Java\bin;C:\WINDOWS\system32;C:\WINDOWS;C:/Users/ar.likith/Downloads/sts-5.1.1.RELEASE//plugins/org.eclipse.justj.openjdk.hotspot.jre.full.win32.x86_64_25.0.2.v20260203-1141/jre/bin/server;C:/Users/ar.likith/Downloads/sts-5.1.1.RELEASE//plugins/org.eclipse.justj.openjdk.hotspot.jre.full.win32.x86_64_25.0.2.v20260203-1141/jre/bin;C:\Program Files\Microsoft\jdk-11.0.23.9-hotspot\bin;C:\Program Files\Microsoft\jdk-17.0.15.6-hotspot\bin;C:\Program Files\Python313\Scripts\;C:\Program Files\Python313\;%SystemRoot%\system32;%SystemRoot%;%SystemRoot%\System32\Wbem;%SYSTEMROOT%\System32\WindowsPowerShell\v1.0\;%SYSTEMROOT%\System32\OpenSSH\;C:\Program Files (x86)\Microsoft SQL Server\160\Tools\Binn\;C:\Program Files\Microsoft SQL Server\160\Tools\Binn\;C:\Program Files\Microsoft SQL Server\Client SDK\ODBC\170\Tools\Binn\;C:\Program Files\Microsoft SQL Server\160\DTS\Binn\;C:\Program Files\dotnet\;C:\Program Files\Microsoft VS Code\bin;C:\Program Files\Git\cmd;C:\Program Files\apache-maven-3.9.10\bin;C:\Program Files\nodejs\;C:\Program Files\PuTTY\;C:\Program Files (x86)\Microsoft SQL Server\160\DTS\Binn\;C:\Program Files\apache-maven-3.9.10\bin;C:\Program Files\apache-maven-3.9.10\bin;C:\Program Files\apache-maven-3.9.10\bin;C:\Program Files\apache-maven-3.9.10\bin;C:\Program Files\apache-maven-3.9.10\bin;C:\Users\ar.likith\AppData\Local\Microsoft\WindowsApps;;C:\Users\ar.likith\Downloads\sts-5.1.1.RELEASE;;., stderr.encoding=UTF-8, java.vendor=Eclipse Adoptium, java.vm.info=mixed mode, sharing, stdin.encoding=Cp1252, java.vm.version=25.0.2+10-LTS, sun.io.unicode.encoding=UnicodeLittle, java.class.version=69.0}
2026-03-26 12:21:31 DEBUG HQL_FUNCTIONS:155 - Available HQL Functions:
	abs(NUMERIC arg)
	Double acos(NUMERIC arg)
	adddate(DATE datetime, INTEGER days)
	addtime(TIME datetime, TIME time)
	Boolean any(BOOLEAN arg)
	Integer ascii(STRING arg)
	Double asin(NUMERIC arg)
	Double atan(NUMERIC arg)
	Double atan2(NUMERIC arg0, NUMERIC arg1)
	avg(arg)
	bit_and(arg)
	Integer bit_length(STRING_OR_CLOB arg)
	bit_or(arg)
	bitand(arg0, arg1)
	bitnot(arg)
	bitor(arg0, arg1)
	bitxor(arg0, arg1)
	cast(arg as Type)
	ceiling(NUMERIC arg)
	Character char(INTEGER arg)
	Integer character_length(STRING_OR_CLOB arg)
	Character chr(INTEGER arg)
	coalesce(arg0[, arg1[, ...]])
	String collate(STRING string as COLLATION collation)
	String concat(STRING string0[, STRING string1[, ...]])
	Double cos(NUMERIC arg)
	Double cosh(NUMERIC arg)
	Double cot(NUMERIC arg)
	Long count([distinct ]{arg|*})
	Integer crc32(arg)
	Double cume_dist([arg0[, ...]])
	Date curdate()
	Date current date
	Date current time
	Date current timestamp
	Date current_date
	Instant current_instant
	Date current_time
	Date current_timestamp
	Date curtime()
	Date date(arg)
	dateadd(TEMPORAL_UNIT field, INTEGER magnitude, TEMPORAL datetime)
	Integer datediff(DATE end, DATE start)
	Integer day(DATE arg)
	String dayname(DATE arg)
	Integer dayofmonth(DATE arg)
	Integer dayofweek(DATE arg)
	Integer dayofyear(DATE arg)
	Double degrees(NUMERIC arg)
	Long dense_rank([arg0[, ...]])
	Boolean every(BOOLEAN arg)
	Double exp(NUMERIC arg)
	extract(TEMPORAL_UNIT field from TEMPORAL arg)
	first_valueANY value
	floor(NUMERIC arg)
	String format(TEMPORAL datetime as STRING pattern)
	greatest(COMPARABLE arg0, COMPARABLE arg1[, arg2[, ...]])
	String hex(arg)
	Integer hour(TIME arg)
	ifnull(arg0, arg1)
	String insert(STRING string, INTEGER start, INTEGER length, STRING replacement)
	Instant instant
	Integer instr(STRING string, STRING pattern[, INTEGER start[, INTEGER occurrence]])
	String json_array([arg0[, ...]])
	String json_array_append(IMPLICIT_JSON arg0, STRING arg1, ANY arg2)
	String json_array_insert(IMPLICIT_JSON arg0, STRING arg1, ANY arg2)
	String json_arrayagg(arg0[, arg1])
	Boolean json_exists(IMPLICIT_JSON arg0, STRING arg1)
	String json_insert(IMPLICIT_JSON arg0, STRING arg1, ANY arg2)
	String json_mergepatch(IMPLICIT_JSON arg0, IMPLICIT_JSON arg1[, arg2[, ...]])
	String json_object( ... )
	String json_objectagg(arg0, arg1[, arg2, arg3])
	String json_query( ... )
	String json_remove(IMPLICIT_JSON arg0, STRING arg1)
	String json_replace(IMPLICIT_JSON arg0, STRING arg1, ANY arg2)
	String json_set(IMPLICIT_JSON arg0, STRING arg1, ANY arg2)
	json_value( ... )
	lagANY value[, INTEGER offset[, ANY default]]
	Date last_day(DATE arg)
	last_valueANY value
	leadANY value[, INTEGER offset[, ANY default]]
	least(COMPARABLE arg0, COMPARABLE arg1[, arg2[, ...]])
	String left(STRING string, INTEGER length)
	Integer length(STRING_OR_CLOB arg)
	String listagg(STRING arg0, STRING arg1)
	Double ln(NUMERIC arg)
	LocalDate local date
	LocalDateTime local datetime
	LocalTime local time
	LocalDate local_date
	LocalDateTime local_datetime
	LocalTime local_time
	Date localtime
	Date localtimestamp
	Integer locate(STRING pattern, STRING string[, INTEGER start])
	Double log(NUMERIC arg0[, NUMERIC arg1])
	Double log10(NUMERIC arg)
	Double log2(NUMERIC arg)
	String lower(STRING string)
	String lpad(string, length[, padding])
	String ltrim(STRING string[, STRING characters])
	Date makedate(INTEGER year, INTEGER dayofyear)
	Date maketime(INTEGER hour, INTEGER min, INTEGER sec)
	max(COMPARABLE arg)
	byte[] md5(arg)
	Integer microsecond(TIME arg)
	min(COMPARABLE arg)
	Integer minute(TIME arg)
	Integer mod(INTEGER arg0, INTEGER arg1)
	Integer month(DATE arg)
	String monthname(DATE arg)
	Date now()
	nth_valueANY value, INTEGER nth
	nullif(arg0, arg1)
	Integer octet_length(STRING_OR_CLOB arg)
	OffsetDateTime offset datetime
	OffsetDateTime offset_datetime
	Integer ordinal(ENUM arg)
	String overlay(STRING string placing STRING replacement from INTEGER start[ for INTEGER length])
	String pad(STRING string with INTEGER length {leading|trailing}[ STRING character])
	Double percent_rank([arg0[, ...]])
	Double pi
	Integer position(STRING pattern in STRING string)
	Double power(NUMERIC arg0, NUMERIC arg1)
	Integer quarter(DATE arg)
	Double radians(NUMERIC arg)
	Double rand([INTEGER seed])
	Long rank([arg0[, ...]])
	Boolean regexp_like(STRING arg0, STRING arg1[, STRING arg2])
	String repeat(STRING string, INTEGER times)
	String replace(STRING string, STRING pattern, STRING replacement)
	String reverse(STRING arg)
	String right(STRING string, INTEGER length)
	round(NUMERIC number[, INTEGER places])
	Long row_number()
	String rpad(string, length[, padding])
	String rtrim(STRING string[, STRING characters])
	Integer second(TIME arg)
	byte[] sha(arg)
	String sha1(arg)
	String sha2(arg0, arg1)
	Integer sign(NUMERIC arg)
	Double sin(NUMERIC arg)
	Double sinh(NUMERIC arg)
	String soundex(arg)
	String space(INTEGER arg)
	sql
	Double sqrt(NUMERIC arg)
	Double stddev(NUMERIC arg)
	Double stddev_pop(NUMERIC arg)
	Double stddev_samp(NUMERIC arg)
	String str(arg)
	String string(ENUM arg)
	subdate(DATE datetime, INTEGER days)
	String substr(STRING string, INTEGER start[, INTEGER length])
	String substring(STRING string{ from|,} INTEGER start[{ for|,} INTEGER length])
	subtime(TIME datetime, TIME time)
	sum(arg)
	Date sysdate()
	Double tan(NUMERIC arg)
	Double tanh(NUMERIC arg)
	String time(arg)
	Date timestamp(arg0[, arg1])
	timestampadd(TEMPORAL_UNIT field, INTEGER magnitude, TEMPORAL datetime)
	Long|Double timestampdiff(TEMPORAL_UNIT field, TEMPORAL start, TEMPORAL end)
	String trim([[{leading|trailing|both} ][STRING arg0 ]from] STRING arg1)
	trunc( ... )
	truncate( ... )
	String upper(STRING string)
	Date utc_date
	Date utc_time
	Date utc_timestamp
	Double var_pop(NUMERIC arg)
	Double var_samp(NUMERIC arg)
	Double variance(NUMERIC arg)
	Integer week(DATE arg)
	Integer year(DATE arg)

2026-03-26 12:21:31 DEBUG core:211 - HHH000513: Unable to create the ReflectionOptimizer for [com.test.Order]: private accessor [o_name]
2026-03-26 12:21:31 DEBUG core:211 - HHH000513: Unable to create the ReflectionOptimizer for [com.test.Customer]: private accessor [c_name]
2026-03-26 12:21:32 INFO  core:53 - HHH000489: No JTA platform available (set 'hibernate.transaction.jta.platform' to enable JTA platform integration)
2026-03-26 12:21:32 DEBUG service:102 - HHH010454: EventListenerRegistry access via ServiceRegistry is deprecated - use 'sessionFactory.getEventEngine().getListenerRegistry()' instead
2026-03-26 12:21:32 DEBUG SQL:126 - 
    alter table cst_ord 
       drop 
       foreign key FKekkp7qrydsgjorw1yn653ehql
2026-03-26 12:21:32 WARN  ExceptionHandlerLoggedImpl:25 - GenerationTarget encountered exception accepting command : Error executing DDL "
    alter table cst_ord 
       drop 
       foreign key FKekkp7qrydsgjorw1yn653ehql" via JDBC [Can't DROP 'FKekkp7qrydsgjorw1yn653ehql'; check that column/key exists]
org.hibernate.tool.schema.spi.CommandAcceptanceException: Error executing DDL "
    alter table cst_ord 
       drop 
       foreign key FKekkp7qrydsgjorw1yn653ehql" via JDBC [Can't DROP 'FKekkp7qrydsgjorw1yn653ehql'; check that column/key exists]
	at org.hibernate.tool.schema.internal.exec.GenerationTargetToDatabase.accept(GenerationTargetToDatabase.java:81) ~[hibernate-core-7.3.0.Final.jar:7.3.0.Final]
	at org.hibernate.tool.schema.internal.Helper.applySqlString(Helper.java:218) [hibernate-core-7.3.0.Final.jar:7.3.0.Final]
	at org.hibernate.tool.schema.internal.Helper.applySqlStrings(Helper.java:204) [hibernate-core-7.3.0.Final.jar:7.3.0.Final]
	at org.hibernate.tool.schema.internal.SchemaDropperImpl.applyConstraintDropping(SchemaDropperImpl.java:473) [hibernate-core-7.3.0.Final.jar:7.3.0.Final]
	at org.hibernate.tool.schema.internal.SchemaDropperImpl.dropConstraintsTablesSequences(SchemaDropperImpl.java:237) [hibernate-core-7.3.0.Final.jar:7.3.0.Final]
	at org.hibernate.tool.schema.internal.SchemaDropperImpl.dropFromMetadata(SchemaDropperImpl.java:210) [hibernate-core-7.3.0.Final.jar:7.3.0.Final]
	at org.hibernate.tool.schema.internal.SchemaDropperImpl.performDrop(SchemaDropperImpl.java:182) [hibernate-core-7.3.0.Final.jar:7.3.0.Final]
	at org.hibernate.tool.schema.internal.SchemaDropperImpl.doDrop(SchemaDropperImpl.java:152) [hibernate-core-7.3.0.Final.jar:7.3.0.Final]
	at org.hibernate.tool.schema.internal.SchemaDropperImpl.doDrop(SchemaDropperImpl.java:112) [hibernate-core-7.3.0.Final.jar:7.3.0.Final]
	at org.hibernate.tool.schema.spi.SchemaManagementToolCoordinator.performDatabaseAction(SchemaManagementToolCoordinator.java:227) [hibernate-core-7.3.0.Final.jar:7.3.0.Final]
	at org.hibernate.tool.schema.spi.SchemaManagementToolCoordinator.lambda$process$1(SchemaManagementToolCoordinator.java:101) [hibernate-core-7.3.0.Final.jar:7.3.0.Final]
	at java.util.HashMap.forEach(HashMap.java:1430) [?:?]
	at org.hibernate.tool.schema.spi.SchemaManagementToolCoordinator.process(SchemaManagementToolCoordinator.java:100) [hibernate-core-7.3.0.Final.jar:7.3.0.Final]
	at org.hibernate.boot.internal.SessionFactoryObserverForSchemaExport.sessionFactoryCreated(SessionFactoryObserverForSchemaExport.java:35) [hibernate-core-7.3.0.Final.jar:7.3.0.Final]
	at org.hibernate.internal.SessionFactoryObserverChain.sessionFactoryCreated(SessionFactoryObserverChain.java:33) [hibernate-core-7.3.0.Final.jar:7.3.0.Final]
	at org.hibernate.internal.SessionFactoryImpl.<init>(SessionFactoryImpl.java:323) [hibernate-core-7.3.0.Final.jar:7.3.0.Final]
	at org.hibernate.internal.SessionFactoryRegistry.instantiateSessionFactory(SessionFactoryRegistry.java:64) [hibernate-core-7.3.0.Final.jar:7.3.0.Final]
	at org.hibernate.boot.internal.SessionFactoryBuilderImpl.build(SessionFactoryBuilderImpl.java:444) [hibernate-core-7.3.0.Final.jar:7.3.0.Final]
	at org.hibernate.cfg.Configuration.buildSessionFactory(Configuration.java:1112) [hibernate-core-7.3.0.Final.jar:7.3.0.Final]
	at org.hibernate.cfg.Configuration.buildSessionFactory(Configuration.java:1131) [hibernate-core-7.3.0.Final.jar:7.3.0.Final]
	at com.test.tsetDemo.main(tsetDemo.java:17) [classes/:?]
Caused by: java.sql.SQLSyntaxErrorException: Can't DROP 'FKekkp7qrydsgjorw1yn653ehql'; check that column/key exists
	at com.mysql.cj.jdbc.exceptions.SQLError.createSQLException(SQLError.java:121) ~[mysql-connector-j-8.0.33.jar:8.0.33]
	at com.mysql.cj.jdbc.exceptions.SQLExceptionsMapping.translateException(SQLExceptionsMapping.java:122) ~[mysql-connector-j-8.0.33.jar:8.0.33]
	at com.mysql.cj.jdbc.StatementImpl.executeInternal(StatementImpl.java:763) ~[mysql-connector-j-8.0.33.jar:8.0.33]
	at com.mysql.cj.jdbc.StatementImpl.execute(StatementImpl.java:648) ~[mysql-connector-j-8.0.33.jar:8.0.33]
	at org.hibernate.tool.schema.internal.exec.GenerationTargetToDatabase.accept(GenerationTargetToDatabase.java:76) ~[hibernate-core-7.3.0.Final.jar:7.3.0.Final]
	... 20 more
2026-03-26 12:21:32 DEBUG SQL:126 - 
    alter table cst_ord 
       drop 
       foreign key FKhsgw231v7x0rsmbtsd1s256ls
2026-03-26 12:21:32 DEBUG SQL:126 - 
    drop table if exists cst_ord
2026-03-26 12:21:32 DEBUG SQL:126 - 
    drop table if exists customers
2026-03-26 12:21:32 DEBUG SQL:126 - 
    drop table if exists customers_SEQ
2026-03-26 12:21:33 DEBUG SQL:126 - 
    drop table if exists orders
2026-03-26 12:21:33 WARN  ExceptionHandlerLoggedImpl:25 - GenerationTarget encountered exception accepting command : Error executing DDL "
    drop table if exists orders" via JDBC [Cannot drop table 'orders' referenced by a foreign key constraint 'FK58xnkgk61cy6831pe9wpe6l8q' on table 'users_orders'.]
org.hibernate.tool.schema.spi.CommandAcceptanceException: Error executing DDL "
    drop table if exists orders" via JDBC [Cannot drop table 'orders' referenced by a foreign key constraint 'FK58xnkgk61cy6831pe9wpe6l8q' on table 'users_orders'.]
	at org.hibernate.tool.schema.internal.exec.GenerationTargetToDatabase.accept(GenerationTargetToDatabase.java:81) ~[hibernate-core-7.3.0.Final.jar:7.3.0.Final]
	at org.hibernate.tool.schema.internal.Helper.applySqlString(Helper.java:218) [hibernate-core-7.3.0.Final.jar:7.3.0.Final]
	at org.hibernate.tool.schema.internal.Helper.applySqlStrings(Helper.java:204) [hibernate-core-7.3.0.Final.jar:7.3.0.Final]
	at org.hibernate.tool.schema.internal.SchemaDropperImpl.dropTables(SchemaDropperImpl.java:376) [hibernate-core-7.3.0.Final.jar:7.3.0.Final]
	at org.hibernate.tool.schema.internal.SchemaDropperImpl.dropConstraintsTablesSequences(SchemaDropperImpl.java:248) [hibernate-core-7.3.0.Final.jar:7.3.0.Final]
	at org.hibernate.tool.schema.internal.SchemaDropperImpl.dropFromMetadata(SchemaDropperImpl.java:210) [hibernate-core-7.3.0.Final.jar:7.3.0.Final]
	at org.hibernate.tool.schema.internal.SchemaDropperImpl.performDrop(SchemaDropperImpl.java:182) [hibernate-core-7.3.0.Final.jar:7.3.0.Final]
	at org.hibernate.tool.schema.internal.SchemaDropperImpl.doDrop(SchemaDropperImpl.java:152) [hibernate-core-7.3.0.Final.jar:7.3.0.Final]
	at org.hibernate.tool.schema.internal.SchemaDropperImpl.doDrop(SchemaDropperImpl.java:112) [hibernate-core-7.3.0.Final.jar:7.3.0.Final]
	at org.hibernate.tool.schema.spi.SchemaManagementToolCoordinator.performDatabaseAction(SchemaManagementToolCoordinator.java:227) [hibernate-core-7.3.0.Final.jar:7.3.0.Final]
	at org.hibernate.tool.schema.spi.SchemaManagementToolCoordinator.lambda$process$1(SchemaManagementToolCoordinator.java:101) [hibernate-core-7.3.0.Final.jar:7.3.0.Final]
	at java.util.HashMap.forEach(HashMap.java:1430) [?:?]
	at org.hibernate.tool.schema.spi.SchemaManagementToolCoordinator.process(SchemaManagementToolCoordinator.java:100) [hibernate-core-7.3.0.Final.jar:7.3.0.Final]
	at org.hibernate.boot.internal.SessionFactoryObserverForSchemaExport.sessionFactoryCreated(SessionFactoryObserverForSchemaExport.java:35) [hibernate-core-7.3.0.Final.jar:7.3.0.Final]
	at org.hibernate.internal.SessionFactoryObserverChain.sessionFactoryCreated(SessionFactoryObserverChain.java:33) [hibernate-core-7.3.0.Final.jar:7.3.0.Final]
	at org.hibernate.internal.SessionFactoryImpl.<init>(SessionFactoryImpl.java:323) [hibernate-core-7.3.0.Final.jar:7.3.0.Final]
	at org.hibernate.internal.SessionFactoryRegistry.instantiateSessionFactory(SessionFactoryRegistry.java:64) [hibernate-core-7.3.0.Final.jar:7.3.0.Final]
	at org.hibernate.boot.internal.SessionFactoryBuilderImpl.build(SessionFactoryBuilderImpl.java:444) [hibernate-core-7.3.0.Final.jar:7.3.0.Final]
	at org.hibernate.cfg.Configuration.buildSessionFactory(Configuration.java:1112) [hibernate-core-7.3.0.Final.jar:7.3.0.Final]
	at org.hibernate.cfg.Configuration.buildSessionFactory(Configuration.java:1131) [hibernate-core-7.3.0.Final.jar:7.3.0.Final]
	at com.test.tsetDemo.main(tsetDemo.java:17) [classes/:?]
Caused by: java.sql.SQLException: Cannot drop table 'orders' referenced by a foreign key constraint 'FK58xnkgk61cy6831pe9wpe6l8q' on table 'users_orders'.
	at com.mysql.cj.jdbc.exceptions.SQLError.createSQLException(SQLError.java:130) ~[mysql-connector-j-8.0.33.jar:8.0.33]
	at com.mysql.cj.jdbc.exceptions.SQLExceptionsMapping.translateException(SQLExceptionsMapping.java:122) ~[mysql-connector-j-8.0.33.jar:8.0.33]
	at com.mysql.cj.jdbc.StatementImpl.executeInternal(StatementImpl.java:763) ~[mysql-connector-j-8.0.33.jar:8.0.33]
	at com.mysql.cj.jdbc.StatementImpl.execute(StatementImpl.java:648) ~[mysql-connector-j-8.0.33.jar:8.0.33]
	at org.hibernate.tool.schema.internal.exec.GenerationTargetToDatabase.accept(GenerationTargetToDatabase.java:76) ~[hibernate-core-7.3.0.Final.jar:7.3.0.Final]
	... 20 more
2026-03-26 12:21:33 DEBUG SQL:126 - 
    drop table if exists orders_SEQ
2026-03-26 12:21:34 DEBUG SQL:126 - 
    create table cst_ord (
        c_id integer not null,
        o_id integer not null
    ) engine=InnoDB
2026-03-26 12:21:34 DEBUG SQL:126 - 
    create table customers (
        id integer not null,
        c_name varchar(255),
        primary key (id)
    ) engine=InnoDB
2026-03-26 12:21:35 DEBUG SQL:126 - 
    create table customers_SEQ (
        next_val bigint
    ) engine=InnoDB
2026-03-26 12:21:35 DEBUG SQL:126 - 
    insert into customers_SEQ ( next_val ) values ( 1 )
2026-03-26 12:21:35 DEBUG SQL:126 - 
    create table orders (
        id integer not null,
        o_price integer not null,
        o_name varchar(255),
        primary key (id)
    ) engine=InnoDB
2026-03-26 12:21:35 WARN  ExceptionHandlerLoggedImpl:25 - GenerationTarget encountered exception accepting command : Error executing DDL "
    create table orders (
        id integer not null,
        o_price integer not null,
        o_name varchar(255),
        primary key (id)
    ) engine=InnoDB" via JDBC [Table 'orders' already exists]
org.hibernate.tool.schema.spi.CommandAcceptanceException: Error executing DDL "
    create table orders (
        id integer not null,
        o_price integer not null,
        o_name varchar(255),
        primary key (id)
    ) engine=InnoDB" via JDBC [Table 'orders' already exists]
	at org.hibernate.tool.schema.internal.exec.GenerationTargetToDatabase.accept(GenerationTargetToDatabase.java:81) ~[hibernate-core-7.3.0.Final.jar:7.3.0.Final]
	at org.hibernate.tool.schema.internal.Helper.applySqlString(Helper.java:218) [hibernate-core-7.3.0.Final.jar:7.3.0.Final]
	at org.hibernate.tool.schema.internal.Helper.applySqlStrings(Helper.java:204) [hibernate-core-7.3.0.Final.jar:7.3.0.Final]
	at org.hibernate.tool.schema.internal.SchemaCreatorImpl.createTables(SchemaCreatorImpl.java:404) [hibernate-core-7.3.0.Final.jar:7.3.0.Final]
	at org.hibernate.tool.schema.internal.SchemaCreatorImpl.createSequencesTablesConstraints(SchemaCreatorImpl.java:320) [hibernate-core-7.3.0.Final.jar:7.3.0.Final]
	at org.hibernate.tool.schema.internal.SchemaCreatorImpl.createFromMetadata(SchemaCreatorImpl.java:215) [hibernate-core-7.3.0.Final.jar:7.3.0.Final]
	at org.hibernate.tool.schema.internal.SchemaCreatorImpl.performCreation(SchemaCreatorImpl.java:151) [hibernate-core-7.3.0.Final.jar:7.3.0.Final]
	at org.hibernate.tool.schema.internal.SchemaCreatorImpl.doCreation(SchemaCreatorImpl.java:121) [hibernate-core-7.3.0.Final.jar:7.3.0.Final]
	at org.hibernate.tool.schema.internal.SchemaCreatorImpl.doCreation(SchemaCreatorImpl.java:97) [hibernate-core-7.3.0.Final.jar:7.3.0.Final]
	at org.hibernate.tool.schema.spi.SchemaManagementToolCoordinator.performDatabaseAction(SchemaManagementToolCoordinator.java:239) [hibernate-core-7.3.0.Final.jar:7.3.0.Final]
	at org.hibernate.tool.schema.spi.SchemaManagementToolCoordinator.lambda$process$1(SchemaManagementToolCoordinator.java:101) [hibernate-core-7.3.0.Final.jar:7.3.0.Final]
	at java.util.HashMap.forEach(HashMap.java:1430) [?:?]
	at org.hibernate.tool.schema.spi.SchemaManagementToolCoordinator.process(SchemaManagementToolCoordinator.java:100) [hibernate-core-7.3.0.Final.jar:7.3.0.Final]
	at org.hibernate.boot.internal.SessionFactoryObserverForSchemaExport.sessionFactoryCreated(SessionFactoryObserverForSchemaExport.java:35) [hibernate-core-7.3.0.Final.jar:7.3.0.Final]
	at org.hibernate.internal.SessionFactoryObserverChain.sessionFactoryCreated(SessionFactoryObserverChain.java:33) [hibernate-core-7.3.0.Final.jar:7.3.0.Final]
	at org.hibernate.internal.SessionFactoryImpl.<init>(SessionFactoryImpl.java:323) [hibernate-core-7.3.0.Final.jar:7.3.0.Final]
	at org.hibernate.internal.SessionFactoryRegistry.instantiateSessionFactory(SessionFactoryRegistry.java:64) [hibernate-core-7.3.0.Final.jar:7.3.0.Final]
	at org.hibernate.boot.internal.SessionFactoryBuilderImpl.build(SessionFactoryBuilderImpl.java:444) [hibernate-core-7.3.0.Final.jar:7.3.0.Final]
	at org.hibernate.cfg.Configuration.buildSessionFactory(Configuration.java:1112) [hibernate-core-7.3.0.Final.jar:7.3.0.Final]
	at org.hibernate.cfg.Configuration.buildSessionFactory(Configuration.java:1131) [hibernate-core-7.3.0.Final.jar:7.3.0.Final]
	at com.test.tsetDemo.main(tsetDemo.java:17) [classes/:?]
Caused by: java.sql.SQLSyntaxErrorException: Table 'orders' already exists
	at com.mysql.cj.jdbc.exceptions.SQLError.createSQLException(SQLError.java:121) ~[mysql-connector-j-8.0.33.jar:8.0.33]
	at com.mysql.cj.jdbc.exceptions.SQLExceptionsMapping.translateException(SQLExceptionsMapping.java:122) ~[mysql-connector-j-8.0.33.jar:8.0.33]
	at com.mysql.cj.jdbc.StatementImpl.executeInternal(StatementImpl.java:763) ~[mysql-connector-j-8.0.33.jar:8.0.33]
	at com.mysql.cj.jdbc.StatementImpl.execute(StatementImpl.java:648) ~[mysql-connector-j-8.0.33.jar:8.0.33]
	at org.hibernate.tool.schema.internal.exec.GenerationTargetToDatabase.accept(GenerationTargetToDatabase.java:76) ~[hibernate-core-7.3.0.Final.jar:7.3.0.Final]
	... 20 more
2026-03-26 12:21:35 DEBUG SQL:126 - 
    create table orders_SEQ (
        next_val bigint
    ) engine=InnoDB
2026-03-26 12:21:36 DEBUG SQL:126 - 
    insert into orders_SEQ ( next_val ) values ( 1 )
2026-03-26 12:21:36 DEBUG SQL:126 - 
    alter table cst_ord 
       add constraint FKekkp7qrydsgjorw1yn653ehql 
       foreign key (o_id) 
       references orders (id)
2026-03-26 12:21:36 WARN  ExceptionHandlerLoggedImpl:25 - GenerationTarget encountered exception accepting command : Error executing DDL "
    alter table cst_ord 
       add constraint FKekkp7qrydsgjorw1yn653ehql 
       foreign key (o_id) 
       references orders (id)" via JDBC [Failed to add the foreign key constraint. Missing column 'id' for constraint 'FKekkp7qrydsgjorw1yn653ehql' in the referenced table 'orders']
org.hibernate.tool.schema.spi.CommandAcceptanceException: Error executing DDL "
    alter table cst_ord 
       add constraint FKekkp7qrydsgjorw1yn653ehql 
       foreign key (o_id) 
       references orders (id)" via JDBC [Failed to add the foreign key constraint. Missing column 'id' for constraint 'FKekkp7qrydsgjorw1yn653ehql' in the referenced table 'orders']
	at org.hibernate.tool.schema.internal.exec.GenerationTargetToDatabase.accept(GenerationTargetToDatabase.java:81) ~[hibernate-core-7.3.0.Final.jar:7.3.0.Final]
	at org.hibernate.tool.schema.internal.Helper.applySqlString(Helper.java:218) [hibernate-core-7.3.0.Final.jar:7.3.0.Final]
	at org.hibernate.tool.schema.internal.Helper.applySqlStrings(Helper.java:204) [hibernate-core-7.3.0.Final.jar:7.3.0.Final]
	at org.hibernate.tool.schema.internal.SchemaCreatorImpl.createForeignKeys(SchemaCreatorImpl.java:281) [hibernate-core-7.3.0.Final.jar:7.3.0.Final]
	at org.hibernate.tool.schema.internal.SchemaCreatorImpl.createFromMetadata(SchemaCreatorImpl.java:227) [hibernate-core-7.3.0.Final.jar:7.3.0.Final]
	at org.hibernate.tool.schema.internal.SchemaCreatorImpl.performCreation(SchemaCreatorImpl.java:151) [hibernate-core-7.3.0.Final.jar:7.3.0.Final]
	at org.hibernate.tool.schema.internal.SchemaCreatorImpl.doCreation(SchemaCreatorImpl.java:121) [hibernate-core-7.3.0.Final.jar:7.3.0.Final]
	at org.hibernate.tool.schema.internal.SchemaCreatorImpl.doCreation(SchemaCreatorImpl.java:97) [hibernate-core-7.3.0.Final.jar:7.3.0.Final]
	at org.hibernate.tool.schema.spi.SchemaManagementToolCoordinator.performDatabaseAction(SchemaManagementToolCoordinator.java:239) [hibernate-core-7.3.0.Final.jar:7.3.0.Final]
	at org.hibernate.tool.schema.spi.SchemaManagementToolCoordinator.lambda$process$1(SchemaManagementToolCoordinator.java:101) [hibernate-core-7.3.0.Final.jar:7.3.0.Final]
	at java.util.HashMap.forEach(HashMap.java:1430) [?:?]
	at org.hibernate.tool.schema.spi.SchemaManagementToolCoordinator.process(SchemaManagementToolCoordinator.java:100) [hibernate-core-7.3.0.Final.jar:7.3.0.Final]
	at org.hibernate.boot.internal.SessionFactoryObserverForSchemaExport.sessionFactoryCreated(SessionFactoryObserverForSchemaExport.java:35) [hibernate-core-7.3.0.Final.jar:7.3.0.Final]
	at org.hibernate.internal.SessionFactoryObserverChain.sessionFactoryCreated(SessionFactoryObserverChain.java:33) [hibernate-core-7.3.0.Final.jar:7.3.0.Final]
	at org.hibernate.internal.SessionFactoryImpl.<init>(SessionFactoryImpl.java:323) [hibernate-core-7.3.0.Final.jar:7.3.0.Final]
	at org.hibernate.internal.SessionFactoryRegistry.instantiateSessionFactory(SessionFactoryRegistry.java:64) [hibernate-core-7.3.0.Final.jar:7.3.0.Final]
	at org.hibernate.boot.internal.SessionFactoryBuilderImpl.build(SessionFactoryBuilderImpl.java:444) [hibernate-core-7.3.0.Final.jar:7.3.0.Final]
	at org.hibernate.cfg.Configuration.buildSessionFactory(Configuration.java:1112) [hibernate-core-7.3.0.Final.jar:7.3.0.Final]
	at org.hibernate.cfg.Configuration.buildSessionFactory(Configuration.java:1131) [hibernate-core-7.3.0.Final.jar:7.3.0.Final]
	at com.test.tsetDemo.main(tsetDemo.java:17) [classes/:?]
Caused by: java.sql.SQLException: Failed to add the foreign key constraint. Missing column 'id' for constraint 'FKekkp7qrydsgjorw1yn653ehql' in the referenced table 'orders'
	at com.mysql.cj.jdbc.exceptions.SQLError.createSQLException(SQLError.java:130) ~[mysql-connector-j-8.0.33.jar:8.0.33]
	at com.mysql.cj.jdbc.exceptions.SQLExceptionsMapping.translateException(SQLExceptionsMapping.java:122) ~[mysql-connector-j-8.0.33.jar:8.0.33]
	at com.mysql.cj.jdbc.StatementImpl.executeInternal(StatementImpl.java:763) ~[mysql-connector-j-8.0.33.jar:8.0.33]
	at com.mysql.cj.jdbc.StatementImpl.execute(StatementImpl.java:648) ~[mysql-connector-j-8.0.33.jar:8.0.33]
	at org.hibernate.tool.schema.internal.exec.GenerationTargetToDatabase.accept(GenerationTargetToDatabase.java:76) ~[hibernate-core-7.3.0.Final.jar:7.3.0.Final]
	... 19 more
2026-03-26 12:21:36 DEBUG SQL:126 - 
    alter table cst_ord 
       add constraint FKhsgw231v7x0rsmbtsd1s256ls 
       foreign key (c_id) 
       references customers (id)
2026-03-26 12:21:37 DEBUG factoryRegistry:86 - HHH020384: Registering SessionFactory [1d39e8b2-74a8-4707-9490-d399c81a4fb6] (<unnamed>)
2026-03-26 12:21:37 DEBUG core:151 - HHH006588: Opening session [tenant=null]
2026-03-26 12:21:37 DEBUG core:74 - HHH006583: Beginning transaction
2026-03-26 12:22:21 DEBUG service:41 - HHH010455: Adding integrator: org.hibernate.boot.beanvalidation.BeanValidationIntegrator
2026-03-26 12:22:21 DEBUG service:41 - HHH010455: Adding integrator: org.hibernate.cache.internal.CollectionCacheInvalidator
2026-03-26 12:22:21 INFO  core:41 - HHH000001: Hibernate ORM core version 7.3.0.Final
2026-03-26 12:22:21 DEBUG core:155 - HHH000206: 'hibernate.properties' not found
2026-03-26 12:22:21 DEBUG boot:97 - HHH160204: cfg.xml document did not define namespaces; wrapping in custom event reader to introduce namespace information
2026-03-26 12:22:22 DEBUG cache:116 - HHH90001031: Cannot default RegionFactory since no RegionFactory strategies were registered
2026-03-26 12:22:22 DEBUG cache:46 - HHH90001029: Second-level cache disabled
2026-03-26 12:22:22 WARN  pooling:86 - HHH10001002: Using built-in connection pool (not intended for production use)
2026-03-26 12:22:22 DEBUG pooling:34 - HHH10001014: Initializing connection pool with 1 connections
2026-03-26 12:22:22 DEBUG jdbc:457 - HHH100017: Database:
	name: MySQL
	version: 8.0.42
	major: 8
	minor: 0
2026-03-26 12:22:22 DEBUG jdbc:463 - HHH100018: Driver:
	name: MySQL Connector/J
	version: mysql-connector-j-8.0.33 (Revision: 7d6b0800528b6b25c68b52dc10d6c1c8429c100c)
	major: 8
	minor: 0
	JDBC version: 4.2
2026-03-26 12:22:22 WARN  deprecation:152 - HHH90000025: MySQLDialect does not need to be specified explicitly using 'hibernate.dialect' (remove the property setting and it will be selected by default)
2026-03-26 12:22:22 DEBUG dialect:93 - HHH035001: Using dialect: org.hibernate.dialect.MySQLDialect, version: 8.0.42
2026-03-26 12:22:22 DEBUG IdentifierHelperBuilder:205 - IdentifierCaseStrategy for both quoted and unquoted identifiers was set to the same strategy [LOWER]; that will likely lead to problems in schema update and validation if using quoted identifiers
2026-03-26 12:22:22 DEBUG jdbc:379 - HHH100122: Using default JDBC fetch size: 0
2026-03-26 12:22:22 INFO  pooling:179 - HHH10001005: Database info:
	Database JDBC URL [jdbc:mysql://localhost:3306/mlamarch2]
	Database driver: MySQL Connector/J
	Database dialect: MySQLDialect
	Database version: 8.0.42
	Default catalog/schema: mlamarch2/undefined
	Autocommit mode: false
	Isolation level: REPEATABLE_READ
	JDBC fetch size: none
	Pool: DriverManagerConnectionProvider
	Minimum pool size: 1
	Maximum pool size: 20
2026-03-26 12:22:23 DEBUG factory:230 - HHH90020001: Instantiating factory [51b0634c-3967-496c-9369-5752316b6c2e] with settings: {hibernate.format_sql=true, java.specification.version=25, sun.cpu.isalist=amd64, sun.jnu.encoding=Cp1252, hibernate.dialect=org.hibernate.dialect.MySQLDialect, java.class.path=C:\Users\ar.likith\Desktop\sts\HibernateMappingExp3\target\classes;C:\Users\ar.likith\.m2\repository\com\mysql\mysql-connector-j\8.0.33\mysql-connector-j-8.0.33.jar;C:\Users\ar.likith\.m2\repository\com\google\protobuf\protobuf-java\3.21.9\protobuf-java-3.21.9.jar;C:\Users\ar.likith\.m2\repository\org\hibernate\orm\hibernate-core\7.3.0.Final\hibernate-core-7.3.0.Final.jar;C:\Users\ar.likith\.m2\repository\jakarta\persistence\jakarta.persistence-api\3.2.0\jakarta.persistence-api-3.2.0.jar;C:\Users\ar.likith\.m2\repository\jakarta\transaction\jakarta.transaction-api\2.0.1\jakarta.transaction-api-2.0.1.jar;C:\Users\ar.likith\.m2\repository\org\jboss\logging\jboss-logging\3.6.1.Final\jboss-logging-3.6.1.Final.jar;C:\Users\ar.likith\.m2\repository\org\hibernate\models\hibernate-models\1.1.0\hibernate-models-1.1.0.jar;C:\Users\ar.likith\.m2\repository\net\bytebuddy\byte-buddy\1.18.7\byte-buddy-1.18.7.jar;C:\Users\ar.likith\.m2\repository\jakarta\xml\bind\jakarta.xml.bind-api\4.0.4\jakarta.xml.bind-api-4.0.4.jar;C:\Users\ar.likith\.m2\repository\jakarta\activation\jakarta.activation-api\2.1.4\jakarta.activation-api-2.1.4.jar;C:\Users\ar.likith\.m2\repository\org\glassfish\jaxb\jaxb-runtime\4.0.6\jaxb-runtime-4.0.6.jar;C:\Users\ar.likith\.m2\repository\org\glassfish\jaxb\jaxb-core\4.0.6\jaxb-core-4.0.6.jar;C:\Users\ar.likith\.m2\repository\org\eclipse\angus\angus-activation\2.0.3\angus-activation-2.0.3.jar;C:\Users\ar.likith\.m2\repository\org\glassfish\jaxb\txw2\4.0.6\txw2-4.0.6.jar;C:\Users\ar.likith\.m2\repository\com\sun\istack\istack-commons-runtime\4.1.2\istack-commons-runtime-4.1.2.jar;C:\Users\ar.likith\.m2\repository\jakarta\inject\jakarta.inject-api\2.0.1\jakarta.inject-api-2.0.1.jar;C:\Users\ar.likith\.m2\repository\org\antlr\antlr4-runtime\4.13.2\antlr4-runtime-4.13.2.jar;C:\Users\ar.likith\.m2\repository\org\apache\logging\log4j\log4j-core\2.17.1\log4j-core-2.17.1.jar;C:\Users\ar.likith\.m2\repository\org\apache\logging\log4j\log4j-api\2.17.1\log4j-api-2.17.1.jar;C:\Users\ar.likith\.m2\repository\org\apache\logging\log4j\log4j-slf4j-impl\2.17.1\log4j-slf4j-impl-2.17.1.jar;C:\Users\ar.likith\.m2\repository\org\slf4j\slf4j-api\1.7.25\slf4j-api-1.7.25.jar, java.vm.vendor=Eclipse Adoptium, sun.arch.data.model=64, hbm2ddl.auto=create, user.variant=, java.vendor.url=https://adoptium.net/, user.timezone=Asia/Calcutta, java.vm.specification.version=25, os.name=Windows 11, sun.java.launcher=SUN_STANDARD, user.country=US, sun.boot.library.path=C:\Users\ar.likith\Downloads\sts-5.1.1.RELEASE\plugins\org.eclipse.justj.openjdk.hotspot.jre.full.win32.x86_64_25.0.2.v20260203-1141\jre\bin, sun.java.command=com.test.TestDemo, jdk.debug=release, sun.cpu.endian=little, user.home=C:\Users\ar.likith, user.language=en, java.specification.vendor=Oracle Corporation, java.version.date=2026-01-20, java.home=C:\Users\ar.likith\Downloads\sts-5.1.1.RELEASE\plugins\org.eclipse.justj.openjdk.hotspot.jre.full.win32.x86_64_25.0.2.v20260203-1141\jre, file.separator=\, java.vm.compressedOopsMode=Zero based, line.separator=
, java.vm.specification.vendor=Oracle Corporation, java.specification.name=Java Platform API Specification, hibernate.hbm2ddl.auto=create, user.script=, sun.management.compiler=HotSpot 64-Bit Tiered Compilers, java.runtime.version=25.0.2+10-LTS, user.name=ar.likith, stdout.encoding=UTF-8, path.separator=;, hibernate.connection.username=****, os.version=10.0, java.runtime.name=OpenJDK Runtime Environment, hibernate.connection.url=jdbc:mysql://localhost:3306/mlamarch2, file.encoding=UTF-8, format_sql=true, java.vm.name=OpenJDK 64-Bit Server VM, hibernate.show_sql=true, java.vendor.version=Temurin-25.0.2+10, show_sql=true, hibernate.connection.driver_class=com.mysql.cj.jdbc.Driver, java.vendor.url.bug=https://github.com/adoptium/adoptium-support/issues, java.io.tmpdir=C:\Users\ARBCDF~1.LIK\AppData\Local\Temp\, java.version=25.0.2, user.dir=C:\Users\ar.likith\Desktop\sts\HibernateMappingExp3, os.arch=amd64, java.vm.specification.name=Java Virtual Machine Specification, hibernate.connection.password=****, sun.os.patch.level=, hibernate.boot.CfgXmlAccessService.key=org.hibernate.boot.cfgxml.spi.LoadedConfig@4b88ca8e, native.encoding=Cp1252, java.library.path=C:\Users\ar.likith\Downloads\sts-5.1.1.RELEASE\plugins\org.eclipse.justj.openjdk.hotspot.jre.full.win32.x86_64_25.0.2.v20260203-1141\jre\bin;C:\WINDOWS\Sun\Java\bin;C:\WINDOWS\system32;C:\WINDOWS;C:/Users/ar.likith/Downloads/sts-5.1.1.RELEASE//plugins/org.eclipse.justj.openjdk.hotspot.jre.full.win32.x86_64_25.0.2.v20260203-1141/jre/bin/server;C:/Users/ar.likith/Downloads/sts-5.1.1.RELEASE//plugins/org.eclipse.justj.openjdk.hotspot.jre.full.win32.x86_64_25.0.2.v20260203-1141/jre/bin;C:\Program Files\Microsoft\jdk-11.0.23.9-hotspot\bin;C:\Program Files\Microsoft\jdk-17.0.15.6-hotspot\bin;C:\Program Files\Python313\Scripts\;C:\Program Files\Python313\;%SystemRoot%\system32;%SystemRoot%;%SystemRoot%\System32\Wbem;%SYSTEMROOT%\System32\WindowsPowerShell\v1.0\;%SYSTEMROOT%\System32\OpenSSH\;C:\Program Files (x86)\Microsoft SQL Server\160\Tools\Binn\;C:\Program Files\Microsoft SQL Server\160\Tools\Binn\;C:\Program Files\Microsoft SQL Server\Client SDK\ODBC\170\Tools\Binn\;C:\Program Files\Microsoft SQL Server\160\DTS\Binn\;C:\Program Files\dotnet\;C:\Program Files\Microsoft VS Code\bin;C:\Program Files\Git\cmd;C:\Program Files\apache-maven-3.9.10\bin;C:\Program Files\nodejs\;C:\Program Files\PuTTY\;C:\Program Files (x86)\Microsoft SQL Server\160\DTS\Binn\;C:\Program Files\apache-maven-3.9.10\bin;C:\Program Files\apache-maven-3.9.10\bin;C:\Program Files\apache-maven-3.9.10\bin;C:\Program Files\apache-maven-3.9.10\bin;C:\Program Files\apache-maven-3.9.10\bin;C:\Users\ar.likith\AppData\Local\Microsoft\WindowsApps;;C:\Users\ar.likith\Downloads\sts-5.1.1.RELEASE;;., stderr.encoding=UTF-8, java.vendor=Eclipse Adoptium, java.vm.info=mixed mode, sharing, stdin.encoding=Cp1252, java.vm.version=25.0.2+10-LTS, sun.io.unicode.encoding=UnicodeLittle, java.class.version=69.0}
2026-03-26 12:22:23 DEBUG HQL_FUNCTIONS:155 - Available HQL Functions:
	abs(NUMERIC arg)
	Double acos(NUMERIC arg)
	adddate(DATE datetime, INTEGER days)
	addtime(TIME datetime, TIME time)
	Boolean any(BOOLEAN arg)
	Integer ascii(STRING arg)
	Double asin(NUMERIC arg)
	Double atan(NUMERIC arg)
	Double atan2(NUMERIC arg0, NUMERIC arg1)
	avg(arg)
	bit_and(arg)
	Integer bit_length(STRING_OR_CLOB arg)
	bit_or(arg)
	bitand(arg0, arg1)
	bitnot(arg)
	bitor(arg0, arg1)
	bitxor(arg0, arg1)
	cast(arg as Type)
	ceiling(NUMERIC arg)
	Character char(INTEGER arg)
	Integer character_length(STRING_OR_CLOB arg)
	Character chr(INTEGER arg)
	coalesce(arg0[, arg1[, ...]])
	String collate(STRING string as COLLATION collation)
	String concat(STRING string0[, STRING string1[, ...]])
	Double cos(NUMERIC arg)
	Double cosh(NUMERIC arg)
	Double cot(NUMERIC arg)
	Long count([distinct ]{arg|*})
	Integer crc32(arg)
	Double cume_dist([arg0[, ...]])
	Date curdate()
	Date current date
	Date current time
	Date current timestamp
	Date current_date
	Instant current_instant
	Date current_time
	Date current_timestamp
	Date curtime()
	Date date(arg)
	dateadd(TEMPORAL_UNIT field, INTEGER magnitude, TEMPORAL datetime)
	Integer datediff(DATE end, DATE start)
	Integer day(DATE arg)
	String dayname(DATE arg)
	Integer dayofmonth(DATE arg)
	Integer dayofweek(DATE arg)
	Integer dayofyear(DATE arg)
	Double degrees(NUMERIC arg)
	Long dense_rank([arg0[, ...]])
	Boolean every(BOOLEAN arg)
	Double exp(NUMERIC arg)
	extract(TEMPORAL_UNIT field from TEMPORAL arg)
	first_valueANY value
	floor(NUMERIC arg)
	String format(TEMPORAL datetime as STRING pattern)
	greatest(COMPARABLE arg0, COMPARABLE arg1[, arg2[, ...]])
	String hex(arg)
	Integer hour(TIME arg)
	ifnull(arg0, arg1)
	String insert(STRING string, INTEGER start, INTEGER length, STRING replacement)
	Instant instant
	Integer instr(STRING string, STRING pattern[, INTEGER start[, INTEGER occurrence]])
	String json_array([arg0[, ...]])
	String json_array_append(IMPLICIT_JSON arg0, STRING arg1, ANY arg2)
	String json_array_insert(IMPLICIT_JSON arg0, STRING arg1, ANY arg2)
	String json_arrayagg(arg0[, arg1])
	Boolean json_exists(IMPLICIT_JSON arg0, STRING arg1)
	String json_insert(IMPLICIT_JSON arg0, STRING arg1, ANY arg2)
	String json_mergepatch(IMPLICIT_JSON arg0, IMPLICIT_JSON arg1[, arg2[, ...]])
	String json_object( ... )
	String json_objectagg(arg0, arg1[, arg2, arg3])
	String json_query( ... )
	String json_remove(IMPLICIT_JSON arg0, STRING arg1)
	String json_replace(IMPLICIT_JSON arg0, STRING arg1, ANY arg2)
	String json_set(IMPLICIT_JSON arg0, STRING arg1, ANY arg2)
	json_value( ... )
	lagANY value[, INTEGER offset[, ANY default]]
	Date last_day(DATE arg)
	last_valueANY value
	leadANY value[, INTEGER offset[, ANY default]]
	least(COMPARABLE arg0, COMPARABLE arg1[, arg2[, ...]])
	String left(STRING string, INTEGER length)
	Integer length(STRING_OR_CLOB arg)
	String listagg(STRING arg0, STRING arg1)
	Double ln(NUMERIC arg)
	LocalDate local date
	LocalDateTime local datetime
	LocalTime local time
	LocalDate local_date
	LocalDateTime local_datetime
	LocalTime local_time
	Date localtime
	Date localtimestamp
	Integer locate(STRING pattern, STRING string[, INTEGER start])
	Double log(NUMERIC arg0[, NUMERIC arg1])
	Double log10(NUMERIC arg)
	Double log2(NUMERIC arg)
	String lower(STRING string)
	String lpad(string, length[, padding])
	String ltrim(STRING string[, STRING characters])
	Date makedate(INTEGER year, INTEGER dayofyear)
	Date maketime(INTEGER hour, INTEGER min, INTEGER sec)
	max(COMPARABLE arg)
	byte[] md5(arg)
	Integer microsecond(TIME arg)
	min(COMPARABLE arg)
	Integer minute(TIME arg)
	Integer mod(INTEGER arg0, INTEGER arg1)
	Integer month(DATE arg)
	String monthname(DATE arg)
	Date now()
	nth_valueANY value, INTEGER nth
	nullif(arg0, arg1)
	Integer octet_length(STRING_OR_CLOB arg)
	OffsetDateTime offset datetime
	OffsetDateTime offset_datetime
	Integer ordinal(ENUM arg)
	String overlay(STRING string placing STRING replacement from INTEGER start[ for INTEGER length])
	String pad(STRING string with INTEGER length {leading|trailing}[ STRING character])
	Double percent_rank([arg0[, ...]])
	Double pi
	Integer position(STRING pattern in STRING string)
	Double power(NUMERIC arg0, NUMERIC arg1)
	Integer quarter(DATE arg)
	Double radians(NUMERIC arg)
	Double rand([INTEGER seed])
	Long rank([arg0[, ...]])
	Boolean regexp_like(STRING arg0, STRING arg1[, STRING arg2])
	String repeat(STRING string, INTEGER times)
	String replace(STRING string, STRING pattern, STRING replacement)
	String reverse(STRING arg)
	String right(STRING string, INTEGER length)
	round(NUMERIC number[, INTEGER places])
	Long row_number()
	String rpad(string, length[, padding])
	String rtrim(STRING string[, STRING characters])
	Integer second(TIME arg)
	byte[] sha(arg)
	String sha1(arg)
	String sha2(arg0, arg1)
	Integer sign(NUMERIC arg)
	Double sin(NUMERIC arg)
	Double sinh(NUMERIC arg)
	String soundex(arg)
	String space(INTEGER arg)
	sql
	Double sqrt(NUMERIC arg)
	Double stddev(NUMERIC arg)
	Double stddev_pop(NUMERIC arg)
	Double stddev_samp(NUMERIC arg)
	String str(arg)
	String string(ENUM arg)
	subdate(DATE datetime, INTEGER days)
	String substr(STRING string, INTEGER start[, INTEGER length])
	String substring(STRING string{ from|,} INTEGER start[{ for|,} INTEGER length])
	subtime(TIME datetime, TIME time)
	sum(arg)
	Date sysdate()
	Double tan(NUMERIC arg)
	Double tanh(NUMERIC arg)
	String time(arg)
	Date timestamp(arg0[, arg1])
	timestampadd(TEMPORAL_UNIT field, INTEGER magnitude, TEMPORAL datetime)
	Long|Double timestampdiff(TEMPORAL_UNIT field, TEMPORAL start, TEMPORAL end)
	String trim([[{leading|trailing|both} ][STRING arg0 ]from] STRING arg1)
	trunc( ... )
	truncate( ... )
	String upper(STRING string)
	Date utc_date
	Date utc_time
	Date utc_timestamp
	Double var_pop(NUMERIC arg)
	Double var_samp(NUMERIC arg)
	Double variance(NUMERIC arg)
	Integer week(DATE arg)
	Integer year(DATE arg)

2026-03-26 12:22:23 DEBUG core:211 - HHH000513: Unable to create the ReflectionOptimizer for [com.test.Order]: private accessor [o_name]
2026-03-26 12:22:23 DEBUG core:211 - HHH000513: Unable to create the ReflectionOptimizer for [com.test.Customer]: private accessor [c_name]
2026-03-26 12:22:23 INFO  core:53 - HHH000489: No JTA platform available (set 'hibernate.transaction.jta.platform' to enable JTA platform integration)
2026-03-26 12:22:23 DEBUG service:102 - HHH010454: EventListenerRegistry access via ServiceRegistry is deprecated - use 'sessionFactory.getEventEngine().getListenerRegistry()' instead
2026-03-26 12:22:23 DEBUG SQL:126 - 
    alter table cst_ord 
       drop 
       foreign key FKekkp7qrydsgjorw1yn653ehql
2026-03-26 12:22:23 WARN  ExceptionHandlerLoggedImpl:25 - GenerationTarget encountered exception accepting command : Error executing DDL "
    alter table cst_ord 
       drop 
       foreign key FKekkp7qrydsgjorw1yn653ehql" via JDBC [Can't DROP 'FKekkp7qrydsgjorw1yn653ehql'; check that column/key exists]
org.hibernate.tool.schema.spi.CommandAcceptanceException: Error executing DDL "
    alter table cst_ord 
       drop 
       foreign key FKekkp7qrydsgjorw1yn653ehql" via JDBC [Can't DROP 'FKekkp7qrydsgjorw1yn653ehql'; check that column/key exists]
	at org.hibernate.tool.schema.internal.exec.GenerationTargetToDatabase.accept(GenerationTargetToDatabase.java:81) ~[hibernate-core-7.3.0.Final.jar:7.3.0.Final]
	at org.hibernate.tool.schema.internal.Helper.applySqlString(Helper.java:218) [hibernate-core-7.3.0.Final.jar:7.3.0.Final]
	at org.hibernate.tool.schema.internal.Helper.applySqlStrings(Helper.java:204) [hibernate-core-7.3.0.Final.jar:7.3.0.Final]
	at org.hibernate.tool.schema.internal.SchemaDropperImpl.applyConstraintDropping(SchemaDropperImpl.java:473) [hibernate-core-7.3.0.Final.jar:7.3.0.Final]
	at org.hibernate.tool.schema.internal.SchemaDropperImpl.dropConstraintsTablesSequences(SchemaDropperImpl.java:237) [hibernate-core-7.3.0.Final.jar:7.3.0.Final]
	at org.hibernate.tool.schema.internal.SchemaDropperImpl.dropFromMetadata(SchemaDropperImpl.java:210) [hibernate-core-7.3.0.Final.jar:7.3.0.Final]
	at org.hibernate.tool.schema.internal.SchemaDropperImpl.performDrop(SchemaDropperImpl.java:182) [hibernate-core-7.3.0.Final.jar:7.3.0.Final]
	at org.hibernate.tool.schema.internal.SchemaDropperImpl.doDrop(SchemaDropperImpl.java:152) [hibernate-core-7.3.0.Final.jar:7.3.0.Final]
	at org.hibernate.tool.schema.internal.SchemaDropperImpl.doDrop(SchemaDropperImpl.java:112) [hibernate-core-7.3.0.Final.jar:7.3.0.Final]
	at org.hibernate.tool.schema.spi.SchemaManagementToolCoordinator.performDatabaseAction(SchemaManagementToolCoordinator.java:227) [hibernate-core-7.3.0.Final.jar:7.3.0.Final]
	at org.hibernate.tool.schema.spi.SchemaManagementToolCoordinator.lambda$process$1(SchemaManagementToolCoordinator.java:101) [hibernate-core-7.3.0.Final.jar:7.3.0.Final]
	at java.util.HashMap.forEach(HashMap.java:1430) [?:?]
	at org.hibernate.tool.schema.spi.SchemaManagementToolCoordinator.process(SchemaManagementToolCoordinator.java:100) [hibernate-core-7.3.0.Final.jar:7.3.0.Final]
	at org.hibernate.boot.internal.SessionFactoryObserverForSchemaExport.sessionFactoryCreated(SessionFactoryObserverForSchemaExport.java:35) [hibernate-core-7.3.0.Final.jar:7.3.0.Final]
	at org.hibernate.internal.SessionFactoryObserverChain.sessionFactoryCreated(SessionFactoryObserverChain.java:33) [hibernate-core-7.3.0.Final.jar:7.3.0.Final]
	at org.hibernate.internal.SessionFactoryImpl.<init>(SessionFactoryImpl.java:323) [hibernate-core-7.3.0.Final.jar:7.3.0.Final]
	at org.hibernate.internal.SessionFactoryRegistry.instantiateSessionFactory(SessionFactoryRegistry.java:64) [hibernate-core-7.3.0.Final.jar:7.3.0.Final]
	at org.hibernate.boot.internal.SessionFactoryBuilderImpl.build(SessionFactoryBuilderImpl.java:444) [hibernate-core-7.3.0.Final.jar:7.3.0.Final]
	at org.hibernate.cfg.Configuration.buildSessionFactory(Configuration.java:1112) [hibernate-core-7.3.0.Final.jar:7.3.0.Final]
	at org.hibernate.cfg.Configuration.buildSessionFactory(Configuration.java:1131) [hibernate-core-7.3.0.Final.jar:7.3.0.Final]
	at com.test.TestDemo.main(TestDemo.java:17) [classes/:?]
Caused by: java.sql.SQLSyntaxErrorException: Can't DROP 'FKekkp7qrydsgjorw1yn653ehql'; check that column/key exists
	at com.mysql.cj.jdbc.exceptions.SQLError.createSQLException(SQLError.java:121) ~[mysql-connector-j-8.0.33.jar:8.0.33]
	at com.mysql.cj.jdbc.exceptions.SQLExceptionsMapping.translateException(SQLExceptionsMapping.java:122) ~[mysql-connector-j-8.0.33.jar:8.0.33]
	at com.mysql.cj.jdbc.StatementImpl.executeInternal(StatementImpl.java:763) ~[mysql-connector-j-8.0.33.jar:8.0.33]
	at com.mysql.cj.jdbc.StatementImpl.execute(StatementImpl.java:648) ~[mysql-connector-j-8.0.33.jar:8.0.33]
	at org.hibernate.tool.schema.internal.exec.GenerationTargetToDatabase.accept(GenerationTargetToDatabase.java:76) ~[hibernate-core-7.3.0.Final.jar:7.3.0.Final]
	... 20 more
2026-03-26 12:22:23 DEBUG SQL:126 - 
    alter table cst_ord 
       drop 
       foreign key FKhsgw231v7x0rsmbtsd1s256ls
2026-03-26 12:22:23 DEBUG SQL:126 - 
    drop table if exists cst_ord
2026-03-26 12:22:24 DEBUG SQL:126 - 
    drop table if exists customers
2026-03-26 12:22:24 DEBUG SQL:126 - 
    drop table if exists customers_SEQ
2026-03-26 12:22:24 DEBUG SQL:126 - 
    drop table if exists orders
2026-03-26 12:22:24 WARN  ExceptionHandlerLoggedImpl:25 - GenerationTarget encountered exception accepting command : Error executing DDL "
    drop table if exists orders" via JDBC [Cannot drop table 'orders' referenced by a foreign key constraint 'FK58xnkgk61cy6831pe9wpe6l8q' on table 'users_orders'.]
org.hibernate.tool.schema.spi.CommandAcceptanceException: Error executing DDL "
    drop table if exists orders" via JDBC [Cannot drop table 'orders' referenced by a foreign key constraint 'FK58xnkgk61cy6831pe9wpe6l8q' on table 'users_orders'.]
	at org.hibernate.tool.schema.internal.exec.GenerationTargetToDatabase.accept(GenerationTargetToDatabase.java:81) ~[hibernate-core-7.3.0.Final.jar:7.3.0.Final]
	at org.hibernate.tool.schema.internal.Helper.applySqlString(Helper.java:218) [hibernate-core-7.3.0.Final.jar:7.3.0.Final]
	at org.hibernate.tool.schema.internal.Helper.applySqlStrings(Helper.java:204) [hibernate-core-7.3.0.Final.jar:7.3.0.Final]
	at org.hibernate.tool.schema.internal.SchemaDropperImpl.dropTables(SchemaDropperImpl.java:376) [hibernate-core-7.3.0.Final.jar:7.3.0.Final]
	at org.hibernate.tool.schema.internal.SchemaDropperImpl.dropConstraintsTablesSequences(SchemaDropperImpl.java:248) [hibernate-core-7.3.0.Final.jar:7.3.0.Final]
	at org.hibernate.tool.schema.internal.SchemaDropperImpl.dropFromMetadata(SchemaDropperImpl.java:210) [hibernate-core-7.3.0.Final.jar:7.3.0.Final]
	at org.hibernate.tool.schema.internal.SchemaDropperImpl.performDrop(SchemaDropperImpl.java:182) [hibernate-core-7.3.0.Final.jar:7.3.0.Final]
	at org.hibernate.tool.schema.internal.SchemaDropperImpl.doDrop(SchemaDropperImpl.java:152) [hibernate-core-7.3.0.Final.jar:7.3.0.Final]
	at org.hibernate.tool.schema.internal.SchemaDropperImpl.doDrop(SchemaDropperImpl.java:112) [hibernate-core-7.3.0.Final.jar:7.3.0.Final]
	at org.hibernate.tool.schema.spi.SchemaManagementToolCoordinator.performDatabaseAction(SchemaManagementToolCoordinator.java:227) [hibernate-core-7.3.0.Final.jar:7.3.0.Final]
	at org.hibernate.tool.schema.spi.SchemaManagementToolCoordinator.lambda$process$1(SchemaManagementToolCoordinator.java:101) [hibernate-core-7.3.0.Final.jar:7.3.0.Final]
	at java.util.HashMap.forEach(HashMap.java:1430) [?:?]
	at org.hibernate.tool.schema.spi.SchemaManagementToolCoordinator.process(SchemaManagementToolCoordinator.java:100) [hibernate-core-7.3.0.Final.jar:7.3.0.Final]
	at org.hibernate.boot.internal.SessionFactoryObserverForSchemaExport.sessionFactoryCreated(SessionFactoryObserverForSchemaExport.java:35) [hibernate-core-7.3.0.Final.jar:7.3.0.Final]
	at org.hibernate.internal.SessionFactoryObserverChain.sessionFactoryCreated(SessionFactoryObserverChain.java:33) [hibernate-core-7.3.0.Final.jar:7.3.0.Final]
	at org.hibernate.internal.SessionFactoryImpl.<init>(SessionFactoryImpl.java:323) [hibernate-core-7.3.0.Final.jar:7.3.0.Final]
	at org.hibernate.internal.SessionFactoryRegistry.instantiateSessionFactory(SessionFactoryRegistry.java:64) [hibernate-core-7.3.0.Final.jar:7.3.0.Final]
	at org.hibernate.boot.internal.SessionFactoryBuilderImpl.build(SessionFactoryBuilderImpl.java:444) [hibernate-core-7.3.0.Final.jar:7.3.0.Final]
	at org.hibernate.cfg.Configuration.buildSessionFactory(Configuration.java:1112) [hibernate-core-7.3.0.Final.jar:7.3.0.Final]
	at org.hibernate.cfg.Configuration.buildSessionFactory(Configuration.java:1131) [hibernate-core-7.3.0.Final.jar:7.3.0.Final]
	at com.test.TestDemo.main(TestDemo.java:17) [classes/:?]
Caused by: java.sql.SQLException: Cannot drop table 'orders' referenced by a foreign key constraint 'FK58xnkgk61cy6831pe9wpe6l8q' on table 'users_orders'.
	at com.mysql.cj.jdbc.exceptions.SQLError.createSQLException(SQLError.java:130) ~[mysql-connector-j-8.0.33.jar:8.0.33]
	at com.mysql.cj.jdbc.exceptions.SQLExceptionsMapping.translateException(SQLExceptionsMapping.java:122) ~[mysql-connector-j-8.0.33.jar:8.0.33]
	at com.mysql.cj.jdbc.StatementImpl.executeInternal(StatementImpl.java:763) ~[mysql-connector-j-8.0.33.jar:8.0.33]
	at com.mysql.cj.jdbc.StatementImpl.execute(StatementImpl.java:648) ~[mysql-connector-j-8.0.33.jar:8.0.33]
	at org.hibernate.tool.schema.internal.exec.GenerationTargetToDatabase.accept(GenerationTargetToDatabase.java:76) ~[hibernate-core-7.3.0.Final.jar:7.3.0.Final]
	... 20 more
2026-03-26 12:22:24 DEBUG SQL:126 - 
    drop table if exists orders_SEQ
2026-03-26 12:22:25 DEBUG SQL:126 - 
    create table cst_ord (
        c_id integer not null,
        o_id integer not null
    ) engine=InnoDB
2026-03-26 12:22:26 DEBUG SQL:126 - 
    create table customers (
        id integer not null,
        c_name varchar(255),
        primary key (id)
    ) engine=InnoDB
2026-03-26 12:22:26 DEBUG SQL:126 - 
    create table customers_SEQ (
        next_val bigint
    ) engine=InnoDB
2026-03-26 12:22:26 DEBUG SQL:126 - 
    insert into customers_SEQ ( next_val ) values ( 1 )
2026-03-26 12:22:26 DEBUG SQL:126 - 
    create table orders (
        id integer not null,
        o_price integer not null,
        o_name varchar(255),
        primary key (id)
    ) engine=InnoDB
2026-03-26 12:22:26 WARN  ExceptionHandlerLoggedImpl:25 - GenerationTarget encountered exception accepting command : Error executing DDL "
    create table orders (
        id integer not null,
        o_price integer not null,
        o_name varchar(255),
        primary key (id)
    ) engine=InnoDB" via JDBC [Table 'orders' already exists]
org.hibernate.tool.schema.spi.CommandAcceptanceException: Error executing DDL "
    create table orders (
        id integer not null,
        o_price integer not null,
        o_name varchar(255),
        primary key (id)
    ) engine=InnoDB" via JDBC [Table 'orders' already exists]
	at org.hibernate.tool.schema.internal.exec.GenerationTargetToDatabase.accept(GenerationTargetToDatabase.java:81) ~[hibernate-core-7.3.0.Final.jar:7.3.0.Final]
	at org.hibernate.tool.schema.internal.Helper.applySqlString(Helper.java:218) [hibernate-core-7.3.0.Final.jar:7.3.0.Final]
	at org.hibernate.tool.schema.internal.Helper.applySqlStrings(Helper.java:204) [hibernate-core-7.3.0.Final.jar:7.3.0.Final]
	at org.hibernate.tool.schema.internal.SchemaCreatorImpl.createTables(SchemaCreatorImpl.java:404) [hibernate-core-7.3.0.Final.jar:7.3.0.Final]
	at org.hibernate.tool.schema.internal.SchemaCreatorImpl.createSequencesTablesConstraints(SchemaCreatorImpl.java:320) [hibernate-core-7.3.0.Final.jar:7.3.0.Final]
	at org.hibernate.tool.schema.internal.SchemaCreatorImpl.createFromMetadata(SchemaCreatorImpl.java:215) [hibernate-core-7.3.0.Final.jar:7.3.0.Final]
	at org.hibernate.tool.schema.internal.SchemaCreatorImpl.performCreation(SchemaCreatorImpl.java:151) [hibernate-core-7.3.0.Final.jar:7.3.0.Final]
	at org.hibernate.tool.schema.internal.SchemaCreatorImpl.doCreation(SchemaCreatorImpl.java:121) [hibernate-core-7.3.0.Final.jar:7.3.0.Final]
	at org.hibernate.tool.schema.internal.SchemaCreatorImpl.doCreation(SchemaCreatorImpl.java:97) [hibernate-core-7.3.0.Final.jar:7.3.0.Final]
	at org.hibernate.tool.schema.spi.SchemaManagementToolCoordinator.performDatabaseAction(SchemaManagementToolCoordinator.java:239) [hibernate-core-7.3.0.Final.jar:7.3.0.Final]
	at org.hibernate.tool.schema.spi.SchemaManagementToolCoordinator.lambda$process$1(SchemaManagementToolCoordinator.java:101) [hibernate-core-7.3.0.Final.jar:7.3.0.Final]
	at java.util.HashMap.forEach(HashMap.java:1430) [?:?]
	at org.hibernate.tool.schema.spi.SchemaManagementToolCoordinator.process(SchemaManagementToolCoordinator.java:100) [hibernate-core-7.3.0.Final.jar:7.3.0.Final]
	at org.hibernate.boot.internal.SessionFactoryObserverForSchemaExport.sessionFactoryCreated(SessionFactoryObserverForSchemaExport.java:35) [hibernate-core-7.3.0.Final.jar:7.3.0.Final]
	at org.hibernate.internal.SessionFactoryObserverChain.sessionFactoryCreated(SessionFactoryObserverChain.java:33) [hibernate-core-7.3.0.Final.jar:7.3.0.Final]
	at org.hibernate.internal.SessionFactoryImpl.<init>(SessionFactoryImpl.java:323) [hibernate-core-7.3.0.Final.jar:7.3.0.Final]
	at org.hibernate.internal.SessionFactoryRegistry.instantiateSessionFactory(SessionFactoryRegistry.java:64) [hibernate-core-7.3.0.Final.jar:7.3.0.Final]
	at org.hibernate.boot.internal.SessionFactoryBuilderImpl.build(SessionFactoryBuilderImpl.java:444) [hibernate-core-7.3.0.Final.jar:7.3.0.Final]
	at org.hibernate.cfg.Configuration.buildSessionFactory(Configuration.java:1112) [hibernate-core-7.3.0.Final.jar:7.3.0.Final]
	at org.hibernate.cfg.Configuration.buildSessionFactory(Configuration.java:1131) [hibernate-core-7.3.0.Final.jar:7.3.0.Final]
	at com.test.TestDemo.main(TestDemo.java:17) [classes/:?]
Caused by: java.sql.SQLSyntaxErrorException: Table 'orders' already exists
	at com.mysql.cj.jdbc.exceptions.SQLError.createSQLException(SQLError.java:121) ~[mysql-connector-j-8.0.33.jar:8.0.33]
	at com.mysql.cj.jdbc.exceptions.SQLExceptionsMapping.translateException(SQLExceptionsMapping.java:122) ~[mysql-connector-j-8.0.33.jar:8.0.33]
	at com.mysql.cj.jdbc.StatementImpl.executeInternal(StatementImpl.java:763) ~[mysql-connector-j-8.0.33.jar:8.0.33]
	at com.mysql.cj.jdbc.StatementImpl.execute(StatementImpl.java:648) ~[mysql-connector-j-8.0.33.jar:8.0.33]
	at org.hibernate.tool.schema.internal.exec.GenerationTargetToDatabase.accept(GenerationTargetToDatabase.java:76) ~[hibernate-core-7.3.0.Final.jar:7.3.0.Final]
	... 20 more
2026-03-26 12:22:26 DEBUG SQL:126 - 
    create table orders_SEQ (
        next_val bigint
    ) engine=InnoDB
2026-03-26 12:22:27 DEBUG SQL:126 - 
    insert into orders_SEQ ( next_val ) values ( 1 )
2026-03-26 12:22:27 DEBUG SQL:126 - 
    alter table cst_ord 
       add constraint FKekkp7qrydsgjorw1yn653ehql 
       foreign key (o_id) 
       references orders (id)
2026-03-26 12:22:27 WARN  ExceptionHandlerLoggedImpl:25 - GenerationTarget encountered exception accepting command : Error executing DDL "
    alter table cst_ord 
       add constraint FKekkp7qrydsgjorw1yn653ehql 
       foreign key (o_id) 
       references orders (id)" via JDBC [Failed to add the foreign key constraint. Missing column 'id' for constraint 'FKekkp7qrydsgjorw1yn653ehql' in the referenced table 'orders']
org.hibernate.tool.schema.spi.CommandAcceptanceException: Error executing DDL "
    alter table cst_ord 
       add constraint FKekkp7qrydsgjorw1yn653ehql 
       foreign key (o_id) 
       references orders (id)" via JDBC [Failed to add the foreign key constraint. Missing column 'id' for constraint 'FKekkp7qrydsgjorw1yn653ehql' in the referenced table 'orders']
	at org.hibernate.tool.schema.internal.exec.GenerationTargetToDatabase.accept(GenerationTargetToDatabase.java:81) ~[hibernate-core-7.3.0.Final.jar:7.3.0.Final]
	at org.hibernate.tool.schema.internal.Helper.applySqlString(Helper.java:218) [hibernate-core-7.3.0.Final.jar:7.3.0.Final]
	at org.hibernate.tool.schema.internal.Helper.applySqlStrings(Helper.java:204) [hibernate-core-7.3.0.Final.jar:7.3.0.Final]
	at org.hibernate.tool.schema.internal.SchemaCreatorImpl.createForeignKeys(SchemaCreatorImpl.java:281) [hibernate-core-7.3.0.Final.jar:7.3.0.Final]
	at org.hibernate.tool.schema.internal.SchemaCreatorImpl.createFromMetadata(SchemaCreatorImpl.java:227) [hibernate-core-7.3.0.Final.jar:7.3.0.Final]
	at org.hibernate.tool.schema.internal.SchemaCreatorImpl.performCreation(SchemaCreatorImpl.java:151) [hibernate-core-7.3.0.Final.jar:7.3.0.Final]
	at org.hibernate.tool.schema.internal.SchemaCreatorImpl.doCreation(SchemaCreatorImpl.java:121) [hibernate-core-7.3.0.Final.jar:7.3.0.Final]
	at org.hibernate.tool.schema.internal.SchemaCreatorImpl.doCreation(SchemaCreatorImpl.java:97) [hibernate-core-7.3.0.Final.jar:7.3.0.Final]
	at org.hibernate.tool.schema.spi.SchemaManagementToolCoordinator.performDatabaseAction(SchemaManagementToolCoordinator.java:239) [hibernate-core-7.3.0.Final.jar:7.3.0.Final]
	at org.hibernate.tool.schema.spi.SchemaManagementToolCoordinator.lambda$process$1(SchemaManagementToolCoordinator.java:101) [hibernate-core-7.3.0.Final.jar:7.3.0.Final]
	at java.util.HashMap.forEach(HashMap.java:1430) [?:?]
	at org.hibernate.tool.schema.spi.SchemaManagementToolCoordinator.process(SchemaManagementToolCoordinator.java:100) [hibernate-core-7.3.0.Final.jar:7.3.0.Final]
	at org.hibernate.boot.internal.SessionFactoryObserverForSchemaExport.sessionFactoryCreated(SessionFactoryObserverForSchemaExport.java:35) [hibernate-core-7.3.0.Final.jar:7.3.0.Final]
	at org.hibernate.internal.SessionFactoryObserverChain.sessionFactoryCreated(SessionFactoryObserverChain.java:33) [hibernate-core-7.3.0.Final.jar:7.3.0.Final]
	at org.hibernate.internal.SessionFactoryImpl.<init>(SessionFactoryImpl.java:323) [hibernate-core-7.3.0.Final.jar:7.3.0.Final]
	at org.hibernate.internal.SessionFactoryRegistry.instantiateSessionFactory(SessionFactoryRegistry.java:64) [hibernate-core-7.3.0.Final.jar:7.3.0.Final]
	at org.hibernate.boot.internal.SessionFactoryBuilderImpl.build(SessionFactoryBuilderImpl.java:444) [hibernate-core-7.3.0.Final.jar:7.3.0.Final]
	at org.hibernate.cfg.Configuration.buildSessionFactory(Configuration.java:1112) [hibernate-core-7.3.0.Final.jar:7.3.0.Final]
	at org.hibernate.cfg.Configuration.buildSessionFactory(Configuration.java:1131) [hibernate-core-7.3.0.Final.jar:7.3.0.Final]
	at com.test.TestDemo.main(TestDemo.java:17) [classes/:?]
Caused by: java.sql.SQLException: Failed to add the foreign key constraint. Missing column 'id' for constraint 'FKekkp7qrydsgjorw1yn653ehql' in the referenced table 'orders'
	at com.mysql.cj.jdbc.exceptions.SQLError.createSQLException(SQLError.java:130) ~[mysql-connector-j-8.0.33.jar:8.0.33]
	at com.mysql.cj.jdbc.exceptions.SQLExceptionsMapping.translateException(SQLExceptionsMapping.java:122) ~[mysql-connector-j-8.0.33.jar:8.0.33]
	at com.mysql.cj.jdbc.StatementImpl.executeInternal(StatementImpl.java:763) ~[mysql-connector-j-8.0.33.jar:8.0.33]
	at com.mysql.cj.jdbc.StatementImpl.execute(StatementImpl.java:648) ~[mysql-connector-j-8.0.33.jar:8.0.33]
	at org.hibernate.tool.schema.internal.exec.GenerationTargetToDatabase.accept(GenerationTargetToDatabase.java:76) ~[hibernate-core-7.3.0.Final.jar:7.3.0.Final]
	... 19 more
2026-03-26 12:22:27 DEBUG SQL:126 - 
    alter table cst_ord 
       add constraint FKhsgw231v7x0rsmbtsd1s256ls 
       foreign key (c_id) 
       references customers (id)
2026-03-26 12:22:28 DEBUG factoryRegistry:86 - HHH020384: Registering SessionFactory [51b0634c-3967-496c-9369-5752316b6c2e] (<unnamed>)
2026-03-26 12:22:28 DEBUG core:151 - HHH006588: Opening session [tenant=null]
2026-03-26 12:22:28 DEBUG core:74 - HHH006583: Beginning transaction
2026-03-26 12:22:28 DEBUG SQL:126 - 
    select
        next_val as id_val 
    from
        customers_SEQ 
    for
        update
2026-03-26 12:22:28 DEBUG SQL:126 - 
    update
        customers_SEQ 
    set
        next_val= ? 
    where
        next_val=?
2026-03-26 12:22:28 DEBUG SQL:126 - 
    select
        next_val as id_val 
    from
        orders_SEQ 
    for
        update
2026-03-26 12:22:28 DEBUG SQL:126 - 
    update
        orders_SEQ 
    set
        next_val= ? 
    where
        next_val=?
2026-03-26 12:22:28 DEBUG SQL:126 - 
    select
        next_val as id_val 
    from
        orders_SEQ 
    for
        update
2026-03-26 12:22:28 DEBUG SQL:126 - 
    update
        orders_SEQ 
    set
        next_val= ? 
    where
        next_val=?
2026-03-26 12:22:28 DEBUG core:87 - HHH006584: Committing transaction
2026-03-26 12:22:28 DEBUG event:98 - HHH90060071: Flushed: 3 insertions, 0 updates, 0 deletions to 3 objects
2026-03-26 12:22:28 DEBUG event:104 - HHH90060072: Flushed: 1 (re)creations, 0 updates, 0 removals to 1 collections
2026-03-26 12:22:28 DEBUG core:102 - Listing entities:
2026-03-26 12:22:28 DEBUG core:111 - com.test.Order{o_name=Mango, o_price=33, id=2}
2026-03-26 12:22:28 DEBUG core:111 - com.test.Order{o_name=Apple, o_price=12, id=1}
2026-03-26 12:22:28 DEBUG core:111 - com.test.Customer{c_name=Rohit, orders=[com.test.Order#1, com.test.Order#2], id=1}
2026-03-26 12:22:28 DEBUG SQL:126 - 
    insert 
    into
        customers
        (c_name, id) 
    values
        (?, ?)
2026-03-26 12:22:28 DEBUG SQL:126 - 
    insert 
    into
        orders
        (o_name, o_price, id) 
    values
        (?, ?, ?)
2026-03-26 12:22:28 WARN  error:143 - HHH000247: ErrorCode: 1054, SQLState: 42S22
2026-03-26 12:22:28 WARN  error:144 - Unknown column 'id' in 'field list'
2026-03-26 12:22:28 DEBUG error:150 - could not execute statement [insert into orders (o_name,o_price,id) values (?,?,?)]
java.sql.SQLSyntaxErrorException: Unknown column 'id' in 'field list'
	at com.mysql.cj.jdbc.exceptions.SQLError.createSQLException(SQLError.java:121) ~[mysql-connector-j-8.0.33.jar:8.0.33]
	at com.mysql.cj.jdbc.exceptions.SQLExceptionsMapping.translateException(SQLExceptionsMapping.java:122) ~[mysql-connector-j-8.0.33.jar:8.0.33]
	at com.mysql.cj.jdbc.ClientPreparedStatement.executeInternal(ClientPreparedStatement.java:916) ~[mysql-connector-j-8.0.33.jar:8.0.33]
	at com.mysql.cj.jdbc.ClientPreparedStatement.executeUpdateInternal(ClientPreparedStatement.java:1061) ~[mysql-connector-j-8.0.33.jar:8.0.33]
	at com.mysql.cj.jdbc.ClientPreparedStatement.executeUpdateInternal(ClientPreparedStatement.java:1009) ~[mysql-connector-j-8.0.33.jar:8.0.33]
	at com.mysql.cj.jdbc.ClientPreparedStatement.executeLargeUpdate(ClientPreparedStatement.java:1320) ~[mysql-connector-j-8.0.33.jar:8.0.33]
	at com.mysql.cj.jdbc.ClientPreparedStatement.executeUpdate(ClientPreparedStatement.java:994) ~[mysql-connector-j-8.0.33.jar:8.0.33]
	at org.hibernate.engine.jdbc.internal.ResultSetReturnImpl.executeUpdate(ResultSetReturnImpl.java:185) [hibernate-core-7.3.0.Final.jar:7.3.0.Final]
	at org.hibernate.engine.jdbc.mutation.internal.AbstractMutationExecutor.performNonBatchedMutation(AbstractMutationExecutor.java:145) [hibernate-core-7.3.0.Final.jar:7.3.0.Final]
	at org.hibernate.engine.jdbc.mutation.internal.MutationExecutorSingleNonBatched.performNonBatchedOperations(MutationExecutorSingleNonBatched.java:53) [hibernate-core-7.3.0.Final.jar:7.3.0.Final]
	at org.hibernate.engine.jdbc.mutation.internal.AbstractMutationExecutor.execute(AbstractMutationExecutor.java:65) [hibernate-core-7.3.0.Final.jar:7.3.0.Final]
	at org.hibernate.engine.jdbc.mutation.internal.AbstractMutationExecutor.execute(AbstractMutationExecutor.java:54) [hibernate-core-7.3.0.Final.jar:7.3.0.Final]
	at org.hibernate.persister.entity.mutation.InsertCoordinatorStandard.doStaticInserts(InsertCoordinatorStandard.java:180) [hibernate-core-7.3.0.Final.jar:7.3.0.Final]
	at org.hibernate.persister.entity.mutation.InsertCoordinatorStandard.coordinateInsert(InsertCoordinatorStandard.java:120) [hibernate-core-7.3.0.Final.jar:7.3.0.Final]
	at org.hibernate.persister.entity.mutation.InsertCoordinatorStandard.insert(InsertCoordinatorStandard.java:93) [hibernate-core-7.3.0.Final.jar:7.3.0.Final]
	at org.hibernate.action.internal.EntityInsertAction.execute(EntityInsertAction.java:108) [hibernate-core-7.3.0.Final.jar:7.3.0.Final]
	at org.hibernate.engine.spi.ActionQueue.executeActions(ActionQueue.java:634) [hibernate-core-7.3.0.Final.jar:7.3.0.Final]
	at org.hibernate.engine.spi.ActionQueue.executeActions(ActionQueue.java:505) [hibernate-core-7.3.0.Final.jar:7.3.0.Final]
	at org.hibernate.event.internal.AbstractFlushingEventListener.performExecutions(AbstractFlushingEventListener.java:381) [hibernate-core-7.3.0.Final.jar:7.3.0.Final]
	at org.hibernate.event.internal.DefaultFlushEventListener.onFlush(DefaultFlushEventListener.java:40) [hibernate-core-7.3.0.Final.jar:7.3.0.Final]
	at org.hibernate.event.service.internal.EventListenerGroupImpl.fireEventOnEachListener(EventListenerGroupImpl.java:138) [hibernate-core-7.3.0.Final.jar:7.3.0.Final]
	at org.hibernate.internal.SessionImpl.fireFlush(SessionImpl.java:1451) [hibernate-core-7.3.0.Final.jar:7.3.0.Final]
	at org.hibernate.internal.SessionImpl.managedFlush(SessionImpl.java:482) [hibernate-core-7.3.0.Final.jar:7.3.0.Final]
	at org.hibernate.internal.SessionImpl.flushBeforeTransactionCompletion(SessionImpl.java:2078) [hibernate-core-7.3.0.Final.jar:7.3.0.Final]
	at org.hibernate.internal.SessionImpl.beforeTransactionCompletion(SessionImpl.java:2000) [hibernate-core-7.3.0.Final.jar:7.3.0.Final]
	at org.hibernate.engine.jdbc.internal.JdbcCoordinatorImpl.beforeTransactionCompletion(JdbcCoordinatorImpl.java:426) [hibernate-core-7.3.0.Final.jar:7.3.0.Final]
	at org.hibernate.resource.transaction.backend.jdbc.internal.JdbcResourceLocalTransactionCoordinatorImpl.beforeCompletionCallback(JdbcResourceLocalTransactionCoordinatorImpl.java:166) [hibernate-core-7.3.0.Final.jar:7.3.0.Final]
	at org.hibernate.resource.transaction.backend.jdbc.internal.JdbcResourceLocalTransactionCoordinatorImpl$TransactionDriverControlImpl.commitNoRollbackOnly(JdbcResourceLocalTransactionCoordinatorImpl.java:251) [hibernate-core-7.3.0.Final.jar:7.3.0.Final]
	at org.hibernate.resource.transaction.backend.jdbc.internal.JdbcResourceLocalTransactionCoordinatorImpl$TransactionDriverControlImpl.commit(JdbcResourceLocalTransactionCoordinatorImpl.java:241) [hibernate-core-7.3.0.Final.jar:7.3.0.Final]
	at org.hibernate.engine.transaction.internal.TransactionImpl.commit(TransactionImpl.java:89) [hibernate-core-7.3.0.Final.jar:7.3.0.Final]
	at com.test.TestDemo.main(TestDemo.java:32) [classes/:?]
2026-03-26 12:22:57 DEBUG service:41 - HHH010455: Adding integrator: org.hibernate.boot.beanvalidation.BeanValidationIntegrator
2026-03-26 12:22:57 DEBUG service:41 - HHH010455: Adding integrator: org.hibernate.cache.internal.CollectionCacheInvalidator
2026-03-26 12:22:57 INFO  core:41 - HHH000001: Hibernate ORM core version 7.3.0.Final
2026-03-26 12:22:57 DEBUG core:155 - HHH000206: 'hibernate.properties' not found
2026-03-26 12:22:57 DEBUG boot:97 - HHH160204: cfg.xml document did not define namespaces; wrapping in custom event reader to introduce namespace information
2026-03-26 12:22:57 DEBUG cache:116 - HHH90001031: Cannot default RegionFactory since no RegionFactory strategies were registered
2026-03-26 12:22:57 DEBUG cache:46 - HHH90001029: Second-level cache disabled
2026-03-26 12:22:58 WARN  pooling:86 - HHH10001002: Using built-in connection pool (not intended for production use)
2026-03-26 12:22:58 WARN  jdbc:444 - HHH100046: Could not obtain connection to query JDBC database metadata
java.lang.IllegalStateException: Cannot get a connection as the driver manager is not properly initialized
	at org.hibernate.engine.jdbc.connections.internal.DriverManagerConnectionProvider.getConnection(DriverManagerConnectionProvider.java:287) ~[hibernate-core-7.3.0.Final.jar:7.3.0.Final]
	at org.hibernate.engine.jdbc.env.internal.JdbcEnvironmentInitiator$ConnectionProviderJdbcConnectionAccess.obtainConnection(JdbcEnvironmentInitiator.java:508) ~[hibernate-core-7.3.0.Final.jar:7.3.0.Final]
	at org.hibernate.resource.transaction.backend.jdbc.internal.JdbcIsolationDelegate.delegateWork(JdbcIsolationDelegate.java:48) ~[hibernate-core-7.3.0.Final.jar:7.3.0.Final]
	at org.hibernate.engine.jdbc.env.internal.JdbcEnvironmentInitiator.getJdbcEnvironmentUsingJdbcMetadata(JdbcEnvironmentInitiator.java:366) [hibernate-core-7.3.0.Final.jar:7.3.0.Final]
	at org.hibernate.engine.jdbc.env.internal.JdbcEnvironmentInitiator.getJdbcEnvironment(JdbcEnvironmentInitiator.java:143) [hibernate-core-7.3.0.Final.jar:7.3.0.Final]
	at org.hibernate.engine.jdbc.env.internal.JdbcEnvironmentInitiator.initiateService(JdbcEnvironmentInitiator.java:120) [hibernate-core-7.3.0.Final.jar:7.3.0.Final]
	at org.hibernate.engine.jdbc.env.internal.JdbcEnvironmentInitiator.initiateService(JdbcEnvironmentInitiator.java:80) [hibernate-core-7.3.0.Final.jar:7.3.0.Final]
	at org.hibernate.boot.registry.internal.StandardServiceRegistryImpl.initiateService(StandardServiceRegistryImpl.java:133) [hibernate-core-7.3.0.Final.jar:7.3.0.Final]
	at org.hibernate.service.internal.AbstractServiceRegistryImpl.createService(AbstractServiceRegistryImpl.java:260) [hibernate-core-7.3.0.Final.jar:7.3.0.Final]
	at org.hibernate.service.internal.AbstractServiceRegistryImpl.initializeService(AbstractServiceRegistryImpl.java:235) [hibernate-core-7.3.0.Final.jar:7.3.0.Final]
	at org.hibernate.service.internal.AbstractServiceRegistryImpl.getService(AbstractServiceRegistryImpl.java:212) [hibernate-core-7.3.0.Final.jar:7.3.0.Final]
	at org.hibernate.service.ServiceRegistry.requireService(ServiceRegistry.java:66) [hibernate-core-7.3.0.Final.jar:7.3.0.Final]
	at org.hibernate.engine.jdbc.internal.JdbcServicesImpl.configure(JdbcServicesImpl.java:50) [hibernate-core-7.3.0.Final.jar:7.3.0.Final]
	at org.hibernate.boot.registry.internal.StandardServiceRegistryImpl.configureService(StandardServiceRegistryImpl.java:139) [hibernate-core-7.3.0.Final.jar:7.3.0.Final]
	at org.hibernate.service.internal.AbstractServiceRegistryImpl.initializeService(AbstractServiceRegistryImpl.java:244) [hibernate-core-7.3.0.Final.jar:7.3.0.Final]
	at org.hibernate.service.internal.AbstractServiceRegistryImpl.getService(AbstractServiceRegistryImpl.java:212) [hibernate-core-7.3.0.Final.jar:7.3.0.Final]
	at org.hibernate.engine.jdbc.connections.internal.BasicConnectionCreator.convertSqlException(BasicConnectionCreator.java:131) [hibernate-core-7.3.0.Final.jar:7.3.0.Final]
	at org.hibernate.engine.jdbc.connections.internal.DriverConnectionCreator.makeConnection(DriverConnectionCreator.java:41) [hibernate-core-7.3.0.Final.jar:7.3.0.Final]
	at org.hibernate.engine.jdbc.connections.internal.BasicConnectionCreator.createConnection(BasicConnectionCreator.java:59) [hibernate-core-7.3.0.Final.jar:7.3.0.Final]
	at org.hibernate.engine.jdbc.connections.internal.DriverManagerConnectionProvider.buildPool(DriverManagerConnectionProvider.java:130) [hibernate-core-7.3.0.Final.jar:7.3.0.Final]
	at org.hibernate.engine.jdbc.connections.internal.DriverManagerConnectionProvider.configure(DriverManagerConnectionProvider.java:87) [hibernate-core-7.3.0.Final.jar:7.3.0.Final]
	at org.hibernate.boot.registry.internal.StandardServiceRegistryImpl.configureService(StandardServiceRegistryImpl.java:139) [hibernate-core-7.3.0.Final.jar:7.3.0.Final]
	at org.hibernate.service.internal.AbstractServiceRegistryImpl.initializeService(AbstractServiceRegistryImpl.java:244) [hibernate-core-7.3.0.Final.jar:7.3.0.Final]
	at org.hibernate.service.internal.AbstractServiceRegistryImpl.getService(AbstractServiceRegistryImpl.java:212) [hibernate-core-7.3.0.Final.jar:7.3.0.Final]
	at org.hibernate.service.ServiceRegistry.requireService(ServiceRegistry.java:66) [hibernate-core-7.3.0.Final.jar:7.3.0.Final]
	at org.hibernate.engine.jdbc.env.internal.JdbcEnvironmentInitiator.buildJdbcConnectionAccess(JdbcEnvironmentInitiator.java:487) [hibernate-core-7.3.0.Final.jar:7.3.0.Final]
	at org.hibernate.engine.jdbc.env.internal.JdbcEnvironmentInitiator.getJdbcEnvironmentUsingJdbcMetadata(JdbcEnvironmentInitiator.java:353) [hibernate-core-7.3.0.Final.jar:7.3.0.Final]
	at org.hibernate.engine.jdbc.env.internal.JdbcEnvironmentInitiator.getJdbcEnvironment(JdbcEnvironmentInitiator.java:143) [hibernate-core-7.3.0.Final.jar:7.3.0.Final]
	at org.hibernate.engine.jdbc.env.internal.JdbcEnvironmentInitiator.initiateService(JdbcEnvironmentInitiator.java:120) [hibernate-core-7.3.0.Final.jar:7.3.0.Final]
	at org.hibernate.engine.jdbc.env.internal.JdbcEnvironmentInitiator.initiateService(JdbcEnvironmentInitiator.java:80) [hibernate-core-7.3.0.Final.jar:7.3.0.Final]
	at org.hibernate.boot.registry.internal.StandardServiceRegistryImpl.initiateService(StandardServiceRegistryImpl.java:133) [hibernate-core-7.3.0.Final.jar:7.3.0.Final]
	at org.hibernate.service.internal.AbstractServiceRegistryImpl.createService(AbstractServiceRegistryImpl.java:260) [hibernate-core-7.3.0.Final.jar:7.3.0.Final]
	at org.hibernate.service.internal.AbstractServiceRegistryImpl.initializeService(AbstractServiceRegistryImpl.java:235) [hibernate-core-7.3.0.Final.jar:7.3.0.Final]
	at org.hibernate.service.internal.AbstractServiceRegistryImpl.getService(AbstractServiceRegistryImpl.java:212) [hibernate-core-7.3.0.Final.jar:7.3.0.Final]
	at org.hibernate.boot.model.relational.Database.<init>(Database.java:44) [hibernate-core-7.3.0.Final.jar:7.3.0.Final]
	at org.hibernate.boot.internal.InFlightMetadataCollectorImpl.getDatabase(InFlightMetadataCollectorImpl.java:251) [hibernate-core-7.3.0.Final.jar:7.3.0.Final]
	at org.hibernate.boot.internal.InFlightMetadataCollectorImpl.<init>(InFlightMetadataCollectorImpl.java:203) [hibernate-core-7.3.0.Final.jar:7.3.0.Final]
	at org.hibernate.boot.model.process.spi.MetadataBuildingProcess.complete(MetadataBuildingProcess.java:174) [hibernate-core-7.3.0.Final.jar:7.3.0.Final]
	at org.hibernate.boot.model.process.spi.MetadataBuildingProcess.build(MetadataBuildingProcess.java:129) [hibernate-core-7.3.0.Final.jar:7.3.0.Final]
	at org.hibernate.boot.internal.MetadataBuilderImpl.build(MetadataBuilderImpl.java:440) [hibernate-core-7.3.0.Final.jar:7.3.0.Final]
	at org.hibernate.boot.internal.MetadataBuilderImpl.build(MetadataBuilderImpl.java:111) [hibernate-core-7.3.0.Final.jar:7.3.0.Final]
	at org.hibernate.cfg.Configuration.buildSessionFactory(Configuration.java:1077) [hibernate-core-7.3.0.Final.jar:7.3.0.Final]
	at org.hibernate.cfg.Configuration.buildSessionFactory(Configuration.java:1131) [hibernate-core-7.3.0.Final.jar:7.3.0.Final]
	at com.test.TestDemo.main(TestDemo.java:17) [classes/:?]
2026-03-26 12:22:58 WARN  deprecation:152 - HHH90000025: MySQLDialect does not need to be specified explicitly using 'hibernate.dialect' (remove the property setting and it will be selected by default)
2026-03-26 12:22:58 DEBUG dialect:93 - HHH035001: Using dialect: org.hibernate.dialect.MySQLDialect, version: 8.0
2026-03-26 12:22:58 DEBUG IdentifierHelperBuilder:205 - IdentifierCaseStrategy for both quoted and unquoted identifiers was set to the same strategy [MIXED]; that will likely lead to problems in schema update and validation if using quoted identifiers
2026-03-26 12:22:58 DEBUG lob:59 - HHH10010002: Disabling contextual LOB creation as connection was null
2026-03-26 12:22:58 DEBUG jdbc:379 - HHH100122: Using default JDBC fetch size: -1
2026-03-26 12:23:26 DEBUG service:41 - HHH010455: Adding integrator: org.hibernate.boot.beanvalidation.BeanValidationIntegrator
2026-03-26 12:23:26 DEBUG service:41 - HHH010455: Adding integrator: org.hibernate.cache.internal.CollectionCacheInvalidator
2026-03-26 12:23:26 INFO  core:41 - HHH000001: Hibernate ORM core version 7.3.0.Final
2026-03-26 12:23:26 DEBUG core:155 - HHH000206: 'hibernate.properties' not found
2026-03-26 12:23:26 DEBUG boot:97 - HHH160204: cfg.xml document did not define namespaces; wrapping in custom event reader to introduce namespace information
2026-03-26 12:23:26 DEBUG cache:116 - HHH90001031: Cannot default RegionFactory since no RegionFactory strategies were registered
2026-03-26 12:23:26 DEBUG cache:46 - HHH90001029: Second-level cache disabled
2026-03-26 12:23:26 WARN  pooling:86 - HHH10001002: Using built-in connection pool (not intended for production use)
2026-03-26 12:23:27 DEBUG pooling:34 - HHH10001014: Initializing connection pool with 1 connections
2026-03-26 12:23:27 DEBUG jdbc:457 - HHH100017: Database:
	name: MySQL
	version: 8.0.42
	major: 8
	minor: 0
2026-03-26 12:23:27 DEBUG jdbc:463 - HHH100018: Driver:
	name: MySQL Connector/J
	version: mysql-connector-j-8.0.33 (Revision: 7d6b0800528b6b25c68b52dc10d6c1c8429c100c)
	major: 8
	minor: 0
	JDBC version: 4.2
2026-03-26 12:23:27 WARN  deprecation:152 - HHH90000025: MySQLDialect does not need to be specified explicitly using 'hibernate.dialect' (remove the property setting and it will be selected by default)
2026-03-26 12:23:27 DEBUG dialect:93 - HHH035001: Using dialect: org.hibernate.dialect.MySQLDialect, version: 8.0.42
2026-03-26 12:23:27 DEBUG IdentifierHelperBuilder:205 - IdentifierCaseStrategy for both quoted and unquoted identifiers was set to the same strategy [LOWER]; that will likely lead to problems in schema update and validation if using quoted identifiers
2026-03-26 12:23:27 DEBUG jdbc:379 - HHH100122: Using default JDBC fetch size: 0
2026-03-26 12:23:27 INFO  pooling:179 - HHH10001005: Database info:
	Database JDBC URL [jdbc:mysql://localhost:3306/mlamarch3]
	Database driver: MySQL Connector/J
	Database dialect: MySQLDialect
	Database version: 8.0.42
	Default catalog/schema: mlamarch3/undefined
	Autocommit mode: false
	Isolation level: REPEATABLE_READ
	JDBC fetch size: none
	Pool: DriverManagerConnectionProvider
	Minimum pool size: 1
	Maximum pool size: 20
2026-03-26 12:23:27 DEBUG factory:230 - HHH90020001: Instantiating factory [d5040ee1-8aee-49d7-b6fb-2aa60eefcc1b] with settings: {hibernate.format_sql=true, java.specification.version=25, sun.cpu.isalist=amd64, sun.jnu.encoding=Cp1252, hibernate.dialect=org.hibernate.dialect.MySQLDialect, java.class.path=C:\Users\ar.likith\Desktop\sts\HibernateMappingExp3\target\classes;C:\Users\ar.likith\.m2\repository\com\mysql\mysql-connector-j\8.0.33\mysql-connector-j-8.0.33.jar;C:\Users\ar.likith\.m2\repository\com\google\protobuf\protobuf-java\3.21.9\protobuf-java-3.21.9.jar;C:\Users\ar.likith\.m2\repository\org\hibernate\orm\hibernate-core\7.3.0.Final\hibernate-core-7.3.0.Final.jar;C:\Users\ar.likith\.m2\repository\jakarta\persistence\jakarta.persistence-api\3.2.0\jakarta.persistence-api-3.2.0.jar;C:\Users\ar.likith\.m2\repository\jakarta\transaction\jakarta.transaction-api\2.0.1\jakarta.transaction-api-2.0.1.jar;C:\Users\ar.likith\.m2\repository\org\jboss\logging\jboss-logging\3.6.1.Final\jboss-logging-3.6.1.Final.jar;C:\Users\ar.likith\.m2\repository\org\hibernate\models\hibernate-models\1.1.0\hibernate-models-1.1.0.jar;C:\Users\ar.likith\.m2\repository\net\bytebuddy\byte-buddy\1.18.7\byte-buddy-1.18.7.jar;C:\Users\ar.likith\.m2\repository\jakarta\xml\bind\jakarta.xml.bind-api\4.0.4\jakarta.xml.bind-api-4.0.4.jar;C:\Users\ar.likith\.m2\repository\jakarta\activation\jakarta.activation-api\2.1.4\jakarta.activation-api-2.1.4.jar;C:\Users\ar.likith\.m2\repository\org\glassfish\jaxb\jaxb-runtime\4.0.6\jaxb-runtime-4.0.6.jar;C:\Users\ar.likith\.m2\repository\org\glassfish\jaxb\jaxb-core\4.0.6\jaxb-core-4.0.6.jar;C:\Users\ar.likith\.m2\repository\org\eclipse\angus\angus-activation\2.0.3\angus-activation-2.0.3.jar;C:\Users\ar.likith\.m2\repository\org\glassfish\jaxb\txw2\4.0.6\txw2-4.0.6.jar;C:\Users\ar.likith\.m2\repository\com\sun\istack\istack-commons-runtime\4.1.2\istack-commons-runtime-4.1.2.jar;C:\Users\ar.likith\.m2\repository\jakarta\inject\jakarta.inject-api\2.0.1\jakarta.inject-api-2.0.1.jar;C:\Users\ar.likith\.m2\repository\org\antlr\antlr4-runtime\4.13.2\antlr4-runtime-4.13.2.jar;C:\Users\ar.likith\.m2\repository\org\apache\logging\log4j\log4j-core\2.17.1\log4j-core-2.17.1.jar;C:\Users\ar.likith\.m2\repository\org\apache\logging\log4j\log4j-api\2.17.1\log4j-api-2.17.1.jar;C:\Users\ar.likith\.m2\repository\org\apache\logging\log4j\log4j-slf4j-impl\2.17.1\log4j-slf4j-impl-2.17.1.jar;C:\Users\ar.likith\.m2\repository\org\slf4j\slf4j-api\1.7.25\slf4j-api-1.7.25.jar, java.vm.vendor=Eclipse Adoptium, sun.arch.data.model=64, hbm2ddl.auto=create, user.variant=, java.vendor.url=https://adoptium.net/, user.timezone=Asia/Calcutta, java.vm.specification.version=25, os.name=Windows 11, sun.java.launcher=SUN_STANDARD, user.country=US, sun.boot.library.path=C:\Users\ar.likith\Downloads\sts-5.1.1.RELEASE\plugins\org.eclipse.justj.openjdk.hotspot.jre.full.win32.x86_64_25.0.2.v20260203-1141\jre\bin, sun.java.command=com.test.TestDemo, jdk.debug=release, sun.cpu.endian=little, user.home=C:\Users\ar.likith, user.language=en, java.specification.vendor=Oracle Corporation, java.version.date=2026-01-20, java.home=C:\Users\ar.likith\Downloads\sts-5.1.1.RELEASE\plugins\org.eclipse.justj.openjdk.hotspot.jre.full.win32.x86_64_25.0.2.v20260203-1141\jre, file.separator=\, java.vm.compressedOopsMode=Zero based, line.separator=
, java.vm.specification.vendor=Oracle Corporation, java.specification.name=Java Platform API Specification, hibernate.hbm2ddl.auto=create, user.script=, sun.management.compiler=HotSpot 64-Bit Tiered Compilers, java.runtime.version=25.0.2+10-LTS, user.name=ar.likith, stdout.encoding=UTF-8, path.separator=;, hibernate.connection.username=****, os.version=10.0, java.runtime.name=OpenJDK Runtime Environment, hibernate.connection.url=jdbc:mysql://localhost:3306/mlamarch3, file.encoding=UTF-8, format_sql=true, java.vm.name=OpenJDK 64-Bit Server VM, hibernate.show_sql=true, java.vendor.version=Temurin-25.0.2+10, show_sql=true, hibernate.connection.driver_class=com.mysql.cj.jdbc.Driver, java.vendor.url.bug=https://github.com/adoptium/adoptium-support/issues, java.io.tmpdir=C:\Users\ARBCDF~1.LIK\AppData\Local\Temp\, java.version=25.0.2, user.dir=C:\Users\ar.likith\Desktop\sts\HibernateMappingExp3, os.arch=amd64, java.vm.specification.name=Java Virtual Machine Specification, hibernate.connection.password=****, sun.os.patch.level=, hibernate.boot.CfgXmlAccessService.key=org.hibernate.boot.cfgxml.spi.LoadedConfig@4b88ca8e, native.encoding=Cp1252, java.library.path=C:\Users\ar.likith\Downloads\sts-5.1.1.RELEASE\plugins\org.eclipse.justj.openjdk.hotspot.jre.full.win32.x86_64_25.0.2.v20260203-1141\jre\bin;C:\WINDOWS\Sun\Java\bin;C:\WINDOWS\system32;C:\WINDOWS;C:/Users/ar.likith/Downloads/sts-5.1.1.RELEASE//plugins/org.eclipse.justj.openjdk.hotspot.jre.full.win32.x86_64_25.0.2.v20260203-1141/jre/bin/server;C:/Users/ar.likith/Downloads/sts-5.1.1.RELEASE//plugins/org.eclipse.justj.openjdk.hotspot.jre.full.win32.x86_64_25.0.2.v20260203-1141/jre/bin;C:\Program Files\Microsoft\jdk-11.0.23.9-hotspot\bin;C:\Program Files\Microsoft\jdk-17.0.15.6-hotspot\bin;C:\Program Files\Python313\Scripts\;C:\Program Files\Python313\;%SystemRoot%\system32;%SystemRoot%;%SystemRoot%\System32\Wbem;%SYSTEMROOT%\System32\WindowsPowerShell\v1.0\;%SYSTEMROOT%\System32\OpenSSH\;C:\Program Files (x86)\Microsoft SQL Server\160\Tools\Binn\;C:\Program Files\Microsoft SQL Server\160\Tools\Binn\;C:\Program Files\Microsoft SQL Server\Client SDK\ODBC\170\Tools\Binn\;C:\Program Files\Microsoft SQL Server\160\DTS\Binn\;C:\Program Files\dotnet\;C:\Program Files\Microsoft VS Code\bin;C:\Program Files\Git\cmd;C:\Program Files\apache-maven-3.9.10\bin;C:\Program Files\nodejs\;C:\Program Files\PuTTY\;C:\Program Files (x86)\Microsoft SQL Server\160\DTS\Binn\;C:\Program Files\apache-maven-3.9.10\bin;C:\Program Files\apache-maven-3.9.10\bin;C:\Program Files\apache-maven-3.9.10\bin;C:\Program Files\apache-maven-3.9.10\bin;C:\Program Files\apache-maven-3.9.10\bin;C:\Users\ar.likith\AppData\Local\Microsoft\WindowsApps;;C:\Users\ar.likith\Downloads\sts-5.1.1.RELEASE;;., stderr.encoding=UTF-8, java.vendor=Eclipse Adoptium, java.vm.info=mixed mode, sharing, stdin.encoding=Cp1252, java.vm.version=25.0.2+10-LTS, sun.io.unicode.encoding=UnicodeLittle, java.class.version=69.0}
2026-03-26 12:23:27 DEBUG HQL_FUNCTIONS:155 - Available HQL Functions:
	abs(NUMERIC arg)
	Double acos(NUMERIC arg)
	adddate(DATE datetime, INTEGER days)
	addtime(TIME datetime, TIME time)
	Boolean any(BOOLEAN arg)
	Integer ascii(STRING arg)
	Double asin(NUMERIC arg)
	Double atan(NUMERIC arg)
	Double atan2(NUMERIC arg0, NUMERIC arg1)
	avg(arg)
	bit_and(arg)
	Integer bit_length(STRING_OR_CLOB arg)
	bit_or(arg)
	bitand(arg0, arg1)
	bitnot(arg)
	bitor(arg0, arg1)
	bitxor(arg0, arg1)
	cast(arg as Type)
	ceiling(NUMERIC arg)
	Character char(INTEGER arg)
	Integer character_length(STRING_OR_CLOB arg)
	Character chr(INTEGER arg)
	coalesce(arg0[, arg1[, ...]])
	String collate(STRING string as COLLATION collation)
	String concat(STRING string0[, STRING string1[, ...]])
	Double cos(NUMERIC arg)
	Double cosh(NUMERIC arg)
	Double cot(NUMERIC arg)
	Long count([distinct ]{arg|*})
	Integer crc32(arg)
	Double cume_dist([arg0[, ...]])
	Date curdate()
	Date current date
	Date current time
	Date current timestamp
	Date current_date
	Instant current_instant
	Date current_time
	Date current_timestamp
	Date curtime()
	Date date(arg)
	dateadd(TEMPORAL_UNIT field, INTEGER magnitude, TEMPORAL datetime)
	Integer datediff(DATE end, DATE start)
	Integer day(DATE arg)
	String dayname(DATE arg)
	Integer dayofmonth(DATE arg)
	Integer dayofweek(DATE arg)
	Integer dayofyear(DATE arg)
	Double degrees(NUMERIC arg)
	Long dense_rank([arg0[, ...]])
	Boolean every(BOOLEAN arg)
	Double exp(NUMERIC arg)
	extract(TEMPORAL_UNIT field from TEMPORAL arg)
	first_valueANY value
	floor(NUMERIC arg)
	String format(TEMPORAL datetime as STRING pattern)
	greatest(COMPARABLE arg0, COMPARABLE arg1[, arg2[, ...]])
	String hex(arg)
	Integer hour(TIME arg)
	ifnull(arg0, arg1)
	String insert(STRING string, INTEGER start, INTEGER length, STRING replacement)
	Instant instant
	Integer instr(STRING string, STRING pattern[, INTEGER start[, INTEGER occurrence]])
	String json_array([arg0[, ...]])
	String json_array_append(IMPLICIT_JSON arg0, STRING arg1, ANY arg2)
	String json_array_insert(IMPLICIT_JSON arg0, STRING arg1, ANY arg2)
	String json_arrayagg(arg0[, arg1])
	Boolean json_exists(IMPLICIT_JSON arg0, STRING arg1)
	String json_insert(IMPLICIT_JSON arg0, STRING arg1, ANY arg2)
	String json_mergepatch(IMPLICIT_JSON arg0, IMPLICIT_JSON arg1[, arg2[, ...]])
	String json_object( ... )
	String json_objectagg(arg0, arg1[, arg2, arg3])
	String json_query( ... )
	String json_remove(IMPLICIT_JSON arg0, STRING arg1)
	String json_replace(IMPLICIT_JSON arg0, STRING arg1, ANY arg2)
	String json_set(IMPLICIT_JSON arg0, STRING arg1, ANY arg2)
	json_value( ... )
	lagANY value[, INTEGER offset[, ANY default]]
	Date last_day(DATE arg)
	last_valueANY value
	leadANY value[, INTEGER offset[, ANY default]]
	least(COMPARABLE arg0, COMPARABLE arg1[, arg2[, ...]])
	String left(STRING string, INTEGER length)
	Integer length(STRING_OR_CLOB arg)
	String listagg(STRING arg0, STRING arg1)
	Double ln(NUMERIC arg)
	LocalDate local date
	LocalDateTime local datetime
	LocalTime local time
	LocalDate local_date
	LocalDateTime local_datetime
	LocalTime local_time
	Date localtime
	Date localtimestamp
	Integer locate(STRING pattern, STRING string[, INTEGER start])
	Double log(NUMERIC arg0[, NUMERIC arg1])
	Double log10(NUMERIC arg)
	Double log2(NUMERIC arg)
	String lower(STRING string)
	String lpad(string, length[, padding])
	String ltrim(STRING string[, STRING characters])
	Date makedate(INTEGER year, INTEGER dayofyear)
	Date maketime(INTEGER hour, INTEGER min, INTEGER sec)
	max(COMPARABLE arg)
	byte[] md5(arg)
	Integer microsecond(TIME arg)
	min(COMPARABLE arg)
	Integer minute(TIME arg)
	Integer mod(INTEGER arg0, INTEGER arg1)
	Integer month(DATE arg)
	String monthname(DATE arg)
	Date now()
	nth_valueANY value, INTEGER nth
	nullif(arg0, arg1)
	Integer octet_length(STRING_OR_CLOB arg)
	OffsetDateTime offset datetime
	OffsetDateTime offset_datetime
	Integer ordinal(ENUM arg)
	String overlay(STRING string placing STRING replacement from INTEGER start[ for INTEGER length])
	String pad(STRING string with INTEGER length {leading|trailing}[ STRING character])
	Double percent_rank([arg0[, ...]])
	Double pi
	Integer position(STRING pattern in STRING string)
	Double power(NUMERIC arg0, NUMERIC arg1)
	Integer quarter(DATE arg)
	Double radians(NUMERIC arg)
	Double rand([INTEGER seed])
	Long rank([arg0[, ...]])
	Boolean regexp_like(STRING arg0, STRING arg1[, STRING arg2])
	String repeat(STRING string, INTEGER times)
	String replace(STRING string, STRING pattern, STRING replacement)
	String reverse(STRING arg)
	String right(STRING string, INTEGER length)
	round(NUMERIC number[, INTEGER places])
	Long row_number()
	String rpad(string, length[, padding])
	String rtrim(STRING string[, STRING characters])
	Integer second(TIME arg)
	byte[] sha(arg)
	String sha1(arg)
	String sha2(arg0, arg1)
	Integer sign(NUMERIC arg)
	Double sin(NUMERIC arg)
	Double sinh(NUMERIC arg)
	String soundex(arg)
	String space(INTEGER arg)
	sql
	Double sqrt(NUMERIC arg)
	Double stddev(NUMERIC arg)
	Double stddev_pop(NUMERIC arg)
	Double stddev_samp(NUMERIC arg)
	String str(arg)
	String string(ENUM arg)
	subdate(DATE datetime, INTEGER days)
	String substr(STRING string, INTEGER start[, INTEGER length])
	String substring(STRING string{ from|,} INTEGER start[{ for|,} INTEGER length])
	subtime(TIME datetime, TIME time)
	sum(arg)
	Date sysdate()
	Double tan(NUMERIC arg)
	Double tanh(NUMERIC arg)
	String time(arg)
	Date timestamp(arg0[, arg1])
	timestampadd(TEMPORAL_UNIT field, INTEGER magnitude, TEMPORAL datetime)
	Long|Double timestampdiff(TEMPORAL_UNIT field, TEMPORAL start, TEMPORAL end)
	String trim([[{leading|trailing|both} ][STRING arg0 ]from] STRING arg1)
	trunc( ... )
	truncate( ... )
	String upper(STRING string)
	Date utc_date
	Date utc_time
	Date utc_timestamp
	Double var_pop(NUMERIC arg)
	Double var_samp(NUMERIC arg)
	Double variance(NUMERIC arg)
	Integer week(DATE arg)
	Integer year(DATE arg)

2026-03-26 12:23:28 DEBUG core:211 - HHH000513: Unable to create the ReflectionOptimizer for [com.test.Order]: private accessor [o_name]
2026-03-26 12:23:28 DEBUG core:211 - HHH000513: Unable to create the ReflectionOptimizer for [com.test.Customer]: private accessor [c_name]
2026-03-26 12:23:28 INFO  core:53 - HHH000489: No JTA platform available (set 'hibernate.transaction.jta.platform' to enable JTA platform integration)
2026-03-26 12:23:28 DEBUG service:102 - HHH010454: EventListenerRegistry access via ServiceRegistry is deprecated - use 'sessionFactory.getEventEngine().getListenerRegistry()' instead
2026-03-26 12:23:28 DEBUG SQL:126 - 
    alter table cst_ord 
       drop 
       foreign key FKekkp7qrydsgjorw1yn653ehql
2026-03-26 12:23:28 WARN  ExceptionHandlerLoggedImpl:25 - GenerationTarget encountered exception accepting command : Error executing DDL "
    alter table cst_ord 
       drop 
       foreign key FKekkp7qrydsgjorw1yn653ehql" via JDBC [Table 'mlamarch3.cst_ord' doesn't exist]
org.hibernate.tool.schema.spi.CommandAcceptanceException: Error executing DDL "
    alter table cst_ord 
       drop 
       foreign key FKekkp7qrydsgjorw1yn653ehql" via JDBC [Table 'mlamarch3.cst_ord' doesn't exist]
	at org.hibernate.tool.schema.internal.exec.GenerationTargetToDatabase.accept(GenerationTargetToDatabase.java:81) ~[hibernate-core-7.3.0.Final.jar:7.3.0.Final]
	at org.hibernate.tool.schema.internal.Helper.applySqlString(Helper.java:218) [hibernate-core-7.3.0.Final.jar:7.3.0.Final]
	at org.hibernate.tool.schema.internal.Helper.applySqlStrings(Helper.java:204) [hibernate-core-7.3.0.Final.jar:7.3.0.Final]
	at org.hibernate.tool.schema.internal.SchemaDropperImpl.applyConstraintDropping(SchemaDropperImpl.java:473) [hibernate-core-7.3.0.Final.jar:7.3.0.Final]
	at org.hibernate.tool.schema.internal.SchemaDropperImpl.dropConstraintsTablesSequences(SchemaDropperImpl.java:237) [hibernate-core-7.3.0.Final.jar:7.3.0.Final]
	at org.hibernate.tool.schema.internal.SchemaDropperImpl.dropFromMetadata(SchemaDropperImpl.java:210) [hibernate-core-7.3.0.Final.jar:7.3.0.Final]
	at org.hibernate.tool.schema.internal.SchemaDropperImpl.performDrop(SchemaDropperImpl.java:182) [hibernate-core-7.3.0.Final.jar:7.3.0.Final]
	at org.hibernate.tool.schema.internal.SchemaDropperImpl.doDrop(SchemaDropperImpl.java:152) [hibernate-core-7.3.0.Final.jar:7.3.0.Final]
	at org.hibernate.tool.schema.internal.SchemaDropperImpl.doDrop(SchemaDropperImpl.java:112) [hibernate-core-7.3.0.Final.jar:7.3.0.Final]
	at org.hibernate.tool.schema.spi.SchemaManagementToolCoordinator.performDatabaseAction(SchemaManagementToolCoordinator.java:227) [hibernate-core-7.3.0.Final.jar:7.3.0.Final]
	at org.hibernate.tool.schema.spi.SchemaManagementToolCoordinator.lambda$process$1(SchemaManagementToolCoordinator.java:101) [hibernate-core-7.3.0.Final.jar:7.3.0.Final]
	at java.util.HashMap.forEach(HashMap.java:1430) [?:?]
	at org.hibernate.tool.schema.spi.SchemaManagementToolCoordinator.process(SchemaManagementToolCoordinator.java:100) [hibernate-core-7.3.0.Final.jar:7.3.0.Final]
	at org.hibernate.boot.internal.SessionFactoryObserverForSchemaExport.sessionFactoryCreated(SessionFactoryObserverForSchemaExport.java:35) [hibernate-core-7.3.0.Final.jar:7.3.0.Final]
	at org.hibernate.internal.SessionFactoryObserverChain.sessionFactoryCreated(SessionFactoryObserverChain.java:33) [hibernate-core-7.3.0.Final.jar:7.3.0.Final]
	at org.hibernate.internal.SessionFactoryImpl.<init>(SessionFactoryImpl.java:323) [hibernate-core-7.3.0.Final.jar:7.3.0.Final]
	at org.hibernate.internal.SessionFactoryRegistry.instantiateSessionFactory(SessionFactoryRegistry.java:64) [hibernate-core-7.3.0.Final.jar:7.3.0.Final]
	at org.hibernate.boot.internal.SessionFactoryBuilderImpl.build(SessionFactoryBuilderImpl.java:444) [hibernate-core-7.3.0.Final.jar:7.3.0.Final]
	at org.hibernate.cfg.Configuration.buildSessionFactory(Configuration.java:1112) [hibernate-core-7.3.0.Final.jar:7.3.0.Final]
	at org.hibernate.cfg.Configuration.buildSessionFactory(Configuration.java:1131) [hibernate-core-7.3.0.Final.jar:7.3.0.Final]
	at com.test.TestDemo.main(TestDemo.java:17) [classes/:?]
Caused by: java.sql.SQLSyntaxErrorException: Table 'mlamarch3.cst_ord' doesn't exist
	at com.mysql.cj.jdbc.exceptions.SQLError.createSQLException(SQLError.java:121) ~[mysql-connector-j-8.0.33.jar:8.0.33]
	at com.mysql.cj.jdbc.exceptions.SQLExceptionsMapping.translateException(SQLExceptionsMapping.java:122) ~[mysql-connector-j-8.0.33.jar:8.0.33]
	at com.mysql.cj.jdbc.StatementImpl.executeInternal(StatementImpl.java:763) ~[mysql-connector-j-8.0.33.jar:8.0.33]
	at com.mysql.cj.jdbc.StatementImpl.execute(StatementImpl.java:648) ~[mysql-connector-j-8.0.33.jar:8.0.33]
	at org.hibernate.tool.schema.internal.exec.GenerationTargetToDatabase.accept(GenerationTargetToDatabase.java:76) ~[hibernate-core-7.3.0.Final.jar:7.3.0.Final]
	... 20 more
2026-03-26 12:23:28 DEBUG SQL:126 - 
    alter table cst_ord 
       drop 
       foreign key FKhsgw231v7x0rsmbtsd1s256ls
2026-03-26 12:23:28 WARN  ExceptionHandlerLoggedImpl:25 - GenerationTarget encountered exception accepting command : Error executing DDL "
    alter table cst_ord 
       drop 
       foreign key FKhsgw231v7x0rsmbtsd1s256ls" via JDBC [Table 'mlamarch3.cst_ord' doesn't exist]
org.hibernate.tool.schema.spi.CommandAcceptanceException: Error executing DDL "
    alter table cst_ord 
       drop 
       foreign key FKhsgw231v7x0rsmbtsd1s256ls" via JDBC [Table 'mlamarch3.cst_ord' doesn't exist]
	at org.hibernate.tool.schema.internal.exec.GenerationTargetToDatabase.accept(GenerationTargetToDatabase.java:81) ~[hibernate-core-7.3.0.Final.jar:7.3.0.Final]
	at org.hibernate.tool.schema.internal.Helper.applySqlString(Helper.java:218) [hibernate-core-7.3.0.Final.jar:7.3.0.Final]
	at org.hibernate.tool.schema.internal.Helper.applySqlStrings(Helper.java:204) [hibernate-core-7.3.0.Final.jar:7.3.0.Final]
	at org.hibernate.tool.schema.internal.SchemaDropperImpl.applyConstraintDropping(SchemaDropperImpl.java:473) [hibernate-core-7.3.0.Final.jar:7.3.0.Final]
	at org.hibernate.tool.schema.internal.SchemaDropperImpl.dropConstraintsTablesSequences(SchemaDropperImpl.java:237) [hibernate-core-7.3.0.Final.jar:7.3.0.Final]
	at org.hibernate.tool.schema.internal.SchemaDropperImpl.dropFromMetadata(SchemaDropperImpl.java:210) [hibernate-core-7.3.0.Final.jar:7.3.0.Final]
	at org.hibernate.tool.schema.internal.SchemaDropperImpl.performDrop(SchemaDropperImpl.java:182) [hibernate-core-7.3.0.Final.jar:7.3.0.Final]
	at org.hibernate.tool.schema.internal.SchemaDropperImpl.doDrop(SchemaDropperImpl.java:152) [hibernate-core-7.3.0.Final.jar:7.3.0.Final]
	at org.hibernate.tool.schema.internal.SchemaDropperImpl.doDrop(SchemaDropperImpl.java:112) [hibernate-core-7.3.0.Final.jar:7.3.0.Final]
	at org.hibernate.tool.schema.spi.SchemaManagementToolCoordinator.performDatabaseAction(SchemaManagementToolCoordinator.java:227) [hibernate-core-7.3.0.Final.jar:7.3.0.Final]
	at org.hibernate.tool.schema.spi.SchemaManagementToolCoordinator.lambda$process$1(SchemaManagementToolCoordinator.java:101) [hibernate-core-7.3.0.Final.jar:7.3.0.Final]
	at java.util.HashMap.forEach(HashMap.java:1430) [?:?]
	at org.hibernate.tool.schema.spi.SchemaManagementToolCoordinator.process(SchemaManagementToolCoordinator.java:100) [hibernate-core-7.3.0.Final.jar:7.3.0.Final]
	at org.hibernate.boot.internal.SessionFactoryObserverForSchemaExport.sessionFactoryCreated(SessionFactoryObserverForSchemaExport.java:35) [hibernate-core-7.3.0.Final.jar:7.3.0.Final]
	at org.hibernate.internal.SessionFactoryObserverChain.sessionFactoryCreated(SessionFactoryObserverChain.java:33) [hibernate-core-7.3.0.Final.jar:7.3.0.Final]
	at org.hibernate.internal.SessionFactoryImpl.<init>(SessionFactoryImpl.java:323) [hibernate-core-7.3.0.Final.jar:7.3.0.Final]
	at org.hibernate.internal.SessionFactoryRegistry.instantiateSessionFactory(SessionFactoryRegistry.java:64) [hibernate-core-7.3.0.Final.jar:7.3.0.Final]
	at org.hibernate.boot.internal.SessionFactoryBuilderImpl.build(SessionFactoryBuilderImpl.java:444) [hibernate-core-7.3.0.Final.jar:7.3.0.Final]
	at org.hibernate.cfg.Configuration.buildSessionFactory(Configuration.java:1112) [hibernate-core-7.3.0.Final.jar:7.3.0.Final]
	at org.hibernate.cfg.Configuration.buildSessionFactory(Configuration.java:1131) [hibernate-core-7.3.0.Final.jar:7.3.0.Final]
	at com.test.TestDemo.main(TestDemo.java:17) [classes/:?]
Caused by: java.sql.SQLSyntaxErrorException: Table 'mlamarch3.cst_ord' doesn't exist
	at com.mysql.cj.jdbc.exceptions.SQLError.createSQLException(SQLError.java:121) ~[mysql-connector-j-8.0.33.jar:8.0.33]
	at com.mysql.cj.jdbc.exceptions.SQLExceptionsMapping.translateException(SQLExceptionsMapping.java:122) ~[mysql-connector-j-8.0.33.jar:8.0.33]
	at com.mysql.cj.jdbc.StatementImpl.executeInternal(StatementImpl.java:763) ~[mysql-connector-j-8.0.33.jar:8.0.33]
	at com.mysql.cj.jdbc.StatementImpl.execute(StatementImpl.java:648) ~[mysql-connector-j-8.0.33.jar:8.0.33]
	at org.hibernate.tool.schema.internal.exec.GenerationTargetToDatabase.accept(GenerationTargetToDatabase.java:76) ~[hibernate-core-7.3.0.Final.jar:7.3.0.Final]
	... 20 more
2026-03-26 12:23:28 DEBUG SQL:126 - 
    drop table if exists cst_ord
2026-03-26 12:23:28 DEBUG SQL:126 - 
    drop table if exists customers
2026-03-26 12:23:28 DEBUG SQL:126 - 
    drop table if exists customers_SEQ
2026-03-26 12:23:28 DEBUG SQL:126 - 
    drop table if exists orders
2026-03-26 12:23:28 DEBUG SQL:126 - 
    drop table if exists orders_SEQ
2026-03-26 12:23:28 DEBUG SQL:126 - 
    create table cst_ord (
        c_id integer not null,
        o_id integer not null
    ) engine=InnoDB
2026-03-26 12:23:28 DEBUG SQL:126 - 
    create table customers (
        id integer not null,
        c_name varchar(255),
        primary key (id)
    ) engine=InnoDB
2026-03-26 12:23:29 DEBUG SQL:126 - 
    create table customers_SEQ (
        next_val bigint
    ) engine=InnoDB
2026-03-26 12:23:29 DEBUG SQL:126 - 
    insert into customers_SEQ ( next_val ) values ( 1 )
2026-03-26 12:23:29 DEBUG SQL:126 - 
    create table orders (
        id integer not null,
        o_price integer not null,
        o_name varchar(255),
        primary key (id)
    ) engine=InnoDB
2026-03-26 12:23:30 DEBUG SQL:126 - 
    create table orders_SEQ (
        next_val bigint
    ) engine=InnoDB
2026-03-26 12:23:31 DEBUG SQL:126 - 
    insert into orders_SEQ ( next_val ) values ( 1 )
2026-03-26 12:23:31 DEBUG SQL:126 - 
    alter table cst_ord 
       add constraint FKekkp7qrydsgjorw1yn653ehql 
       foreign key (o_id) 
       references orders (id)
2026-03-26 12:23:32 DEBUG SQL:126 - 
    alter table cst_ord 
       add constraint FKhsgw231v7x0rsmbtsd1s256ls 
       foreign key (c_id) 
       references customers (id)
2026-03-26 12:23:32 DEBUG factoryRegistry:86 - HHH020384: Registering SessionFactory [d5040ee1-8aee-49d7-b6fb-2aa60eefcc1b] (<unnamed>)
2026-03-26 12:23:32 DEBUG core:151 - HHH006588: Opening session [tenant=null]
2026-03-26 12:23:32 DEBUG core:74 - HHH006583: Beginning transaction
2026-03-26 12:23:32 DEBUG SQL:126 - 
    select
        next_val as id_val 
    from
        customers_SEQ 
    for
        update
2026-03-26 12:23:32 DEBUG SQL:126 - 
    update
        customers_SEQ 
    set
        next_val= ? 
    where
        next_val=?
2026-03-26 12:23:33 DEBUG SQL:126 - 
    select
        next_val as id_val 
    from
        orders_SEQ 
    for
        update
2026-03-26 12:23:33 DEBUG SQL:126 - 
    update
        orders_SEQ 
    set
        next_val= ? 
    where
        next_val=?
2026-03-26 12:23:33 DEBUG SQL:126 - 
    select
        next_val as id_val 
    from
        orders_SEQ 
    for
        update
2026-03-26 12:23:33 DEBUG SQL:126 - 
    update
        orders_SEQ 
    set
        next_val= ? 
    where
        next_val=?
2026-03-26 12:23:33 DEBUG core:87 - HHH006584: Committing transaction
2026-03-26 12:23:33 DEBUG event:98 - HHH90060071: Flushed: 3 insertions, 0 updates, 0 deletions to 3 objects
2026-03-26 12:23:33 DEBUG event:104 - HHH90060072: Flushed: 1 (re)creations, 0 updates, 0 removals to 1 collections
2026-03-26 12:23:33 DEBUG core:102 - Listing entities:
2026-03-26 12:23:33 DEBUG core:111 - com.test.Order{o_name=Mango, o_price=33, id=2}
2026-03-26 12:23:33 DEBUG core:111 - com.test.Order{o_name=Apple, o_price=12, id=1}
2026-03-26 12:23:33 DEBUG core:111 - com.test.Customer{c_name=Rohit, orders=[com.test.Order#1, com.test.Order#2], id=1}
2026-03-26 12:23:33 DEBUG SQL:126 - 
    insert 
    into
        customers
        (c_name, id) 
    values
        (?, ?)
2026-03-26 12:23:33 DEBUG SQL:126 - 
    insert 
    into
        orders
        (o_name, o_price, id) 
    values
        (?, ?, ?)
2026-03-26 12:23:33 DEBUG SQL:126 - 
    insert 
    into
        orders
        (o_name, o_price, id) 
    values
        (?, ?, ?)
2026-03-26 12:23:33 DEBUG SQL:126 - 
    insert 
    into
        cst_ord
        (c_id, o_id) 
    values
        (?, ?)
2026-03-26 12:23:33 DEBUG SQL:126 - 
    insert 
    into
        cst_ord
        (c_id, o_id) 
    values
        (?, ?)
2026-03-26 12:25:31 DEBUG service:41 - HHH010455: Adding integrator: org.hibernate.boot.beanvalidation.BeanValidationIntegrator
2026-03-26 12:25:31 DEBUG service:41 - HHH010455: Adding integrator: org.hibernate.cache.internal.CollectionCacheInvalidator
2026-03-26 12:25:31 INFO  core:41 - HHH000001: Hibernate ORM core version 7.3.0.Final
2026-03-26 12:25:31 DEBUG core:155 - HHH000206: 'hibernate.properties' not found
2026-03-26 12:25:31 DEBUG boot:97 - HHH160204: cfg.xml document did not define namespaces; wrapping in custom event reader to introduce namespace information
2026-03-26 12:25:31 DEBUG cache:116 - HHH90001031: Cannot default RegionFactory since no RegionFactory strategies were registered
2026-03-26 12:25:31 DEBUG cache:46 - HHH90001029: Second-level cache disabled
2026-03-26 12:25:32 WARN  pooling:86 - HHH10001002: Using built-in connection pool (not intended for production use)
2026-03-26 12:25:32 DEBUG pooling:34 - HHH10001014: Initializing connection pool with 1 connections
2026-03-26 12:25:32 DEBUG jdbc:457 - HHH100017: Database:
	name: MySQL
	version: 8.0.42
	major: 8
	minor: 0
2026-03-26 12:25:32 DEBUG jdbc:463 - HHH100018: Driver:
	name: MySQL Connector/J
	version: mysql-connector-j-8.0.33 (Revision: 7d6b0800528b6b25c68b52dc10d6c1c8429c100c)
	major: 8
	minor: 0
	JDBC version: 4.2
2026-03-26 12:25:32 WARN  deprecation:152 - HHH90000025: MySQLDialect does not need to be specified explicitly using 'hibernate.dialect' (remove the property setting and it will be selected by default)
2026-03-26 12:25:32 DEBUG dialect:93 - HHH035001: Using dialect: org.hibernate.dialect.MySQLDialect, version: 8.0.42
2026-03-26 12:25:32 DEBUG IdentifierHelperBuilder:205 - IdentifierCaseStrategy for both quoted and unquoted identifiers was set to the same strategy [LOWER]; that will likely lead to problems in schema update and validation if using quoted identifiers
2026-03-26 12:25:32 DEBUG jdbc:379 - HHH100122: Using default JDBC fetch size: 0
2026-03-26 12:25:32 INFO  pooling:179 - HHH10001005: Database info:
	Database JDBC URL [jdbc:mysql://localhost:3306/mlamarch3]
	Database driver: MySQL Connector/J
	Database dialect: MySQLDialect
	Database version: 8.0.42
	Default catalog/schema: mlamarch3/undefined
	Autocommit mode: false
	Isolation level: REPEATABLE_READ
	JDBC fetch size: none
	Pool: DriverManagerConnectionProvider
	Minimum pool size: 1
	Maximum pool size: 20
2026-03-26 12:25:33 DEBUG factory:230 - HHH90020001: Instantiating factory [152280c6-1999-4a6e-9405-cf371d5cf3cb] with settings: {hibernate.format_sql=true, java.specification.version=25, sun.cpu.isalist=amd64, sun.jnu.encoding=Cp1252, hibernate.dialect=org.hibernate.dialect.MySQLDialect, java.class.path=C:\Users\ar.likith\Desktop\sts\HibernateMappingExp3\target\classes;C:\Users\ar.likith\.m2\repository\com\mysql\mysql-connector-j\8.0.33\mysql-connector-j-8.0.33.jar;C:\Users\ar.likith\.m2\repository\com\google\protobuf\protobuf-java\3.21.9\protobuf-java-3.21.9.jar;C:\Users\ar.likith\.m2\repository\org\hibernate\orm\hibernate-core\7.3.0.Final\hibernate-core-7.3.0.Final.jar;C:\Users\ar.likith\.m2\repository\jakarta\persistence\jakarta.persistence-api\3.2.0\jakarta.persistence-api-3.2.0.jar;C:\Users\ar.likith\.m2\repository\jakarta\transaction\jakarta.transaction-api\2.0.1\jakarta.transaction-api-2.0.1.jar;C:\Users\ar.likith\.m2\repository\org\jboss\logging\jboss-logging\3.6.1.Final\jboss-logging-3.6.1.Final.jar;C:\Users\ar.likith\.m2\repository\org\hibernate\models\hibernate-models\1.1.0\hibernate-models-1.1.0.jar;C:\Users\ar.likith\.m2\repository\net\bytebuddy\byte-buddy\1.18.7\byte-buddy-1.18.7.jar;C:\Users\ar.likith\.m2\repository\jakarta\xml\bind\jakarta.xml.bind-api\4.0.4\jakarta.xml.bind-api-4.0.4.jar;C:\Users\ar.likith\.m2\repository\jakarta\activation\jakarta.activation-api\2.1.4\jakarta.activation-api-2.1.4.jar;C:\Users\ar.likith\.m2\repository\org\glassfish\jaxb\jaxb-runtime\4.0.6\jaxb-runtime-4.0.6.jar;C:\Users\ar.likith\.m2\repository\org\glassfish\jaxb\jaxb-core\4.0.6\jaxb-core-4.0.6.jar;C:\Users\ar.likith\.m2\repository\org\eclipse\angus\angus-activation\2.0.3\angus-activation-2.0.3.jar;C:\Users\ar.likith\.m2\repository\org\glassfish\jaxb\txw2\4.0.6\txw2-4.0.6.jar;C:\Users\ar.likith\.m2\repository\com\sun\istack\istack-commons-runtime\4.1.2\istack-commons-runtime-4.1.2.jar;C:\Users\ar.likith\.m2\repository\jakarta\inject\jakarta.inject-api\2.0.1\jakarta.inject-api-2.0.1.jar;C:\Users\ar.likith\.m2\repository\org\antlr\antlr4-runtime\4.13.2\antlr4-runtime-4.13.2.jar;C:\Users\ar.likith\.m2\repository\org\apache\logging\log4j\log4j-core\2.17.1\log4j-core-2.17.1.jar;C:\Users\ar.likith\.m2\repository\org\apache\logging\log4j\log4j-api\2.17.1\log4j-api-2.17.1.jar;C:\Users\ar.likith\.m2\repository\org\apache\logging\log4j\log4j-slf4j-impl\2.17.1\log4j-slf4j-impl-2.17.1.jar;C:\Users\ar.likith\.m2\repository\org\slf4j\slf4j-api\1.7.25\slf4j-api-1.7.25.jar, java.vm.vendor=Eclipse Adoptium, sun.arch.data.model=64, hbm2ddl.auto=create, user.variant=, java.vendor.url=https://adoptium.net/, user.timezone=Asia/Calcutta, java.vm.specification.version=25, os.name=Windows 11, sun.java.launcher=SUN_STANDARD, user.country=US, sun.boot.library.path=C:\Users\ar.likith\Downloads\sts-5.1.1.RELEASE\plugins\org.eclipse.justj.openjdk.hotspot.jre.full.win32.x86_64_25.0.2.v20260203-1141\jre\bin, sun.java.command=com.test.TestDemo, jdk.debug=release, sun.cpu.endian=little, user.home=C:\Users\ar.likith, user.language=en, java.specification.vendor=Oracle Corporation, java.version.date=2026-01-20, java.home=C:\Users\ar.likith\Downloads\sts-5.1.1.RELEASE\plugins\org.eclipse.justj.openjdk.hotspot.jre.full.win32.x86_64_25.0.2.v20260203-1141\jre, file.separator=\, java.vm.compressedOopsMode=Zero based, line.separator=
, java.vm.specification.vendor=Oracle Corporation, java.specification.name=Java Platform API Specification, hibernate.hbm2ddl.auto=create, user.script=, sun.management.compiler=HotSpot 64-Bit Tiered Compilers, java.runtime.version=25.0.2+10-LTS, user.name=ar.likith, stdout.encoding=UTF-8, path.separator=;, hibernate.connection.username=****, os.version=10.0, java.runtime.name=OpenJDK Runtime Environment, hibernate.connection.url=jdbc:mysql://localhost:3306/mlamarch3, file.encoding=UTF-8, format_sql=true, java.vm.name=OpenJDK 64-Bit Server VM, hibernate.show_sql=true, java.vendor.version=Temurin-25.0.2+10, show_sql=true, hibernate.connection.driver_class=com.mysql.cj.jdbc.Driver, java.vendor.url.bug=https://github.com/adoptium/adoptium-support/issues, java.io.tmpdir=C:\Users\ARBCDF~1.LIK\AppData\Local\Temp\, java.version=25.0.2, user.dir=C:\Users\ar.likith\Desktop\sts\HibernateMappingExp3, os.arch=amd64, java.vm.specification.name=Java Virtual Machine Specification, hibernate.connection.password=****, sun.os.patch.level=, hibernate.boot.CfgXmlAccessService.key=org.hibernate.boot.cfgxml.spi.LoadedConfig@4b88ca8e, native.encoding=Cp1252, java.library.path=C:\Users\ar.likith\Downloads\sts-5.1.1.RELEASE\plugins\org.eclipse.justj.openjdk.hotspot.jre.full.win32.x86_64_25.0.2.v20260203-1141\jre\bin;C:\WINDOWS\Sun\Java\bin;C:\WINDOWS\system32;C:\WINDOWS;C:/Users/ar.likith/Downloads/sts-5.1.1.RELEASE//plugins/org.eclipse.justj.openjdk.hotspot.jre.full.win32.x86_64_25.0.2.v20260203-1141/jre/bin/server;C:/Users/ar.likith/Downloads/sts-5.1.1.RELEASE//plugins/org.eclipse.justj.openjdk.hotspot.jre.full.win32.x86_64_25.0.2.v20260203-1141/jre/bin;C:\Program Files\Microsoft\jdk-11.0.23.9-hotspot\bin;C:\Program Files\Microsoft\jdk-17.0.15.6-hotspot\bin;C:\Program Files\Python313\Scripts\;C:\Program Files\Python313\;%SystemRoot%\system32;%SystemRoot%;%SystemRoot%\System32\Wbem;%SYSTEMROOT%\System32\WindowsPowerShell\v1.0\;%SYSTEMROOT%\System32\OpenSSH\;C:\Program Files (x86)\Microsoft SQL Server\160\Tools\Binn\;C:\Program Files\Microsoft SQL Server\160\Tools\Binn\;C:\Program Files\Microsoft SQL Server\Client SDK\ODBC\170\Tools\Binn\;C:\Program Files\Microsoft SQL Server\160\DTS\Binn\;C:\Program Files\dotnet\;C:\Program Files\Microsoft VS Code\bin;C:\Program Files\Git\cmd;C:\Program Files\apache-maven-3.9.10\bin;C:\Program Files\nodejs\;C:\Program Files\PuTTY\;C:\Program Files (x86)\Microsoft SQL Server\160\DTS\Binn\;C:\Program Files\apache-maven-3.9.10\bin;C:\Program Files\apache-maven-3.9.10\bin;C:\Program Files\apache-maven-3.9.10\bin;C:\Program Files\apache-maven-3.9.10\bin;C:\Program Files\apache-maven-3.9.10\bin;C:\Users\ar.likith\AppData\Local\Microsoft\WindowsApps;;C:\Users\ar.likith\Downloads\sts-5.1.1.RELEASE;;., stderr.encoding=UTF-8, java.vendor=Eclipse Adoptium, java.vm.info=mixed mode, sharing, stdin.encoding=Cp1252, java.vm.version=25.0.2+10-LTS, sun.io.unicode.encoding=UnicodeLittle, java.class.version=69.0}
2026-03-26 12:25:33 DEBUG HQL_FUNCTIONS:155 - Available HQL Functions:
	abs(NUMERIC arg)
	Double acos(NUMERIC arg)
	adddate(DATE datetime, INTEGER days)
	addtime(TIME datetime, TIME time)
	Boolean any(BOOLEAN arg)
	Integer ascii(STRING arg)
	Double asin(NUMERIC arg)
	Double atan(NUMERIC arg)
	Double atan2(NUMERIC arg0, NUMERIC arg1)
	avg(arg)
	bit_and(arg)
	Integer bit_length(STRING_OR_CLOB arg)
	bit_or(arg)
	bitand(arg0, arg1)
	bitnot(arg)
	bitor(arg0, arg1)
	bitxor(arg0, arg1)
	cast(arg as Type)
	ceiling(NUMERIC arg)
	Character char(INTEGER arg)
	Integer character_length(STRING_OR_CLOB arg)
	Character chr(INTEGER arg)
	coalesce(arg0[, arg1[, ...]])
	String collate(STRING string as COLLATION collation)
	String concat(STRING string0[, STRING string1[, ...]])
	Double cos(NUMERIC arg)
	Double cosh(NUMERIC arg)
	Double cot(NUMERIC arg)
	Long count([distinct ]{arg|*})
	Integer crc32(arg)
	Double cume_dist([arg0[, ...]])
	Date curdate()
	Date current date
	Date current time
	Date current timestamp
	Date current_date
	Instant current_instant
	Date current_time
	Date current_timestamp
	Date curtime()
	Date date(arg)
	dateadd(TEMPORAL_UNIT field, INTEGER magnitude, TEMPORAL datetime)
	Integer datediff(DATE end, DATE start)
	Integer day(DATE arg)
	String dayname(DATE arg)
	Integer dayofmonth(DATE arg)
	Integer dayofweek(DATE arg)
	Integer dayofyear(DATE arg)
	Double degrees(NUMERIC arg)
	Long dense_rank([arg0[, ...]])
	Boolean every(BOOLEAN arg)
	Double exp(NUMERIC arg)
	extract(TEMPORAL_UNIT field from TEMPORAL arg)
	first_valueANY value
	floor(NUMERIC arg)
	String format(TEMPORAL datetime as STRING pattern)
	greatest(COMPARABLE arg0, COMPARABLE arg1[, arg2[, ...]])
	String hex(arg)
	Integer hour(TIME arg)
	ifnull(arg0, arg1)
	String insert(STRING string, INTEGER start, INTEGER length, STRING replacement)
	Instant instant
	Integer instr(STRING string, STRING pattern[, INTEGER start[, INTEGER occurrence]])
	String json_array([arg0[, ...]])
	String json_array_append(IMPLICIT_JSON arg0, STRING arg1, ANY arg2)
	String json_array_insert(IMPLICIT_JSON arg0, STRING arg1, ANY arg2)
	String json_arrayagg(arg0[, arg1])
	Boolean json_exists(IMPLICIT_JSON arg0, STRING arg1)
	String json_insert(IMPLICIT_JSON arg0, STRING arg1, ANY arg2)
	String json_mergepatch(IMPLICIT_JSON arg0, IMPLICIT_JSON arg1[, arg2[, ...]])
	String json_object( ... )
	String json_objectagg(arg0, arg1[, arg2, arg3])
	String json_query( ... )
	String json_remove(IMPLICIT_JSON arg0, STRING arg1)
	String json_replace(IMPLICIT_JSON arg0, STRING arg1, ANY arg2)
	String json_set(IMPLICIT_JSON arg0, STRING arg1, ANY arg2)
	json_value( ... )
	lagANY value[, INTEGER offset[, ANY default]]
	Date last_day(DATE arg)
	last_valueANY value
	leadANY value[, INTEGER offset[, ANY default]]
	least(COMPARABLE arg0, COMPARABLE arg1[, arg2[, ...]])
	String left(STRING string, INTEGER length)
	Integer length(STRING_OR_CLOB arg)
	String listagg(STRING arg0, STRING arg1)
	Double ln(NUMERIC arg)
	LocalDate local date
	LocalDateTime local datetime
	LocalTime local time
	LocalDate local_date
	LocalDateTime local_datetime
	LocalTime local_time
	Date localtime
	Date localtimestamp
	Integer locate(STRING pattern, STRING string[, INTEGER start])
	Double log(NUMERIC arg0[, NUMERIC arg1])
	Double log10(NUMERIC arg)
	Double log2(NUMERIC arg)
	String lower(STRING string)
	String lpad(string, length[, padding])
	String ltrim(STRING string[, STRING characters])
	Date makedate(INTEGER year, INTEGER dayofyear)
	Date maketime(INTEGER hour, INTEGER min, INTEGER sec)
	max(COMPARABLE arg)
	byte[] md5(arg)
	Integer microsecond(TIME arg)
	min(COMPARABLE arg)
	Integer minute(TIME arg)
	Integer mod(INTEGER arg0, INTEGER arg1)
	Integer month(DATE arg)
	String monthname(DATE arg)
	Date now()
	nth_valueANY value, INTEGER nth
	nullif(arg0, arg1)
	Integer octet_length(STRING_OR_CLOB arg)
	OffsetDateTime offset datetime
	OffsetDateTime offset_datetime
	Integer ordinal(ENUM arg)
	String overlay(STRING string placing STRING replacement from INTEGER start[ for INTEGER length])
	String pad(STRING string with INTEGER length {leading|trailing}[ STRING character])
	Double percent_rank([arg0[, ...]])
	Double pi
	Integer position(STRING pattern in STRING string)
	Double power(NUMERIC arg0, NUMERIC arg1)
	Integer quarter(DATE arg)
	Double radians(NUMERIC arg)
	Double rand([INTEGER seed])
	Long rank([arg0[, ...]])
	Boolean regexp_like(STRING arg0, STRING arg1[, STRING arg2])
	String repeat(STRING string, INTEGER times)
	String replace(STRING string, STRING pattern, STRING replacement)
	String reverse(STRING arg)
	String right(STRING string, INTEGER length)
	round(NUMERIC number[, INTEGER places])
	Long row_number()
	String rpad(string, length[, padding])
	String rtrim(STRING string[, STRING characters])
	Integer second(TIME arg)
	byte[] sha(arg)
	String sha1(arg)
	String sha2(arg0, arg1)
	Integer sign(NUMERIC arg)
	Double sin(NUMERIC arg)
	Double sinh(NUMERIC arg)
	String soundex(arg)
	String space(INTEGER arg)
	sql
	Double sqrt(NUMERIC arg)
	Double stddev(NUMERIC arg)
	Double stddev_pop(NUMERIC arg)
	Double stddev_samp(NUMERIC arg)
	String str(arg)
	String string(ENUM arg)
	subdate(DATE datetime, INTEGER days)
	String substr(STRING string, INTEGER start[, INTEGER length])
	String substring(STRING string{ from|,} INTEGER start[{ for|,} INTEGER length])
	subtime(TIME datetime, TIME time)
	sum(arg)
	Date sysdate()
	Double tan(NUMERIC arg)
	Double tanh(NUMERIC arg)
	String time(arg)
	Date timestamp(arg0[, arg1])
	timestampadd(TEMPORAL_UNIT field, INTEGER magnitude, TEMPORAL datetime)
	Long|Double timestampdiff(TEMPORAL_UNIT field, TEMPORAL start, TEMPORAL end)
	String trim([[{leading|trailing|both} ][STRING arg0 ]from] STRING arg1)
	trunc( ... )
	truncate( ... )
	String upper(STRING string)
	Date utc_date
	Date utc_time
	Date utc_timestamp
	Double var_pop(NUMERIC arg)
	Double var_samp(NUMERIC arg)
	Double variance(NUMERIC arg)
	Integer week(DATE arg)
	Integer year(DATE arg)

2026-03-26 12:25:33 DEBUG core:211 - HHH000513: Unable to create the ReflectionOptimizer for [com.test.Order]: private accessor [o_name]
2026-03-26 12:25:33 DEBUG core:211 - HHH000513: Unable to create the ReflectionOptimizer for [com.test.Customer]: private accessor [c_name]
2026-03-26 12:25:33 INFO  core:53 - HHH000489: No JTA platform available (set 'hibernate.transaction.jta.platform' to enable JTA platform integration)
2026-03-26 12:25:33 DEBUG service:102 - HHH010454: EventListenerRegistry access via ServiceRegistry is deprecated - use 'sessionFactory.getEventEngine().getListenerRegistry()' instead
2026-03-26 12:25:33 DEBUG SQL:126 - 
    alter table cst_ord 
       drop 
       foreign key FKekkp7qrydsgjorw1yn653ehql
2026-03-26 12:25:33 DEBUG SQL:126 - 
    alter table cst_ord 
       drop 
       foreign key FKhsgw231v7x0rsmbtsd1s256ls
2026-03-26 12:25:33 DEBUG SQL:126 - 
    drop table if exists cst_ord
2026-03-26 12:25:34 DEBUG SQL:126 - 
    drop table if exists customers
2026-03-26 12:25:34 DEBUG SQL:126 - 
    drop table if exists customers_SEQ
2026-03-26 12:25:34 DEBUG SQL:126 - 
    drop table if exists orders
2026-03-26 12:25:35 DEBUG SQL:126 - 
    drop table if exists orders_SEQ
2026-03-26 12:25:35 DEBUG SQL:126 - 
    create table cst_ord (
        c_id integer not null,
        o_id integer not null
    ) engine=InnoDB
2026-03-26 12:25:36 DEBUG SQL:126 - 
    create table customers (
        id integer not null,
        c_name varchar(255),
        primary key (id)
    ) engine=InnoDB
2026-03-26 12:25:36 DEBUG SQL:126 - 
    create table customers_SEQ (
        next_val bigint
    ) engine=InnoDB
2026-03-26 12:25:36 DEBUG SQL:126 - 
    insert into customers_SEQ ( next_val ) values ( 1 )
2026-03-26 12:25:36 DEBUG SQL:126 - 
    create table orders (
        id integer not null,
        o_price integer not null,
        o_name varchar(255),
        primary key (id)
    ) engine=InnoDB
2026-03-26 12:25:37 DEBUG SQL:126 - 
    create table orders_SEQ (
        next_val bigint
    ) engine=InnoDB
2026-03-26 12:25:37 DEBUG SQL:126 - 
    insert into orders_SEQ ( next_val ) values ( 1 )
2026-03-26 12:25:37 DEBUG SQL:126 - 
    alter table cst_ord 
       add constraint FKekkp7qrydsgjorw1yn653ehql 
       foreign key (o_id) 
       references orders (id)
2026-03-26 12:25:38 DEBUG SQL:126 - 
    alter table cst_ord 
       add constraint FKhsgw231v7x0rsmbtsd1s256ls 
       foreign key (c_id) 
       references customers (id)
2026-03-26 12:25:39 DEBUG factoryRegistry:86 - HHH020384: Registering SessionFactory [152280c6-1999-4a6e-9405-cf371d5cf3cb] (<unnamed>)
2026-03-26 12:25:39 DEBUG core:151 - HHH006588: Opening session [tenant=null]
2026-03-26 12:25:39 DEBUG core:74 - HHH006583: Beginning transaction
2026-03-26 12:25:39 DEBUG SQL:126 - 
    select
        next_val as id_val 
    from
        customers_SEQ 
    for
        update
2026-03-26 12:25:39 DEBUG SQL:126 - 
    update
        customers_SEQ 
    set
        next_val= ? 
    where
        next_val=?
2026-03-26 12:25:39 DEBUG SQL:126 - 
    select
        next_val as id_val 
    from
        orders_SEQ 
    for
        update
2026-03-26 12:25:39 DEBUG SQL:126 - 
    update
        orders_SEQ 
    set
        next_val= ? 
    where
        next_val=?
2026-03-26 12:25:39 DEBUG SQL:126 - 
    select
        next_val as id_val 
    from
        orders_SEQ 
    for
        update
2026-03-26 12:25:39 DEBUG SQL:126 - 
    update
        orders_SEQ 
    set
        next_val= ? 
    where
        next_val=?
2026-03-26 12:25:39 DEBUG core:87 - HHH006584: Committing transaction
2026-03-26 12:25:39 DEBUG event:98 - HHH90060071: Flushed: 3 insertions, 0 updates, 0 deletions to 3 objects
2026-03-26 12:25:39 DEBUG event:104 - HHH90060072: Flushed: 1 (re)creations, 0 updates, 0 removals to 1 collections
2026-03-26 12:25:39 DEBUG core:102 - Listing entities:
2026-03-26 12:25:39 DEBUG core:111 - com.test.Order{o_name=Mango, o_price=33, id=2}
2026-03-26 12:25:39 DEBUG core:111 - com.test.Order{o_name=Apple, o_price=12, id=1}
2026-03-26 12:25:39 DEBUG core:111 - com.test.Customer{c_name=Rohit, orders=[com.test.Order#1, com.test.Order#2], id=1}
2026-03-26 12:25:39 DEBUG SQL:126 - 
    insert 
    into
        customers
        (c_name, id) 
    values
        (?, ?)
2026-03-26 12:25:39 DEBUG SQL:126 - 
    insert 
    into
        orders
        (o_name, o_price, id) 
    values
        (?, ?, ?)
2026-03-26 12:25:39 DEBUG SQL:126 - 
    insert 
    into
        orders
        (o_name, o_price, id) 
    values
        (?, ?, ?)
2026-03-26 12:25:39 DEBUG SQL:126 - 
    insert 
    into
        cst_ord
        (c_id, o_id) 
    values
        (?, ?)
2026-03-26 12:25:39 DEBUG SQL:126 - 
    insert 
    into
        cst_ord
        (c_id, o_id) 
    values
        (?, ?)
2026-03-26 12:26:14 DEBUG service:41 - HHH010455: Adding integrator: org.hibernate.boot.beanvalidation.BeanValidationIntegrator
2026-03-26 12:26:14 DEBUG service:41 - HHH010455: Adding integrator: org.hibernate.cache.internal.CollectionCacheInvalidator
2026-03-26 12:26:14 INFO  core:41 - HHH000001: Hibernate ORM core version 7.3.0.Final
2026-03-26 12:26:14 DEBUG core:155 - HHH000206: 'hibernate.properties' not found
2026-03-26 12:26:14 DEBUG boot:97 - HHH160204: cfg.xml document did not define namespaces; wrapping in custom event reader to introduce namespace information
2026-03-26 12:26:14 DEBUG cache:116 - HHH90001031: Cannot default RegionFactory since no RegionFactory strategies were registered
2026-03-26 12:26:14 DEBUG cache:46 - HHH90001029: Second-level cache disabled
2026-03-26 12:26:14 WARN  pooling:86 - HHH10001002: Using built-in connection pool (not intended for production use)
2026-03-26 12:26:15 DEBUG pooling:34 - HHH10001014: Initializing connection pool with 1 connections
2026-03-26 12:26:15 DEBUG jdbc:457 - HHH100017: Database:
	name: MySQL
	version: 8.0.42
	major: 8
	minor: 0
2026-03-26 12:26:15 DEBUG jdbc:463 - HHH100018: Driver:
	name: MySQL Connector/J
	version: mysql-connector-j-8.0.33 (Revision: 7d6b0800528b6b25c68b52dc10d6c1c8429c100c)
	major: 8
	minor: 0
	JDBC version: 4.2
2026-03-26 12:26:15 WARN  deprecation:152 - HHH90000025: MySQLDialect does not need to be specified explicitly using 'hibernate.dialect' (remove the property setting and it will be selected by default)
2026-03-26 12:26:15 DEBUG dialect:93 - HHH035001: Using dialect: org.hibernate.dialect.MySQLDialect, version: 8.0.42
2026-03-26 12:26:15 DEBUG IdentifierHelperBuilder:205 - IdentifierCaseStrategy for both quoted and unquoted identifiers was set to the same strategy [LOWER]; that will likely lead to problems in schema update and validation if using quoted identifiers
2026-03-26 12:26:15 DEBUG jdbc:379 - HHH100122: Using default JDBC fetch size: 0
2026-03-26 12:26:15 INFO  pooling:179 - HHH10001005: Database info:
	Database JDBC URL [jdbc:mysql://localhost:3306/mlamarch3]
	Database driver: MySQL Connector/J
	Database dialect: MySQLDialect
	Database version: 8.0.42
	Default catalog/schema: mlamarch3/undefined
	Autocommit mode: false
	Isolation level: REPEATABLE_READ
	JDBC fetch size: none
	Pool: DriverManagerConnectionProvider
	Minimum pool size: 1
	Maximum pool size: 20
2026-03-26 12:26:15 DEBUG factory:230 - HHH90020001: Instantiating factory [a528c3f3-5adc-4e0a-8577-e22c72fc57cb] with settings: {hibernate.format_sql=true, java.specification.version=25, sun.cpu.isalist=amd64, sun.jnu.encoding=Cp1252, hibernate.dialect=org.hibernate.dialect.MySQLDialect, java.class.path=C:\Users\ar.likith\Desktop\sts\HibernateMappingExp3\target\classes;C:\Users\ar.likith\.m2\repository\com\mysql\mysql-connector-j\8.0.33\mysql-connector-j-8.0.33.jar;C:\Users\ar.likith\.m2\repository\com\google\protobuf\protobuf-java\3.21.9\protobuf-java-3.21.9.jar;C:\Users\ar.likith\.m2\repository\org\hibernate\orm\hibernate-core\7.3.0.Final\hibernate-core-7.3.0.Final.jar;C:\Users\ar.likith\.m2\repository\jakarta\persistence\jakarta.persistence-api\3.2.0\jakarta.persistence-api-3.2.0.jar;C:\Users\ar.likith\.m2\repository\jakarta\transaction\jakarta.transaction-api\2.0.1\jakarta.transaction-api-2.0.1.jar;C:\Users\ar.likith\.m2\repository\org\jboss\logging\jboss-logging\3.6.1.Final\jboss-logging-3.6.1.Final.jar;C:\Users\ar.likith\.m2\repository\org\hibernate\models\hibernate-models\1.1.0\hibernate-models-1.1.0.jar;C:\Users\ar.likith\.m2\repository\net\bytebuddy\byte-buddy\1.18.7\byte-buddy-1.18.7.jar;C:\Users\ar.likith\.m2\repository\jakarta\xml\bind\jakarta.xml.bind-api\4.0.4\jakarta.xml.bind-api-4.0.4.jar;C:\Users\ar.likith\.m2\repository\jakarta\activation\jakarta.activation-api\2.1.4\jakarta.activation-api-2.1.4.jar;C:\Users\ar.likith\.m2\repository\org\glassfish\jaxb\jaxb-runtime\4.0.6\jaxb-runtime-4.0.6.jar;C:\Users\ar.likith\.m2\repository\org\glassfish\jaxb\jaxb-core\4.0.6\jaxb-core-4.0.6.jar;C:\Users\ar.likith\.m2\repository\org\eclipse\angus\angus-activation\2.0.3\angus-activation-2.0.3.jar;C:\Users\ar.likith\.m2\repository\org\glassfish\jaxb\txw2\4.0.6\txw2-4.0.6.jar;C:\Users\ar.likith\.m2\repository\com\sun\istack\istack-commons-runtime\4.1.2\istack-commons-runtime-4.1.2.jar;C:\Users\ar.likith\.m2\repository\jakarta\inject\jakarta.inject-api\2.0.1\jakarta.inject-api-2.0.1.jar;C:\Users\ar.likith\.m2\repository\org\antlr\antlr4-runtime\4.13.2\antlr4-runtime-4.13.2.jar;C:\Users\ar.likith\.m2\repository\org\apache\logging\log4j\log4j-core\2.17.1\log4j-core-2.17.1.jar;C:\Users\ar.likith\.m2\repository\org\apache\logging\log4j\log4j-api\2.17.1\log4j-api-2.17.1.jar;C:\Users\ar.likith\.m2\repository\org\apache\logging\log4j\log4j-slf4j-impl\2.17.1\log4j-slf4j-impl-2.17.1.jar;C:\Users\ar.likith\.m2\repository\org\slf4j\slf4j-api\1.7.25\slf4j-api-1.7.25.jar, java.vm.vendor=Eclipse Adoptium, sun.arch.data.model=64, hbm2ddl.auto=create, user.variant=, java.vendor.url=https://adoptium.net/, user.timezone=Asia/Calcutta, java.vm.specification.version=25, os.name=Windows 11, sun.java.launcher=SUN_STANDARD, user.country=US, sun.boot.library.path=C:\Users\ar.likith\Downloads\sts-5.1.1.RELEASE\plugins\org.eclipse.justj.openjdk.hotspot.jre.full.win32.x86_64_25.0.2.v20260203-1141\jre\bin, sun.java.command=com.test.TestDemo, jdk.debug=release, sun.cpu.endian=little, user.home=C:\Users\ar.likith, user.language=en, java.specification.vendor=Oracle Corporation, java.version.date=2026-01-20, java.home=C:\Users\ar.likith\Downloads\sts-5.1.1.RELEASE\plugins\org.eclipse.justj.openjdk.hotspot.jre.full.win32.x86_64_25.0.2.v20260203-1141\jre, file.separator=\, java.vm.compressedOopsMode=Zero based, line.separator=
, java.vm.specification.vendor=Oracle Corporation, java.specification.name=Java Platform API Specification, hibernate.hbm2ddl.auto=create, user.script=, sun.management.compiler=HotSpot 64-Bit Tiered Compilers, java.runtime.version=25.0.2+10-LTS, user.name=ar.likith, stdout.encoding=UTF-8, path.separator=;, hibernate.connection.username=****, os.version=10.0, java.runtime.name=OpenJDK Runtime Environment, hibernate.connection.url=jdbc:mysql://localhost:3306/mlamarch3, file.encoding=UTF-8, format_sql=true, java.vm.name=OpenJDK 64-Bit Server VM, hibernate.show_sql=true, java.vendor.version=Temurin-25.0.2+10, show_sql=true, hibernate.connection.driver_class=com.mysql.cj.jdbc.Driver, java.vendor.url.bug=https://github.com/adoptium/adoptium-support/issues, java.io.tmpdir=C:\Users\ARBCDF~1.LIK\AppData\Local\Temp\, java.version=25.0.2, user.dir=C:\Users\ar.likith\Desktop\sts\HibernateMappingExp3, os.arch=amd64, java.vm.specification.name=Java Virtual Machine Specification, hibernate.connection.password=****, sun.os.patch.level=, hibernate.boot.CfgXmlAccessService.key=org.hibernate.boot.cfgxml.spi.LoadedConfig@4b88ca8e, native.encoding=Cp1252, java.library.path=C:\Users\ar.likith\Downloads\sts-5.1.1.RELEASE\plugins\org.eclipse.justj.openjdk.hotspot.jre.full.win32.x86_64_25.0.2.v20260203-1141\jre\bin;C:\WINDOWS\Sun\Java\bin;C:\WINDOWS\system32;C:\WINDOWS;C:/Users/ar.likith/Downloads/sts-5.1.1.RELEASE//plugins/org.eclipse.justj.openjdk.hotspot.jre.full.win32.x86_64_25.0.2.v20260203-1141/jre/bin/server;C:/Users/ar.likith/Downloads/sts-5.1.1.RELEASE//plugins/org.eclipse.justj.openjdk.hotspot.jre.full.win32.x86_64_25.0.2.v20260203-1141/jre/bin;C:\Program Files\Microsoft\jdk-11.0.23.9-hotspot\bin;C:\Program Files\Microsoft\jdk-17.0.15.6-hotspot\bin;C:\Program Files\Python313\Scripts\;C:\Program Files\Python313\;%SystemRoot%\system32;%SystemRoot%;%SystemRoot%\System32\Wbem;%SYSTEMROOT%\System32\WindowsPowerShell\v1.0\;%SYSTEMROOT%\System32\OpenSSH\;C:\Program Files (x86)\Microsoft SQL Server\160\Tools\Binn\;C:\Program Files\Microsoft SQL Server\160\Tools\Binn\;C:\Program Files\Microsoft SQL Server\Client SDK\ODBC\170\Tools\Binn\;C:\Program Files\Microsoft SQL Server\160\DTS\Binn\;C:\Program Files\dotnet\;C:\Program Files\Microsoft VS Code\bin;C:\Program Files\Git\cmd;C:\Program Files\apache-maven-3.9.10\bin;C:\Program Files\nodejs\;C:\Program Files\PuTTY\;C:\Program Files (x86)\Microsoft SQL Server\160\DTS\Binn\;C:\Program Files\apache-maven-3.9.10\bin;C:\Program Files\apache-maven-3.9.10\bin;C:\Program Files\apache-maven-3.9.10\bin;C:\Program Files\apache-maven-3.9.10\bin;C:\Program Files\apache-maven-3.9.10\bin;C:\Users\ar.likith\AppData\Local\Microsoft\WindowsApps;;C:\Users\ar.likith\Downloads\sts-5.1.1.RELEASE;;., stderr.encoding=UTF-8, java.vendor=Eclipse Adoptium, java.vm.info=mixed mode, sharing, stdin.encoding=Cp1252, java.vm.version=25.0.2+10-LTS, sun.io.unicode.encoding=UnicodeLittle, java.class.version=69.0}
2026-03-26 12:26:15 DEBUG HQL_FUNCTIONS:155 - Available HQL Functions:
	abs(NUMERIC arg)
	Double acos(NUMERIC arg)
	adddate(DATE datetime, INTEGER days)
	addtime(TIME datetime, TIME time)
	Boolean any(BOOLEAN arg)
	Integer ascii(STRING arg)
	Double asin(NUMERIC arg)
	Double atan(NUMERIC arg)
	Double atan2(NUMERIC arg0, NUMERIC arg1)
	avg(arg)
	bit_and(arg)
	Integer bit_length(STRING_OR_CLOB arg)
	bit_or(arg)
	bitand(arg0, arg1)
	bitnot(arg)
	bitor(arg0, arg1)
	bitxor(arg0, arg1)
	cast(arg as Type)
	ceiling(NUMERIC arg)
	Character char(INTEGER arg)
	Integer character_length(STRING_OR_CLOB arg)
	Character chr(INTEGER arg)
	coalesce(arg0[, arg1[, ...]])
	String collate(STRING string as COLLATION collation)
	String concat(STRING string0[, STRING string1[, ...]])
	Double cos(NUMERIC arg)
	Double cosh(NUMERIC arg)
	Double cot(NUMERIC arg)
	Long count([distinct ]{arg|*})
	Integer crc32(arg)
	Double cume_dist([arg0[, ...]])
	Date curdate()
	Date current date
	Date current time
	Date current timestamp
	Date current_date
	Instant current_instant
	Date current_time
	Date current_timestamp
	Date curtime()
	Date date(arg)
	dateadd(TEMPORAL_UNIT field, INTEGER magnitude, TEMPORAL datetime)
	Integer datediff(DATE end, DATE start)
	Integer day(DATE arg)
	String dayname(DATE arg)
	Integer dayofmonth(DATE arg)
	Integer dayofweek(DATE arg)
	Integer dayofyear(DATE arg)
	Double degrees(NUMERIC arg)
	Long dense_rank([arg0[, ...]])
	Boolean every(BOOLEAN arg)
	Double exp(NUMERIC arg)
	extract(TEMPORAL_UNIT field from TEMPORAL arg)
	first_valueANY value
	floor(NUMERIC arg)
	String format(TEMPORAL datetime as STRING pattern)
	greatest(COMPARABLE arg0, COMPARABLE arg1[, arg2[, ...]])
	String hex(arg)
	Integer hour(TIME arg)
	ifnull(arg0, arg1)
	String insert(STRING string, INTEGER start, INTEGER length, STRING replacement)
	Instant instant
	Integer instr(STRING string, STRING pattern[, INTEGER start[, INTEGER occurrence]])
	String json_array([arg0[, ...]])
	String json_array_append(IMPLICIT_JSON arg0, STRING arg1, ANY arg2)
	String json_array_insert(IMPLICIT_JSON arg0, STRING arg1, ANY arg2)
	String json_arrayagg(arg0[, arg1])
	Boolean json_exists(IMPLICIT_JSON arg0, STRING arg1)
	String json_insert(IMPLICIT_JSON arg0, STRING arg1, ANY arg2)
	String json_mergepatch(IMPLICIT_JSON arg0, IMPLICIT_JSON arg1[, arg2[, ...]])
	String json_object( ... )
	String json_objectagg(arg0, arg1[, arg2, arg3])
	String json_query( ... )
	String json_remove(IMPLICIT_JSON arg0, STRING arg1)
	String json_replace(IMPLICIT_JSON arg0, STRING arg1, ANY arg2)
	String json_set(IMPLICIT_JSON arg0, STRING arg1, ANY arg2)
	json_value( ... )
	lagANY value[, INTEGER offset[, ANY default]]
	Date last_day(DATE arg)
	last_valueANY value
	leadANY value[, INTEGER offset[, ANY default]]
	least(COMPARABLE arg0, COMPARABLE arg1[, arg2[, ...]])
	String left(STRING string, INTEGER length)
	Integer length(STRING_OR_CLOB arg)
	String listagg(STRING arg0, STRING arg1)
	Double ln(NUMERIC arg)
	LocalDate local date
	LocalDateTime local datetime
	LocalTime local time
	LocalDate local_date
	LocalDateTime local_datetime
	LocalTime local_time
	Date localtime
	Date localtimestamp
	Integer locate(STRING pattern, STRING string[, INTEGER start])
	Double log(NUMERIC arg0[, NUMERIC arg1])
	Double log10(NUMERIC arg)
	Double log2(NUMERIC arg)
	String lower(STRING string)
	String lpad(string, length[, padding])
	String ltrim(STRING string[, STRING characters])
	Date makedate(INTEGER year, INTEGER dayofyear)
	Date maketime(INTEGER hour, INTEGER min, INTEGER sec)
	max(COMPARABLE arg)
	byte[] md5(arg)
	Integer microsecond(TIME arg)
	min(COMPARABLE arg)
	Integer minute(TIME arg)
	Integer mod(INTEGER arg0, INTEGER arg1)
	Integer month(DATE arg)
	String monthname(DATE arg)
	Date now()
	nth_valueANY value, INTEGER nth
	nullif(arg0, arg1)
	Integer octet_length(STRING_OR_CLOB arg)
	OffsetDateTime offset datetime
	OffsetDateTime offset_datetime
	Integer ordinal(ENUM arg)
	String overlay(STRING string placing STRING replacement from INTEGER start[ for INTEGER length])
	String pad(STRING string with INTEGER length {leading|trailing}[ STRING character])
	Double percent_rank([arg0[, ...]])
	Double pi
	Integer position(STRING pattern in STRING string)
	Double power(NUMERIC arg0, NUMERIC arg1)
	Integer quarter(DATE arg)
	Double radians(NUMERIC arg)
	Double rand([INTEGER seed])
	Long rank([arg0[, ...]])
	Boolean regexp_like(STRING arg0, STRING arg1[, STRING arg2])
	String repeat(STRING string, INTEGER times)
	String replace(STRING string, STRING pattern, STRING replacement)
	String reverse(STRING arg)
	String right(STRING string, INTEGER length)
	round(NUMERIC number[, INTEGER places])
	Long row_number()
	String rpad(string, length[, padding])
	String rtrim(STRING string[, STRING characters])
	Integer second(TIME arg)
	byte[] sha(arg)
	String sha1(arg)
	String sha2(arg0, arg1)
	Integer sign(NUMERIC arg)
	Double sin(NUMERIC arg)
	Double sinh(NUMERIC arg)
	String soundex(arg)
	String space(INTEGER arg)
	sql
	Double sqrt(NUMERIC arg)
	Double stddev(NUMERIC arg)
	Double stddev_pop(NUMERIC arg)
	Double stddev_samp(NUMERIC arg)
	String str(arg)
	String string(ENUM arg)
	subdate(DATE datetime, INTEGER days)
	String substr(STRING string, INTEGER start[, INTEGER length])
	String substring(STRING string{ from|,} INTEGER start[{ for|,} INTEGER length])
	subtime(TIME datetime, TIME time)
	sum(arg)
	Date sysdate()
	Double tan(NUMERIC arg)
	Double tanh(NUMERIC arg)
	String time(arg)
	Date timestamp(arg0[, arg1])
	timestampadd(TEMPORAL_UNIT field, INTEGER magnitude, TEMPORAL datetime)
	Long|Double timestampdiff(TEMPORAL_UNIT field, TEMPORAL start, TEMPORAL end)
	String trim([[{leading|trailing|both} ][STRING arg0 ]from] STRING arg1)
	trunc( ... )
	truncate( ... )
	String upper(STRING string)
	Date utc_date
	Date utc_time
	Date utc_timestamp
	Double var_pop(NUMERIC arg)
	Double var_samp(NUMERIC arg)
	Double variance(NUMERIC arg)
	Integer week(DATE arg)
	Integer year(DATE arg)

2026-03-26 12:26:16 DEBUG core:211 - HHH000513: Unable to create the ReflectionOptimizer for [com.test.Order]: private accessor [o_name]
2026-03-26 12:26:16 DEBUG core:211 - HHH000513: Unable to create the ReflectionOptimizer for [com.test.Customer]: private accessor [c_name]
2026-03-26 12:26:16 INFO  core:53 - HHH000489: No JTA platform available (set 'hibernate.transaction.jta.platform' to enable JTA platform integration)
2026-03-26 12:26:16 DEBUG service:102 - HHH010454: EventListenerRegistry access via ServiceRegistry is deprecated - use 'sessionFactory.getEventEngine().getListenerRegistry()' instead
2026-03-26 12:26:16 DEBUG SQL:126 - 
    alter table cst_order 
       drop 
       foreign key FKjlrgnr3laqxk4m75wf55cm5ot
2026-03-26 12:26:16 WARN  ExceptionHandlerLoggedImpl:25 - GenerationTarget encountered exception accepting command : Error executing DDL "
    alter table cst_order 
       drop 
       foreign key FKjlrgnr3laqxk4m75wf55cm5ot" via JDBC [Table 'mlamarch3.cst_order' doesn't exist]
org.hibernate.tool.schema.spi.CommandAcceptanceException: Error executing DDL "
    alter table cst_order 
       drop 
       foreign key FKjlrgnr3laqxk4m75wf55cm5ot" via JDBC [Table 'mlamarch3.cst_order' doesn't exist]
	at org.hibernate.tool.schema.internal.exec.GenerationTargetToDatabase.accept(GenerationTargetToDatabase.java:81) ~[hibernate-core-7.3.0.Final.jar:7.3.0.Final]
	at org.hibernate.tool.schema.internal.Helper.applySqlString(Helper.java:218) [hibernate-core-7.3.0.Final.jar:7.3.0.Final]
	at org.hibernate.tool.schema.internal.Helper.applySqlStrings(Helper.java:204) [hibernate-core-7.3.0.Final.jar:7.3.0.Final]
	at org.hibernate.tool.schema.internal.SchemaDropperImpl.applyConstraintDropping(SchemaDropperImpl.java:473) [hibernate-core-7.3.0.Final.jar:7.3.0.Final]
	at org.hibernate.tool.schema.internal.SchemaDropperImpl.dropConstraintsTablesSequences(SchemaDropperImpl.java:237) [hibernate-core-7.3.0.Final.jar:7.3.0.Final]
	at org.hibernate.tool.schema.internal.SchemaDropperImpl.dropFromMetadata(SchemaDropperImpl.java:210) [hibernate-core-7.3.0.Final.jar:7.3.0.Final]
	at org.hibernate.tool.schema.internal.SchemaDropperImpl.performDrop(SchemaDropperImpl.java:182) [hibernate-core-7.3.0.Final.jar:7.3.0.Final]
	at org.hibernate.tool.schema.internal.SchemaDropperImpl.doDrop(SchemaDropperImpl.java:152) [hibernate-core-7.3.0.Final.jar:7.3.0.Final]
	at org.hibernate.tool.schema.internal.SchemaDropperImpl.doDrop(SchemaDropperImpl.java:112) [hibernate-core-7.3.0.Final.jar:7.3.0.Final]
	at org.hibernate.tool.schema.spi.SchemaManagementToolCoordinator.performDatabaseAction(SchemaManagementToolCoordinator.java:227) [hibernate-core-7.3.0.Final.jar:7.3.0.Final]
	at org.hibernate.tool.schema.spi.SchemaManagementToolCoordinator.lambda$process$1(SchemaManagementToolCoordinator.java:101) [hibernate-core-7.3.0.Final.jar:7.3.0.Final]
	at java.util.HashMap.forEach(HashMap.java:1430) [?:?]
	at org.hibernate.tool.schema.spi.SchemaManagementToolCoordinator.process(SchemaManagementToolCoordinator.java:100) [hibernate-core-7.3.0.Final.jar:7.3.0.Final]
	at org.hibernate.boot.internal.SessionFactoryObserverForSchemaExport.sessionFactoryCreated(SessionFactoryObserverForSchemaExport.java:35) [hibernate-core-7.3.0.Final.jar:7.3.0.Final]
	at org.hibernate.internal.SessionFactoryObserverChain.sessionFactoryCreated(SessionFactoryObserverChain.java:33) [hibernate-core-7.3.0.Final.jar:7.3.0.Final]
	at org.hibernate.internal.SessionFactoryImpl.<init>(SessionFactoryImpl.java:323) [hibernate-core-7.3.0.Final.jar:7.3.0.Final]
	at org.hibernate.internal.SessionFactoryRegistry.instantiateSessionFactory(SessionFactoryRegistry.java:64) [hibernate-core-7.3.0.Final.jar:7.3.0.Final]
	at org.hibernate.boot.internal.SessionFactoryBuilderImpl.build(SessionFactoryBuilderImpl.java:444) [hibernate-core-7.3.0.Final.jar:7.3.0.Final]
	at org.hibernate.cfg.Configuration.buildSessionFactory(Configuration.java:1112) [hibernate-core-7.3.0.Final.jar:7.3.0.Final]
	at org.hibernate.cfg.Configuration.buildSessionFactory(Configuration.java:1131) [hibernate-core-7.3.0.Final.jar:7.3.0.Final]
	at com.test.TestDemo.main(TestDemo.java:17) [classes/:?]
Caused by: java.sql.SQLSyntaxErrorException: Table 'mlamarch3.cst_order' doesn't exist
	at com.mysql.cj.jdbc.exceptions.SQLError.createSQLException(SQLError.java:121) ~[mysql-connector-j-8.0.33.jar:8.0.33]
	at com.mysql.cj.jdbc.exceptions.SQLExceptionsMapping.translateException(SQLExceptionsMapping.java:122) ~[mysql-connector-j-8.0.33.jar:8.0.33]
	at com.mysql.cj.jdbc.StatementImpl.executeInternal(StatementImpl.java:763) ~[mysql-connector-j-8.0.33.jar:8.0.33]
	at com.mysql.cj.jdbc.StatementImpl.execute(StatementImpl.java:648) ~[mysql-connector-j-8.0.33.jar:8.0.33]
	at org.hibernate.tool.schema.internal.exec.GenerationTargetToDatabase.accept(GenerationTargetToDatabase.java:76) ~[hibernate-core-7.3.0.Final.jar:7.3.0.Final]
	... 20 more
2026-03-26 12:26:16 DEBUG SQL:126 - 
    alter table cst_order 
       drop 
       foreign key FK7uq3lvgaa3k6ah9wm15qv673s
2026-03-26 12:26:16 WARN  ExceptionHandlerLoggedImpl:25 - GenerationTarget encountered exception accepting command : Error executing DDL "
    alter table cst_order 
       drop 
       foreign key FK7uq3lvgaa3k6ah9wm15qv673s" via JDBC [Table 'mlamarch3.cst_order' doesn't exist]
org.hibernate.tool.schema.spi.CommandAcceptanceException: Error executing DDL "
    alter table cst_order 
       drop 
       foreign key FK7uq3lvgaa3k6ah9wm15qv673s" via JDBC [Table 'mlamarch3.cst_order' doesn't exist]
	at org.hibernate.tool.schema.internal.exec.GenerationTargetToDatabase.accept(GenerationTargetToDatabase.java:81) ~[hibernate-core-7.3.0.Final.jar:7.3.0.Final]
	at org.hibernate.tool.schema.internal.Helper.applySqlString(Helper.java:218) [hibernate-core-7.3.0.Final.jar:7.3.0.Final]
	at org.hibernate.tool.schema.internal.Helper.applySqlStrings(Helper.java:204) [hibernate-core-7.3.0.Final.jar:7.3.0.Final]
	at org.hibernate.tool.schema.internal.SchemaDropperImpl.applyConstraintDropping(SchemaDropperImpl.java:473) [hibernate-core-7.3.0.Final.jar:7.3.0.Final]
	at org.hibernate.tool.schema.internal.SchemaDropperImpl.dropConstraintsTablesSequences(SchemaDropperImpl.java:237) [hibernate-core-7.3.0.Final.jar:7.3.0.Final]
	at org.hibernate.tool.schema.internal.SchemaDropperImpl.dropFromMetadata(SchemaDropperImpl.java:210) [hibernate-core-7.3.0.Final.jar:7.3.0.Final]
	at org.hibernate.tool.schema.internal.SchemaDropperImpl.performDrop(SchemaDropperImpl.java:182) [hibernate-core-7.3.0.Final.jar:7.3.0.Final]
	at org.hibernate.tool.schema.internal.SchemaDropperImpl.doDrop(SchemaDropperImpl.java:152) [hibernate-core-7.3.0.Final.jar:7.3.0.Final]
	at org.hibernate.tool.schema.internal.SchemaDropperImpl.doDrop(SchemaDropperImpl.java:112) [hibernate-core-7.3.0.Final.jar:7.3.0.Final]
	at org.hibernate.tool.schema.spi.SchemaManagementToolCoordinator.performDatabaseAction(SchemaManagementToolCoordinator.java:227) [hibernate-core-7.3.0.Final.jar:7.3.0.Final]
	at org.hibernate.tool.schema.spi.SchemaManagementToolCoordinator.lambda$process$1(SchemaManagementToolCoordinator.java:101) [hibernate-core-7.3.0.Final.jar:7.3.0.Final]
	at java.util.HashMap.forEach(HashMap.java:1430) [?:?]
	at org.hibernate.tool.schema.spi.SchemaManagementToolCoordinator.process(SchemaManagementToolCoordinator.java:100) [hibernate-core-7.3.0.Final.jar:7.3.0.Final]
	at org.hibernate.boot.internal.SessionFactoryObserverForSchemaExport.sessionFactoryCreated(SessionFactoryObserverForSchemaExport.java:35) [hibernate-core-7.3.0.Final.jar:7.3.0.Final]
	at org.hibernate.internal.SessionFactoryObserverChain.sessionFactoryCreated(SessionFactoryObserverChain.java:33) [hibernate-core-7.3.0.Final.jar:7.3.0.Final]
	at org.hibernate.internal.SessionFactoryImpl.<init>(SessionFactoryImpl.java:323) [hibernate-core-7.3.0.Final.jar:7.3.0.Final]
	at org.hibernate.internal.SessionFactoryRegistry.instantiateSessionFactory(SessionFactoryRegistry.java:64) [hibernate-core-7.3.0.Final.jar:7.3.0.Final]
	at org.hibernate.boot.internal.SessionFactoryBuilderImpl.build(SessionFactoryBuilderImpl.java:444) [hibernate-core-7.3.0.Final.jar:7.3.0.Final]
	at org.hibernate.cfg.Configuration.buildSessionFactory(Configuration.java:1112) [hibernate-core-7.3.0.Final.jar:7.3.0.Final]
	at org.hibernate.cfg.Configuration.buildSessionFactory(Configuration.java:1131) [hibernate-core-7.3.0.Final.jar:7.3.0.Final]
	at com.test.TestDemo.main(TestDemo.java:17) [classes/:?]
Caused by: java.sql.SQLSyntaxErrorException: Table 'mlamarch3.cst_order' doesn't exist
	at com.mysql.cj.jdbc.exceptions.SQLError.createSQLException(SQLError.java:121) ~[mysql-connector-j-8.0.33.jar:8.0.33]
	at com.mysql.cj.jdbc.exceptions.SQLExceptionsMapping.translateException(SQLExceptionsMapping.java:122) ~[mysql-connector-j-8.0.33.jar:8.0.33]
	at com.mysql.cj.jdbc.StatementImpl.executeInternal(StatementImpl.java:763) ~[mysql-connector-j-8.0.33.jar:8.0.33]
	at com.mysql.cj.jdbc.StatementImpl.execute(StatementImpl.java:648) ~[mysql-connector-j-8.0.33.jar:8.0.33]
	at org.hibernate.tool.schema.internal.exec.GenerationTargetToDatabase.accept(GenerationTargetToDatabase.java:76) ~[hibernate-core-7.3.0.Final.jar:7.3.0.Final]
	... 20 more
2026-03-26 12:26:16 DEBUG SQL:126 - 
    drop table if exists cst_order
2026-03-26 12:26:16 DEBUG SQL:126 - 
    drop table if exists customer
2026-03-26 12:26:16 DEBUG SQL:126 - 
    drop table if exists customer_SEQ
2026-03-26 12:26:16 DEBUG SQL:126 - 
    drop table if exists orders
2026-03-26 12:26:16 WARN  ExceptionHandlerLoggedImpl:25 - GenerationTarget encountered exception accepting command : Error executing DDL "
    drop table if exists orders" via JDBC [Cannot drop table 'orders' referenced by a foreign key constraint 'FKekkp7qrydsgjorw1yn653ehql' on table 'cst_ord'.]
org.hibernate.tool.schema.spi.CommandAcceptanceException: Error executing DDL "
    drop table if exists orders" via JDBC [Cannot drop table 'orders' referenced by a foreign key constraint 'FKekkp7qrydsgjorw1yn653ehql' on table 'cst_ord'.]
	at org.hibernate.tool.schema.internal.exec.GenerationTargetToDatabase.accept(GenerationTargetToDatabase.java:81) ~[hibernate-core-7.3.0.Final.jar:7.3.0.Final]
	at org.hibernate.tool.schema.internal.Helper.applySqlString(Helper.java:218) [hibernate-core-7.3.0.Final.jar:7.3.0.Final]
	at org.hibernate.tool.schema.internal.Helper.applySqlStrings(Helper.java:204) [hibernate-core-7.3.0.Final.jar:7.3.0.Final]
	at org.hibernate.tool.schema.internal.SchemaDropperImpl.dropTables(SchemaDropperImpl.java:376) [hibernate-core-7.3.0.Final.jar:7.3.0.Final]
	at org.hibernate.tool.schema.internal.SchemaDropperImpl.dropConstraintsTablesSequences(SchemaDropperImpl.java:248) [hibernate-core-7.3.0.Final.jar:7.3.0.Final]
	at org.hibernate.tool.schema.internal.SchemaDropperImpl.dropFromMetadata(SchemaDropperImpl.java:210) [hibernate-core-7.3.0.Final.jar:7.3.0.Final]
	at org.hibernate.tool.schema.internal.SchemaDropperImpl.performDrop(SchemaDropperImpl.java:182) [hibernate-core-7.3.0.Final.jar:7.3.0.Final]
	at org.hibernate.tool.schema.internal.SchemaDropperImpl.doDrop(SchemaDropperImpl.java:152) [hibernate-core-7.3.0.Final.jar:7.3.0.Final]
	at org.hibernate.tool.schema.internal.SchemaDropperImpl.doDrop(SchemaDropperImpl.java:112) [hibernate-core-7.3.0.Final.jar:7.3.0.Final]
	at org.hibernate.tool.schema.spi.SchemaManagementToolCoordinator.performDatabaseAction(SchemaManagementToolCoordinator.java:227) [hibernate-core-7.3.0.Final.jar:7.3.0.Final]
	at org.hibernate.tool.schema.spi.SchemaManagementToolCoordinator.lambda$process$1(SchemaManagementToolCoordinator.java:101) [hibernate-core-7.3.0.Final.jar:7.3.0.Final]
	at java.util.HashMap.forEach(HashMap.java:1430) [?:?]
	at org.hibernate.tool.schema.spi.SchemaManagementToolCoordinator.process(SchemaManagementToolCoordinator.java:100) [hibernate-core-7.3.0.Final.jar:7.3.0.Final]
	at org.hibernate.boot.internal.SessionFactoryObserverForSchemaExport.sessionFactoryCreated(SessionFactoryObserverForSchemaExport.java:35) [hibernate-core-7.3.0.Final.jar:7.3.0.Final]
	at org.hibernate.internal.SessionFactoryObserverChain.sessionFactoryCreated(SessionFactoryObserverChain.java:33) [hibernate-core-7.3.0.Final.jar:7.3.0.Final]
	at org.hibernate.internal.SessionFactoryImpl.<init>(SessionFactoryImpl.java:323) [hibernate-core-7.3.0.Final.jar:7.3.0.Final]
	at org.hibernate.internal.SessionFactoryRegistry.instantiateSessionFactory(SessionFactoryRegistry.java:64) [hibernate-core-7.3.0.Final.jar:7.3.0.Final]
	at org.hibernate.boot.internal.SessionFactoryBuilderImpl.build(SessionFactoryBuilderImpl.java:444) [hibernate-core-7.3.0.Final.jar:7.3.0.Final]
	at org.hibernate.cfg.Configuration.buildSessionFactory(Configuration.java:1112) [hibernate-core-7.3.0.Final.jar:7.3.0.Final]
	at org.hibernate.cfg.Configuration.buildSessionFactory(Configuration.java:1131) [hibernate-core-7.3.0.Final.jar:7.3.0.Final]
	at com.test.TestDemo.main(TestDemo.java:17) [classes/:?]
Caused by: java.sql.SQLException: Cannot drop table 'orders' referenced by a foreign key constraint 'FKekkp7qrydsgjorw1yn653ehql' on table 'cst_ord'.
	at com.mysql.cj.jdbc.exceptions.SQLError.createSQLException(SQLError.java:130) ~[mysql-connector-j-8.0.33.jar:8.0.33]
	at com.mysql.cj.jdbc.exceptions.SQLExceptionsMapping.translateException(SQLExceptionsMapping.java:122) ~[mysql-connector-j-8.0.33.jar:8.0.33]
	at com.mysql.cj.jdbc.StatementImpl.executeInternal(StatementImpl.java:763) ~[mysql-connector-j-8.0.33.jar:8.0.33]
	at com.mysql.cj.jdbc.StatementImpl.execute(StatementImpl.java:648) ~[mysql-connector-j-8.0.33.jar:8.0.33]
	at org.hibernate.tool.schema.internal.exec.GenerationTargetToDatabase.accept(GenerationTargetToDatabase.java:76) ~[hibernate-core-7.3.0.Final.jar:7.3.0.Final]
	... 20 more
2026-03-26 12:26:16 DEBUG SQL:126 - 
    drop table if exists orders_SEQ
2026-03-26 12:26:16 DEBUG SQL:126 - 
    create table cst_order (
        cst_id integer not null,
        o_id integer not null
    ) engine=InnoDB
2026-03-26 12:26:17 DEBUG SQL:126 - 
    create table customer (
        id integer not null,
        c_name varchar(255),
        primary key (id)
    ) engine=InnoDB
2026-03-26 12:26:18 DEBUG SQL:126 - 
    create table customer_SEQ (
        next_val bigint
    ) engine=InnoDB
2026-03-26 12:26:18 DEBUG SQL:126 - 
    insert into customer_SEQ ( next_val ) values ( 1 )
2026-03-26 12:26:18 DEBUG SQL:126 - 
    create table orders (
        id integer not null,
        o_price integer not null,
        o_name varchar(255),
        primary key (id)
    ) engine=InnoDB
2026-03-26 12:26:18 WARN  ExceptionHandlerLoggedImpl:25 - GenerationTarget encountered exception accepting command : Error executing DDL "
    create table orders (
        id integer not null,
        o_price integer not null,
        o_name varchar(255),
        primary key (id)
    ) engine=InnoDB" via JDBC [Table 'orders' already exists]
org.hibernate.tool.schema.spi.CommandAcceptanceException: Error executing DDL "
    create table orders (
        id integer not null,
        o_price integer not null,
        o_name varchar(255),
        primary key (id)
    ) engine=InnoDB" via JDBC [Table 'orders' already exists]
	at org.hibernate.tool.schema.internal.exec.GenerationTargetToDatabase.accept(GenerationTargetToDatabase.java:81) ~[hibernate-core-7.3.0.Final.jar:7.3.0.Final]
	at org.hibernate.tool.schema.internal.Helper.applySqlString(Helper.java:218) [hibernate-core-7.3.0.Final.jar:7.3.0.Final]
	at org.hibernate.tool.schema.internal.Helper.applySqlStrings(Helper.java:204) [hibernate-core-7.3.0.Final.jar:7.3.0.Final]
	at org.hibernate.tool.schema.internal.SchemaCreatorImpl.createTables(SchemaCreatorImpl.java:404) [hibernate-core-7.3.0.Final.jar:7.3.0.Final]
	at org.hibernate.tool.schema.internal.SchemaCreatorImpl.createSequencesTablesConstraints(SchemaCreatorImpl.java:320) [hibernate-core-7.3.0.Final.jar:7.3.0.Final]
	at org.hibernate.tool.schema.internal.SchemaCreatorImpl.createFromMetadata(SchemaCreatorImpl.java:215) [hibernate-core-7.3.0.Final.jar:7.3.0.Final]
	at org.hibernate.tool.schema.internal.SchemaCreatorImpl.performCreation(SchemaCreatorImpl.java:151) [hibernate-core-7.3.0.Final.jar:7.3.0.Final]
	at org.hibernate.tool.schema.internal.SchemaCreatorImpl.doCreation(SchemaCreatorImpl.java:121) [hibernate-core-7.3.0.Final.jar:7.3.0.Final]
	at org.hibernate.tool.schema.internal.SchemaCreatorImpl.doCreation(SchemaCreatorImpl.java:97) [hibernate-core-7.3.0.Final.jar:7.3.0.Final]
	at org.hibernate.tool.schema.spi.SchemaManagementToolCoordinator.performDatabaseAction(SchemaManagementToolCoordinator.java:239) [hibernate-core-7.3.0.Final.jar:7.3.0.Final]
	at org.hibernate.tool.schema.spi.SchemaManagementToolCoordinator.lambda$process$1(SchemaManagementToolCoordinator.java:101) [hibernate-core-7.3.0.Final.jar:7.3.0.Final]
	at java.util.HashMap.forEach(HashMap.java:1430) [?:?]
	at org.hibernate.tool.schema.spi.SchemaManagementToolCoordinator.process(SchemaManagementToolCoordinator.java:100) [hibernate-core-7.3.0.Final.jar:7.3.0.Final]
	at org.hibernate.boot.internal.SessionFactoryObserverForSchemaExport.sessionFactoryCreated(SessionFactoryObserverForSchemaExport.java:35) [hibernate-core-7.3.0.Final.jar:7.3.0.Final]
	at org.hibernate.internal.SessionFactoryObserverChain.sessionFactoryCreated(SessionFactoryObserverChain.java:33) [hibernate-core-7.3.0.Final.jar:7.3.0.Final]
	at org.hibernate.internal.SessionFactoryImpl.<init>(SessionFactoryImpl.java:323) [hibernate-core-7.3.0.Final.jar:7.3.0.Final]
	at org.hibernate.internal.SessionFactoryRegistry.instantiateSessionFactory(SessionFactoryRegistry.java:64) [hibernate-core-7.3.0.Final.jar:7.3.0.Final]
	at org.hibernate.boot.internal.SessionFactoryBuilderImpl.build(SessionFactoryBuilderImpl.java:444) [hibernate-core-7.3.0.Final.jar:7.3.0.Final]
	at org.hibernate.cfg.Configuration.buildSessionFactory(Configuration.java:1112) [hibernate-core-7.3.0.Final.jar:7.3.0.Final]
	at org.hibernate.cfg.Configuration.buildSessionFactory(Configuration.java:1131) [hibernate-core-7.3.0.Final.jar:7.3.0.Final]
	at com.test.TestDemo.main(TestDemo.java:17) [classes/:?]
Caused by: java.sql.SQLSyntaxErrorException: Table 'orders' already exists
	at com.mysql.cj.jdbc.exceptions.SQLError.createSQLException(SQLError.java:121) ~[mysql-connector-j-8.0.33.jar:8.0.33]
	at com.mysql.cj.jdbc.exceptions.SQLExceptionsMapping.translateException(SQLExceptionsMapping.java:122) ~[mysql-connector-j-8.0.33.jar:8.0.33]
	at com.mysql.cj.jdbc.StatementImpl.executeInternal(StatementImpl.java:763) ~[mysql-connector-j-8.0.33.jar:8.0.33]
	at com.mysql.cj.jdbc.StatementImpl.execute(StatementImpl.java:648) ~[mysql-connector-j-8.0.33.jar:8.0.33]
	at org.hibernate.tool.schema.internal.exec.GenerationTargetToDatabase.accept(GenerationTargetToDatabase.java:76) ~[hibernate-core-7.3.0.Final.jar:7.3.0.Final]
	... 20 more
2026-03-26 12:26:18 DEBUG SQL:126 - 
    create table orders_SEQ (
        next_val bigint
    ) engine=InnoDB
2026-03-26 12:26:18 DEBUG SQL:126 - 
    insert into orders_SEQ ( next_val ) values ( 1 )
2026-03-26 12:26:18 DEBUG SQL:126 - 
    alter table cst_order 
       add constraint FKjlrgnr3laqxk4m75wf55cm5ot 
       foreign key (o_id) 
       references orders (id)
2026-03-26 12:26:19 DEBUG SQL:126 - 
    alter table cst_order 
       add constraint FK7uq3lvgaa3k6ah9wm15qv673s 
       foreign key (cst_id) 
       references customer (id)
2026-03-26 12:26:20 DEBUG factoryRegistry:86 - HHH020384: Registering SessionFactory [a528c3f3-5adc-4e0a-8577-e22c72fc57cb] (<unnamed>)
2026-03-26 12:26:20 DEBUG core:151 - HHH006588: Opening session [tenant=null]
2026-03-26 12:26:20 DEBUG core:74 - HHH006583: Beginning transaction
2026-03-26 12:26:20 DEBUG SQL:126 - 
    select
        next_val as id_val 
    from
        customer_SEQ 
    for
        update
2026-03-26 12:26:20 DEBUG SQL:126 - 
    update
        customer_SEQ 
    set
        next_val= ? 
    where
        next_val=?
2026-03-26 12:26:20 DEBUG SQL:126 - 
    select
        next_val as id_val 
    from
        orders_SEQ 
    for
        update
2026-03-26 12:26:20 DEBUG SQL:126 - 
    update
        orders_SEQ 
    set
        next_val= ? 
    where
        next_val=?
2026-03-26 12:26:21 DEBUG SQL:126 - 
    select
        next_val as id_val 
    from
        orders_SEQ 
    for
        update
2026-03-26 12:26:21 DEBUG SQL:126 - 
    update
        orders_SEQ 
    set
        next_val= ? 
    where
        next_val=?
2026-03-26 12:26:21 DEBUG core:87 - HHH006584: Committing transaction
2026-03-26 12:26:21 DEBUG event:98 - HHH90060071: Flushed: 3 insertions, 0 updates, 0 deletions to 3 objects
2026-03-26 12:26:21 DEBUG event:104 - HHH90060072: Flushed: 1 (re)creations, 0 updates, 0 removals to 1 collections
2026-03-26 12:26:21 DEBUG core:102 - Listing entities:
2026-03-26 12:26:21 DEBUG core:111 - com.test.Order{o_name=Mango, o_price=33, id=2}
2026-03-26 12:26:21 DEBUG core:111 - com.test.Order{o_name=Apple, o_price=12, id=1}
2026-03-26 12:26:21 DEBUG core:111 - com.test.Customer{c_name=Rohit, id=1, order=[com.test.Order#1, com.test.Order#2]}
2026-03-26 12:26:21 DEBUG SQL:126 - 
    insert 
    into
        customer
        (c_name, id) 
    values
        (?, ?)
2026-03-26 12:26:21 DEBUG SQL:126 - 
    insert 
    into
        orders
        (o_name, o_price, id) 
    values
        (?, ?, ?)
2026-03-26 12:26:21 WARN  error:143 - HHH000247: ErrorCode: 1062, SQLState: 23000
2026-03-26 12:26:21 WARN  error:144 - Duplicate entry '1' for key 'orders.PRIMARY'
2026-03-26 12:26:21 DEBUG error:150 - could not execute statement [insert into orders (o_name,o_price,id) values (?,?,?)]
java.sql.SQLIntegrityConstraintViolationException: Duplicate entry '1' for key 'orders.PRIMARY'
	at com.mysql.cj.jdbc.exceptions.SQLError.createSQLException(SQLError.java:118) ~[mysql-connector-j-8.0.33.jar:8.0.33]
	at com.mysql.cj.jdbc.exceptions.SQLExceptionsMapping.translateException(SQLExceptionsMapping.java:122) ~[mysql-connector-j-8.0.33.jar:8.0.33]
	at com.mysql.cj.jdbc.ClientPreparedStatement.executeInternal(ClientPreparedStatement.java:916) ~[mysql-connector-j-8.0.33.jar:8.0.33]
	at com.mysql.cj.jdbc.ClientPreparedStatement.executeUpdateInternal(ClientPreparedStatement.java:1061) ~[mysql-connector-j-8.0.33.jar:8.0.33]
	at com.mysql.cj.jdbc.ClientPreparedStatement.executeUpdateInternal(ClientPreparedStatement.java:1009) ~[mysql-connector-j-8.0.33.jar:8.0.33]
	at com.mysql.cj.jdbc.ClientPreparedStatement.executeLargeUpdate(ClientPreparedStatement.java:1320) ~[mysql-connector-j-8.0.33.jar:8.0.33]
	at com.mysql.cj.jdbc.ClientPreparedStatement.executeUpdate(ClientPreparedStatement.java:994) ~[mysql-connector-j-8.0.33.jar:8.0.33]
	at org.hibernate.engine.jdbc.internal.ResultSetReturnImpl.executeUpdate(ResultSetReturnImpl.java:185) [hibernate-core-7.3.0.Final.jar:7.3.0.Final]
	at org.hibernate.engine.jdbc.mutation.internal.AbstractMutationExecutor.performNonBatchedMutation(AbstractMutationExecutor.java:145) [hibernate-core-7.3.0.Final.jar:7.3.0.Final]
	at org.hibernate.engine.jdbc.mutation.internal.MutationExecutorSingleNonBatched.performNonBatchedOperations(MutationExecutorSingleNonBatched.java:53) [hibernate-core-7.3.0.Final.jar:7.3.0.Final]
	at org.hibernate.engine.jdbc.mutation.internal.AbstractMutationExecutor.execute(AbstractMutationExecutor.java:65) [hibernate-core-7.3.0.Final.jar:7.3.0.Final]
	at org.hibernate.engine.jdbc.mutation.internal.AbstractMutationExecutor.execute(AbstractMutationExecutor.java:54) [hibernate-core-7.3.0.Final.jar:7.3.0.Final]
	at org.hibernate.persister.entity.mutation.InsertCoordinatorStandard.doStaticInserts(InsertCoordinatorStandard.java:180) [hibernate-core-7.3.0.Final.jar:7.3.0.Final]
	at org.hibernate.persister.entity.mutation.InsertCoordinatorStandard.coordinateInsert(InsertCoordinatorStandard.java:120) [hibernate-core-7.3.0.Final.jar:7.3.0.Final]
	at org.hibernate.persister.entity.mutation.InsertCoordinatorStandard.insert(InsertCoordinatorStandard.java:93) [hibernate-core-7.3.0.Final.jar:7.3.0.Final]
	at org.hibernate.action.internal.EntityInsertAction.execute(EntityInsertAction.java:108) [hibernate-core-7.3.0.Final.jar:7.3.0.Final]
	at org.hibernate.engine.spi.ActionQueue.executeActions(ActionQueue.java:634) [hibernate-core-7.3.0.Final.jar:7.3.0.Final]
	at org.hibernate.engine.spi.ActionQueue.executeActions(ActionQueue.java:505) [hibernate-core-7.3.0.Final.jar:7.3.0.Final]
	at org.hibernate.event.internal.AbstractFlushingEventListener.performExecutions(AbstractFlushingEventListener.java:381) [hibernate-core-7.3.0.Final.jar:7.3.0.Final]
	at org.hibernate.event.internal.DefaultFlushEventListener.onFlush(DefaultFlushEventListener.java:40) [hibernate-core-7.3.0.Final.jar:7.3.0.Final]
	at org.hibernate.event.service.internal.EventListenerGroupImpl.fireEventOnEachListener(EventListenerGroupImpl.java:138) [hibernate-core-7.3.0.Final.jar:7.3.0.Final]
	at org.hibernate.internal.SessionImpl.fireFlush(SessionImpl.java:1451) [hibernate-core-7.3.0.Final.jar:7.3.0.Final]
	at org.hibernate.internal.SessionImpl.managedFlush(SessionImpl.java:482) [hibernate-core-7.3.0.Final.jar:7.3.0.Final]
	at org.hibernate.internal.SessionImpl.flushBeforeTransactionCompletion(SessionImpl.java:2078) [hibernate-core-7.3.0.Final.jar:7.3.0.Final]
	at org.hibernate.internal.SessionImpl.beforeTransactionCompletion(SessionImpl.java:2000) [hibernate-core-7.3.0.Final.jar:7.3.0.Final]
	at org.hibernate.engine.jdbc.internal.JdbcCoordinatorImpl.beforeTransactionCompletion(JdbcCoordinatorImpl.java:426) [hibernate-core-7.3.0.Final.jar:7.3.0.Final]
	at org.hibernate.resource.transaction.backend.jdbc.internal.JdbcResourceLocalTransactionCoordinatorImpl.beforeCompletionCallback(JdbcResourceLocalTransactionCoordinatorImpl.java:166) [hibernate-core-7.3.0.Final.jar:7.3.0.Final]
	at org.hibernate.resource.transaction.backend.jdbc.internal.JdbcResourceLocalTransactionCoordinatorImpl$TransactionDriverControlImpl.commitNoRollbackOnly(JdbcResourceLocalTransactionCoordinatorImpl.java:251) [hibernate-core-7.3.0.Final.jar:7.3.0.Final]
	at org.hibernate.resource.transaction.backend.jdbc.internal.JdbcResourceLocalTransactionCoordinatorImpl$TransactionDriverControlImpl.commit(JdbcResourceLocalTransactionCoordinatorImpl.java:241) [hibernate-core-7.3.0.Final.jar:7.3.0.Final]
	at org.hibernate.engine.transaction.internal.TransactionImpl.commit(TransactionImpl.java:89) [hibernate-core-7.3.0.Final.jar:7.3.0.Final]
	at com.test.TestDemo.main(TestDemo.java:32) [classes/:?]
2026-03-26 12:26:39 DEBUG service:41 - HHH010455: Adding integrator: org.hibernate.boot.beanvalidation.BeanValidationIntegrator
2026-03-26 12:26:39 DEBUG service:41 - HHH010455: Adding integrator: org.hibernate.cache.internal.CollectionCacheInvalidator
2026-03-26 12:26:39 INFO  core:41 - HHH000001: Hibernate ORM core version 7.3.0.Final
2026-03-26 12:26:39 DEBUG core:155 - HHH000206: 'hibernate.properties' not found
2026-03-26 12:26:39 DEBUG boot:97 - HHH160204: cfg.xml document did not define namespaces; wrapping in custom event reader to introduce namespace information
2026-03-26 12:26:39 DEBUG cache:116 - HHH90001031: Cannot default RegionFactory since no RegionFactory strategies were registered
2026-03-26 12:26:39 DEBUG cache:46 - HHH90001029: Second-level cache disabled
2026-03-26 12:26:40 WARN  pooling:86 - HHH10001002: Using built-in connection pool (not intended for production use)
2026-03-26 12:26:40 DEBUG pooling:34 - HHH10001014: Initializing connection pool with 1 connections
2026-03-26 12:26:40 DEBUG jdbc:457 - HHH100017: Database:
	name: MySQL
	version: 8.0.42
	major: 8
	minor: 0
2026-03-26 12:26:40 DEBUG jdbc:463 - HHH100018: Driver:
	name: MySQL Connector/J
	version: mysql-connector-j-8.0.33 (Revision: 7d6b0800528b6b25c68b52dc10d6c1c8429c100c)
	major: 8
	minor: 0
	JDBC version: 4.2
2026-03-26 12:26:40 WARN  deprecation:152 - HHH90000025: MySQLDialect does not need to be specified explicitly using 'hibernate.dialect' (remove the property setting and it will be selected by default)
2026-03-26 12:26:40 DEBUG dialect:93 - HHH035001: Using dialect: org.hibernate.dialect.MySQLDialect, version: 8.0.42
2026-03-26 12:26:40 DEBUG IdentifierHelperBuilder:205 - IdentifierCaseStrategy for both quoted and unquoted identifiers was set to the same strategy [LOWER]; that will likely lead to problems in schema update and validation if using quoted identifiers
2026-03-26 12:26:40 DEBUG jdbc:379 - HHH100122: Using default JDBC fetch size: 0
2026-03-26 12:26:40 INFO  pooling:179 - HHH10001005: Database info:
	Database JDBC URL [jdbc:mysql://localhost:3306/mlamarch3]
	Database driver: MySQL Connector/J
	Database dialect: MySQLDialect
	Database version: 8.0.42
	Default catalog/schema: mlamarch3/undefined
	Autocommit mode: false
	Isolation level: REPEATABLE_READ
	JDBC fetch size: none
	Pool: DriverManagerConnectionProvider
	Minimum pool size: 1
	Maximum pool size: 20
2026-03-26 12:26:40 DEBUG factory:230 - HHH90020001: Instantiating factory [0f6aa487-0a18-4d9b-9cbe-d694fd2beee7] with settings: {hibernate.format_sql=true, java.specification.version=25, sun.cpu.isalist=amd64, sun.jnu.encoding=Cp1252, hibernate.dialect=org.hibernate.dialect.MySQLDialect, java.class.path=C:\Users\ar.likith\Desktop\sts\HibernateMappingExp3\target\classes;C:\Users\ar.likith\.m2\repository\com\mysql\mysql-connector-j\8.0.33\mysql-connector-j-8.0.33.jar;C:\Users\ar.likith\.m2\repository\com\google\protobuf\protobuf-java\3.21.9\protobuf-java-3.21.9.jar;C:\Users\ar.likith\.m2\repository\org\hibernate\orm\hibernate-core\7.3.0.Final\hibernate-core-7.3.0.Final.jar;C:\Users\ar.likith\.m2\repository\jakarta\persistence\jakarta.persistence-api\3.2.0\jakarta.persistence-api-3.2.0.jar;C:\Users\ar.likith\.m2\repository\jakarta\transaction\jakarta.transaction-api\2.0.1\jakarta.transaction-api-2.0.1.jar;C:\Users\ar.likith\.m2\repository\org\jboss\logging\jboss-logging\3.6.1.Final\jboss-logging-3.6.1.Final.jar;C:\Users\ar.likith\.m2\repository\org\hibernate\models\hibernate-models\1.1.0\hibernate-models-1.1.0.jar;C:\Users\ar.likith\.m2\repository\net\bytebuddy\byte-buddy\1.18.7\byte-buddy-1.18.7.jar;C:\Users\ar.likith\.m2\repository\jakarta\xml\bind\jakarta.xml.bind-api\4.0.4\jakarta.xml.bind-api-4.0.4.jar;C:\Users\ar.likith\.m2\repository\jakarta\activation\jakarta.activation-api\2.1.4\jakarta.activation-api-2.1.4.jar;C:\Users\ar.likith\.m2\repository\org\glassfish\jaxb\jaxb-runtime\4.0.6\jaxb-runtime-4.0.6.jar;C:\Users\ar.likith\.m2\repository\org\glassfish\jaxb\jaxb-core\4.0.6\jaxb-core-4.0.6.jar;C:\Users\ar.likith\.m2\repository\org\eclipse\angus\angus-activation\2.0.3\angus-activation-2.0.3.jar;C:\Users\ar.likith\.m2\repository\org\glassfish\jaxb\txw2\4.0.6\txw2-4.0.6.jar;C:\Users\ar.likith\.m2\repository\com\sun\istack\istack-commons-runtime\4.1.2\istack-commons-runtime-4.1.2.jar;C:\Users\ar.likith\.m2\repository\jakarta\inject\jakarta.inject-api\2.0.1\jakarta.inject-api-2.0.1.jar;C:\Users\ar.likith\.m2\repository\org\antlr\antlr4-runtime\4.13.2\antlr4-runtime-4.13.2.jar;C:\Users\ar.likith\.m2\repository\org\apache\logging\log4j\log4j-core\2.17.1\log4j-core-2.17.1.jar;C:\Users\ar.likith\.m2\repository\org\apache\logging\log4j\log4j-api\2.17.1\log4j-api-2.17.1.jar;C:\Users\ar.likith\.m2\repository\org\apache\logging\log4j\log4j-slf4j-impl\2.17.1\log4j-slf4j-impl-2.17.1.jar;C:\Users\ar.likith\.m2\repository\org\slf4j\slf4j-api\1.7.25\slf4j-api-1.7.25.jar, java.vm.vendor=Eclipse Adoptium, sun.arch.data.model=64, hbm2ddl.auto=update, user.variant=, java.vendor.url=https://adoptium.net/, user.timezone=Asia/Calcutta, java.vm.specification.version=25, os.name=Windows 11, sun.java.launcher=SUN_STANDARD, user.country=US, sun.boot.library.path=C:\Users\ar.likith\Downloads\sts-5.1.1.RELEASE\plugins\org.eclipse.justj.openjdk.hotspot.jre.full.win32.x86_64_25.0.2.v20260203-1141\jre\bin, sun.java.command=com.test.TestDemo, jdk.debug=release, sun.cpu.endian=little, user.home=C:\Users\ar.likith, user.language=en, java.specification.vendor=Oracle Corporation, java.version.date=2026-01-20, java.home=C:\Users\ar.likith\Downloads\sts-5.1.1.RELEASE\plugins\org.eclipse.justj.openjdk.hotspot.jre.full.win32.x86_64_25.0.2.v20260203-1141\jre, file.separator=\, java.vm.compressedOopsMode=Zero based, line.separator=
, java.vm.specification.vendor=Oracle Corporation, java.specification.name=Java Platform API Specification, hibernate.hbm2ddl.auto=update, user.script=, sun.management.compiler=HotSpot 64-Bit Tiered Compilers, java.runtime.version=25.0.2+10-LTS, user.name=ar.likith, stdout.encoding=UTF-8, path.separator=;, hibernate.connection.username=****, os.version=10.0, java.runtime.name=OpenJDK Runtime Environment, hibernate.connection.url=jdbc:mysql://localhost:3306/mlamarch3, file.encoding=UTF-8, format_sql=true, java.vm.name=OpenJDK 64-Bit Server VM, hibernate.show_sql=true, java.vendor.version=Temurin-25.0.2+10, show_sql=true, hibernate.connection.driver_class=com.mysql.cj.jdbc.Driver, java.vendor.url.bug=https://github.com/adoptium/adoptium-support/issues, java.io.tmpdir=C:\Users\ARBCDF~1.LIK\AppData\Local\Temp\, java.version=25.0.2, user.dir=C:\Users\ar.likith\Desktop\sts\HibernateMappingExp3, os.arch=amd64, java.vm.specification.name=Java Virtual Machine Specification, hibernate.connection.password=****, sun.os.patch.level=, hibernate.boot.CfgXmlAccessService.key=org.hibernate.boot.cfgxml.spi.LoadedConfig@4b88ca8e, native.encoding=Cp1252, java.library.path=C:\Users\ar.likith\Downloads\sts-5.1.1.RELEASE\plugins\org.eclipse.justj.openjdk.hotspot.jre.full.win32.x86_64_25.0.2.v20260203-1141\jre\bin;C:\WINDOWS\Sun\Java\bin;C:\WINDOWS\system32;C:\WINDOWS;C:/Users/ar.likith/Downloads/sts-5.1.1.RELEASE//plugins/org.eclipse.justj.openjdk.hotspot.jre.full.win32.x86_64_25.0.2.v20260203-1141/jre/bin/server;C:/Users/ar.likith/Downloads/sts-5.1.1.RELEASE//plugins/org.eclipse.justj.openjdk.hotspot.jre.full.win32.x86_64_25.0.2.v20260203-1141/jre/bin;C:\Program Files\Microsoft\jdk-11.0.23.9-hotspot\bin;C:\Program Files\Microsoft\jdk-17.0.15.6-hotspot\bin;C:\Program Files\Python313\Scripts\;C:\Program Files\Python313\;%SystemRoot%\system32;%SystemRoot%;%SystemRoot%\System32\Wbem;%SYSTEMROOT%\System32\WindowsPowerShell\v1.0\;%SYSTEMROOT%\System32\OpenSSH\;C:\Program Files (x86)\Microsoft SQL Server\160\Tools\Binn\;C:\Program Files\Microsoft SQL Server\160\Tools\Binn\;C:\Program Files\Microsoft SQL Server\Client SDK\ODBC\170\Tools\Binn\;C:\Program Files\Microsoft SQL Server\160\DTS\Binn\;C:\Program Files\dotnet\;C:\Program Files\Microsoft VS Code\bin;C:\Program Files\Git\cmd;C:\Program Files\apache-maven-3.9.10\bin;C:\Program Files\nodejs\;C:\Program Files\PuTTY\;C:\Program Files (x86)\Microsoft SQL Server\160\DTS\Binn\;C:\Program Files\apache-maven-3.9.10\bin;C:\Program Files\apache-maven-3.9.10\bin;C:\Program Files\apache-maven-3.9.10\bin;C:\Program Files\apache-maven-3.9.10\bin;C:\Program Files\apache-maven-3.9.10\bin;C:\Users\ar.likith\AppData\Local\Microsoft\WindowsApps;;C:\Users\ar.likith\Downloads\sts-5.1.1.RELEASE;;., stderr.encoding=UTF-8, java.vendor=Eclipse Adoptium, java.vm.info=mixed mode, sharing, stdin.encoding=Cp1252, java.vm.version=25.0.2+10-LTS, sun.io.unicode.encoding=UnicodeLittle, java.class.version=69.0}
2026-03-26 12:26:41 DEBUG HQL_FUNCTIONS:155 - Available HQL Functions:
	abs(NUMERIC arg)
	Double acos(NUMERIC arg)
	adddate(DATE datetime, INTEGER days)
	addtime(TIME datetime, TIME time)
	Boolean any(BOOLEAN arg)
	Integer ascii(STRING arg)
	Double asin(NUMERIC arg)
	Double atan(NUMERIC arg)
	Double atan2(NUMERIC arg0, NUMERIC arg1)
	avg(arg)
	bit_and(arg)
	Integer bit_length(STRING_OR_CLOB arg)
	bit_or(arg)
	bitand(arg0, arg1)
	bitnot(arg)
	bitor(arg0, arg1)
	bitxor(arg0, arg1)
	cast(arg as Type)
	ceiling(NUMERIC arg)
	Character char(INTEGER arg)
	Integer character_length(STRING_OR_CLOB arg)
	Character chr(INTEGER arg)
	coalesce(arg0[, arg1[, ...]])
	String collate(STRING string as COLLATION collation)
	String concat(STRING string0[, STRING string1[, ...]])
	Double cos(NUMERIC arg)
	Double cosh(NUMERIC arg)
	Double cot(NUMERIC arg)
	Long count([distinct ]{arg|*})
	Integer crc32(arg)
	Double cume_dist([arg0[, ...]])
	Date curdate()
	Date current date
	Date current time
	Date current timestamp
	Date current_date
	Instant current_instant
	Date current_time
	Date current_timestamp
	Date curtime()
	Date date(arg)
	dateadd(TEMPORAL_UNIT field, INTEGER magnitude, TEMPORAL datetime)
	Integer datediff(DATE end, DATE start)
	Integer day(DATE arg)
	String dayname(DATE arg)
	Integer dayofmonth(DATE arg)
	Integer dayofweek(DATE arg)
	Integer dayofyear(DATE arg)
	Double degrees(NUMERIC arg)
	Long dense_rank([arg0[, ...]])
	Boolean every(BOOLEAN arg)
	Double exp(NUMERIC arg)
	extract(TEMPORAL_UNIT field from TEMPORAL arg)
	first_valueANY value
	floor(NUMERIC arg)
	String format(TEMPORAL datetime as STRING pattern)
	greatest(COMPARABLE arg0, COMPARABLE arg1[, arg2[, ...]])
	String hex(arg)
	Integer hour(TIME arg)
	ifnull(arg0, arg1)
	String insert(STRING string, INTEGER start, INTEGER length, STRING replacement)
	Instant instant
	Integer instr(STRING string, STRING pattern[, INTEGER start[, INTEGER occurrence]])
	String json_array([arg0[, ...]])
	String json_array_append(IMPLICIT_JSON arg0, STRING arg1, ANY arg2)
	String json_array_insert(IMPLICIT_JSON arg0, STRING arg1, ANY arg2)
	String json_arrayagg(arg0[, arg1])
	Boolean json_exists(IMPLICIT_JSON arg0, STRING arg1)
	String json_insert(IMPLICIT_JSON arg0, STRING arg1, ANY arg2)
	String json_mergepatch(IMPLICIT_JSON arg0, IMPLICIT_JSON arg1[, arg2[, ...]])
	String json_object( ... )
	String json_objectagg(arg0, arg1[, arg2, arg3])
	String json_query( ... )
	String json_remove(IMPLICIT_JSON arg0, STRING arg1)
	String json_replace(IMPLICIT_JSON arg0, STRING arg1, ANY arg2)
	String json_set(IMPLICIT_JSON arg0, STRING arg1, ANY arg2)
	json_value( ... )
	lagANY value[, INTEGER offset[, ANY default]]
	Date last_day(DATE arg)
	last_valueANY value
	leadANY value[, INTEGER offset[, ANY default]]
	least(COMPARABLE arg0, COMPARABLE arg1[, arg2[, ...]])
	String left(STRING string, INTEGER length)
	Integer length(STRING_OR_CLOB arg)
	String listagg(STRING arg0, STRING arg1)
	Double ln(NUMERIC arg)
	LocalDate local date
	LocalDateTime local datetime
	LocalTime local time
	LocalDate local_date
	LocalDateTime local_datetime
	LocalTime local_time
	Date localtime
	Date localtimestamp
	Integer locate(STRING pattern, STRING string[, INTEGER start])
	Double log(NUMERIC arg0[, NUMERIC arg1])
	Double log10(NUMERIC arg)
	Double log2(NUMERIC arg)
	String lower(STRING string)
	String lpad(string, length[, padding])
	String ltrim(STRING string[, STRING characters])
	Date makedate(INTEGER year, INTEGER dayofyear)
	Date maketime(INTEGER hour, INTEGER min, INTEGER sec)
	max(COMPARABLE arg)
	byte[] md5(arg)
	Integer microsecond(TIME arg)
	min(COMPARABLE arg)
	Integer minute(TIME arg)
	Integer mod(INTEGER arg0, INTEGER arg1)
	Integer month(DATE arg)
	String monthname(DATE arg)
	Date now()
	nth_valueANY value, INTEGER nth
	nullif(arg0, arg1)
	Integer octet_length(STRING_OR_CLOB arg)
	OffsetDateTime offset datetime
	OffsetDateTime offset_datetime
	Integer ordinal(ENUM arg)
	String overlay(STRING string placing STRING replacement from INTEGER start[ for INTEGER length])
	String pad(STRING string with INTEGER length {leading|trailing}[ STRING character])
	Double percent_rank([arg0[, ...]])
	Double pi
	Integer position(STRING pattern in STRING string)
	Double power(NUMERIC arg0, NUMERIC arg1)
	Integer quarter(DATE arg)
	Double radians(NUMERIC arg)
	Double rand([INTEGER seed])
	Long rank([arg0[, ...]])
	Boolean regexp_like(STRING arg0, STRING arg1[, STRING arg2])
	String repeat(STRING string, INTEGER times)
	String replace(STRING string, STRING pattern, STRING replacement)
	String reverse(STRING arg)
	String right(STRING string, INTEGER length)
	round(NUMERIC number[, INTEGER places])
	Long row_number()
	String rpad(string, length[, padding])
	String rtrim(STRING string[, STRING characters])
	Integer second(TIME arg)
	byte[] sha(arg)
	String sha1(arg)
	String sha2(arg0, arg1)
	Integer sign(NUMERIC arg)
	Double sin(NUMERIC arg)
	Double sinh(NUMERIC arg)
	String soundex(arg)
	String space(INTEGER arg)
	sql
	Double sqrt(NUMERIC arg)
	Double stddev(NUMERIC arg)
	Double stddev_pop(NUMERIC arg)
	Double stddev_samp(NUMERIC arg)
	String str(arg)
	String string(ENUM arg)
	subdate(DATE datetime, INTEGER days)
	String substr(STRING string, INTEGER start[, INTEGER length])
	String substring(STRING string{ from|,} INTEGER start[{ for|,} INTEGER length])
	subtime(TIME datetime, TIME time)
	sum(arg)
	Date sysdate()
	Double tan(NUMERIC arg)
	Double tanh(NUMERIC arg)
	String time(arg)
	Date timestamp(arg0[, arg1])
	timestampadd(TEMPORAL_UNIT field, INTEGER magnitude, TEMPORAL datetime)
	Long|Double timestampdiff(TEMPORAL_UNIT field, TEMPORAL start, TEMPORAL end)
	String trim([[{leading|trailing|both} ][STRING arg0 ]from] STRING arg1)
	trunc( ... )
	truncate( ... )
	String upper(STRING string)
	Date utc_date
	Date utc_time
	Date utc_timestamp
	Double var_pop(NUMERIC arg)
	Double var_samp(NUMERIC arg)
	Double variance(NUMERIC arg)
	Integer week(DATE arg)
	Integer year(DATE arg)

2026-03-26 12:26:41 DEBUG core:211 - HHH000513: Unable to create the ReflectionOptimizer for [com.test.Order]: private accessor [o_name]
2026-03-26 12:26:41 DEBUG core:211 - HHH000513: Unable to create the ReflectionOptimizer for [com.test.Customer]: private accessor [c_name]
2026-03-26 12:26:41 INFO  core:53 - HHH000489: No JTA platform available (set 'hibernate.transaction.jta.platform' to enable JTA platform integration)
2026-03-26 12:26:41 DEBUG service:102 - HHH010454: EventListenerRegistry access via ServiceRegistry is deprecated - use 'sessionFactory.getEventEngine().getListenerRegistry()' instead
2026-03-26 12:26:41 DEBUG Table:101 - No alter strings for table: cst_order
2026-03-26 12:26:41 DEBUG Table:101 - No alter strings for table: customer
2026-03-26 12:26:41 DEBUG Table:101 - No alter strings for table: customer_SEQ
2026-03-26 12:26:41 DEBUG Table:101 - No alter strings for table: orders
2026-03-26 12:26:41 DEBUG Table:101 - No alter strings for table: orders_SEQ
2026-03-26 12:26:41 DEBUG factoryRegistry:86 - HHH020384: Registering SessionFactory [0f6aa487-0a18-4d9b-9cbe-d694fd2beee7] (<unnamed>)
2026-03-26 12:26:41 DEBUG core:151 - HHH006588: Opening session [tenant=null]
2026-03-26 12:26:41 DEBUG core:74 - HHH006583: Beginning transaction
2026-03-26 12:26:41 DEBUG SQL:126 - 
    select
        next_val as id_val 
    from
        customer_SEQ 
    for
        update
2026-03-26 12:26:41 DEBUG SQL:126 - 
    update
        customer_SEQ 
    set
        next_val= ? 
    where
        next_val=?
2026-03-26 12:26:41 DEBUG SQL:126 - 
    select
        next_val as id_val 
    from
        orders_SEQ 
    for
        update
2026-03-26 12:26:41 DEBUG SQL:126 - 
    update
        orders_SEQ 
    set
        next_val= ? 
    where
        next_val=?
2026-03-26 12:26:41 DEBUG core:87 - HHH006584: Committing transaction
2026-03-26 12:26:41 DEBUG event:98 - HHH90060071: Flushed: 3 insertions, 0 updates, 0 deletions to 3 objects
2026-03-26 12:26:41 DEBUG event:104 - HHH90060072: Flushed: 1 (re)creations, 0 updates, 0 removals to 1 collections
2026-03-26 12:26:41 DEBUG core:102 - Listing entities:
2026-03-26 12:26:41 DEBUG core:111 - com.test.Customer{c_name=Rohit, id=2, order=[com.test.Order#52, com.test.Order#53]}
2026-03-26 12:26:41 DEBUG core:111 - com.test.Order{o_name=Mango, o_price=33, id=53}
2026-03-26 12:26:41 DEBUG core:111 - com.test.Order{o_name=Apple, o_price=12, id=52}
2026-03-26 12:26:41 DEBUG SQL:126 - 
    insert 
    into
        customer
        (c_name, id) 
    values
        (?, ?)
2026-03-26 12:26:41 DEBUG SQL:126 - 
    insert 
    into
        orders
        (o_name, o_price, id) 
    values
        (?, ?, ?)
2026-03-26 12:26:41 DEBUG SQL:126 - 
    insert 
    into
        orders
        (o_name, o_price, id) 
    values
        (?, ?, ?)
2026-03-26 12:26:41 DEBUG SQL:126 - 
    insert 
    into
        cst_order
        (cst_id, o_id) 
    values
        (?, ?)
2026-03-26 12:26:41 DEBUG SQL:126 - 
    insert 
    into
        cst_order
        (cst_id, o_id) 
    values
        (?, ?)
2026-03-26 12:26:58 DEBUG service:41 - HHH010455: Adding integrator: org.hibernate.boot.beanvalidation.BeanValidationIntegrator
2026-03-26 12:26:58 DEBUG service:41 - HHH010455: Adding integrator: org.hibernate.cache.internal.CollectionCacheInvalidator
2026-03-26 12:26:58 INFO  core:41 - HHH000001: Hibernate ORM core version 7.3.0.Final
2026-03-26 12:26:58 DEBUG core:155 - HHH000206: 'hibernate.properties' not found
2026-03-26 12:26:58 DEBUG boot:97 - HHH160204: cfg.xml document did not define namespaces; wrapping in custom event reader to introduce namespace information
2026-03-26 12:26:58 DEBUG cache:116 - HHH90001031: Cannot default RegionFactory since no RegionFactory strategies were registered
2026-03-26 12:26:58 DEBUG cache:46 - HHH90001029: Second-level cache disabled
2026-03-26 12:26:59 WARN  pooling:86 - HHH10001002: Using built-in connection pool (not intended for production use)
2026-03-26 12:26:59 DEBUG pooling:34 - HHH10001014: Initializing connection pool with 1 connections
2026-03-26 12:26:59 DEBUG jdbc:457 - HHH100017: Database:
	name: MySQL
	version: 8.0.42
	major: 8
	minor: 0
2026-03-26 12:26:59 DEBUG jdbc:463 - HHH100018: Driver:
	name: MySQL Connector/J
	version: mysql-connector-j-8.0.33 (Revision: 7d6b0800528b6b25c68b52dc10d6c1c8429c100c)
	major: 8
	minor: 0
	JDBC version: 4.2
2026-03-26 12:26:59 WARN  deprecation:152 - HHH90000025: MySQLDialect does not need to be specified explicitly using 'hibernate.dialect' (remove the property setting and it will be selected by default)
2026-03-26 12:26:59 DEBUG dialect:93 - HHH035001: Using dialect: org.hibernate.dialect.MySQLDialect, version: 8.0.42
2026-03-26 12:26:59 DEBUG IdentifierHelperBuilder:205 - IdentifierCaseStrategy for both quoted and unquoted identifiers was set to the same strategy [LOWER]; that will likely lead to problems in schema update and validation if using quoted identifiers
2026-03-26 12:26:59 DEBUG jdbc:379 - HHH100122: Using default JDBC fetch size: 0
2026-03-26 12:26:59 INFO  pooling:179 - HHH10001005: Database info:
	Database JDBC URL [jdbc:mysql://localhost:3306/mlamarch3]
	Database driver: MySQL Connector/J
	Database dialect: MySQLDialect
	Database version: 8.0.42
	Default catalog/schema: mlamarch3/undefined
	Autocommit mode: false
	Isolation level: REPEATABLE_READ
	JDBC fetch size: none
	Pool: DriverManagerConnectionProvider
	Minimum pool size: 1
	Maximum pool size: 20
2026-03-26 12:26:59 DEBUG factory:230 - HHH90020001: Instantiating factory [123cc1eb-e285-4d6c-9316-d75a0d82fdc7] with settings: {hibernate.format_sql=true, java.specification.version=25, sun.cpu.isalist=amd64, sun.jnu.encoding=Cp1252, hibernate.dialect=org.hibernate.dialect.MySQLDialect, java.class.path=C:\Users\ar.likith\Desktop\sts\HibernateMappingExp3\target\classes;C:\Users\ar.likith\.m2\repository\com\mysql\mysql-connector-j\8.0.33\mysql-connector-j-8.0.33.jar;C:\Users\ar.likith\.m2\repository\com\google\protobuf\protobuf-java\3.21.9\protobuf-java-3.21.9.jar;C:\Users\ar.likith\.m2\repository\org\hibernate\orm\hibernate-core\7.3.0.Final\hibernate-core-7.3.0.Final.jar;C:\Users\ar.likith\.m2\repository\jakarta\persistence\jakarta.persistence-api\3.2.0\jakarta.persistence-api-3.2.0.jar;C:\Users\ar.likith\.m2\repository\jakarta\transaction\jakarta.transaction-api\2.0.1\jakarta.transaction-api-2.0.1.jar;C:\Users\ar.likith\.m2\repository\org\jboss\logging\jboss-logging\3.6.1.Final\jboss-logging-3.6.1.Final.jar;C:\Users\ar.likith\.m2\repository\org\hibernate\models\hibernate-models\1.1.0\hibernate-models-1.1.0.jar;C:\Users\ar.likith\.m2\repository\net\bytebuddy\byte-buddy\1.18.7\byte-buddy-1.18.7.jar;C:\Users\ar.likith\.m2\repository\jakarta\xml\bind\jakarta.xml.bind-api\4.0.4\jakarta.xml.bind-api-4.0.4.jar;C:\Users\ar.likith\.m2\repository\jakarta\activation\jakarta.activation-api\2.1.4\jakarta.activation-api-2.1.4.jar;C:\Users\ar.likith\.m2\repository\org\glassfish\jaxb\jaxb-runtime\4.0.6\jaxb-runtime-4.0.6.jar;C:\Users\ar.likith\.m2\repository\org\glassfish\jaxb\jaxb-core\4.0.6\jaxb-core-4.0.6.jar;C:\Users\ar.likith\.m2\repository\org\eclipse\angus\angus-activation\2.0.3\angus-activation-2.0.3.jar;C:\Users\ar.likith\.m2\repository\org\glassfish\jaxb\txw2\4.0.6\txw2-4.0.6.jar;C:\Users\ar.likith\.m2\repository\com\sun\istack\istack-commons-runtime\4.1.2\istack-commons-runtime-4.1.2.jar;C:\Users\ar.likith\.m2\repository\jakarta\inject\jakarta.inject-api\2.0.1\jakarta.inject-api-2.0.1.jar;C:\Users\ar.likith\.m2\repository\org\antlr\antlr4-runtime\4.13.2\antlr4-runtime-4.13.2.jar;C:\Users\ar.likith\.m2\repository\org\apache\logging\log4j\log4j-core\2.17.1\log4j-core-2.17.1.jar;C:\Users\ar.likith\.m2\repository\org\apache\logging\log4j\log4j-api\2.17.1\log4j-api-2.17.1.jar;C:\Users\ar.likith\.m2\repository\org\apache\logging\log4j\log4j-slf4j-impl\2.17.1\log4j-slf4j-impl-2.17.1.jar;C:\Users\ar.likith\.m2\repository\org\slf4j\slf4j-api\1.7.25\slf4j-api-1.7.25.jar, java.vm.vendor=Eclipse Adoptium, sun.arch.data.model=64, hbm2ddl.auto=update, user.variant=, java.vendor.url=https://adoptium.net/, user.timezone=Asia/Calcutta, java.vm.specification.version=25, os.name=Windows 11, sun.java.launcher=SUN_STANDARD, user.country=US, sun.boot.library.path=C:\Users\ar.likith\Downloads\sts-5.1.1.RELEASE\plugins\org.eclipse.justj.openjdk.hotspot.jre.full.win32.x86_64_25.0.2.v20260203-1141\jre\bin, sun.java.command=com.test.TestDemo, jdk.debug=release, sun.cpu.endian=little, user.home=C:\Users\ar.likith, user.language=en, java.specification.vendor=Oracle Corporation, java.version.date=2026-01-20, java.home=C:\Users\ar.likith\Downloads\sts-5.1.1.RELEASE\plugins\org.eclipse.justj.openjdk.hotspot.jre.full.win32.x86_64_25.0.2.v20260203-1141\jre, file.separator=\, java.vm.compressedOopsMode=Zero based, line.separator=
, java.vm.specification.vendor=Oracle Corporation, java.specification.name=Java Platform API Specification, hibernate.hbm2ddl.auto=update, user.script=, sun.management.compiler=HotSpot 64-Bit Tiered Compilers, java.runtime.version=25.0.2+10-LTS, user.name=ar.likith, stdout.encoding=UTF-8, path.separator=;, hibernate.connection.username=****, os.version=10.0, java.runtime.name=OpenJDK Runtime Environment, hibernate.connection.url=jdbc:mysql://localhost:3306/mlamarch3, file.encoding=UTF-8, format_sql=true, java.vm.name=OpenJDK 64-Bit Server VM, hibernate.show_sql=true, java.vendor.version=Temurin-25.0.2+10, show_sql=true, hibernate.connection.driver_class=com.mysql.cj.jdbc.Driver, java.vendor.url.bug=https://github.com/adoptium/adoptium-support/issues, java.io.tmpdir=C:\Users\ARBCDF~1.LIK\AppData\Local\Temp\, java.version=25.0.2, user.dir=C:\Users\ar.likith\Desktop\sts\HibernateMappingExp3, os.arch=amd64, java.vm.specification.name=Java Virtual Machine Specification, hibernate.connection.password=****, sun.os.patch.level=, hibernate.boot.CfgXmlAccessService.key=org.hibernate.boot.cfgxml.spi.LoadedConfig@4b88ca8e, native.encoding=Cp1252, java.library.path=C:\Users\ar.likith\Downloads\sts-5.1.1.RELEASE\plugins\org.eclipse.justj.openjdk.hotspot.jre.full.win32.x86_64_25.0.2.v20260203-1141\jre\bin;C:\WINDOWS\Sun\Java\bin;C:\WINDOWS\system32;C:\WINDOWS;C:/Users/ar.likith/Downloads/sts-5.1.1.RELEASE//plugins/org.eclipse.justj.openjdk.hotspot.jre.full.win32.x86_64_25.0.2.v20260203-1141/jre/bin/server;C:/Users/ar.likith/Downloads/sts-5.1.1.RELEASE//plugins/org.eclipse.justj.openjdk.hotspot.jre.full.win32.x86_64_25.0.2.v20260203-1141/jre/bin;C:\Program Files\Microsoft\jdk-11.0.23.9-hotspot\bin;C:\Program Files\Microsoft\jdk-17.0.15.6-hotspot\bin;C:\Program Files\Python313\Scripts\;C:\Program Files\Python313\;%SystemRoot%\system32;%SystemRoot%;%SystemRoot%\System32\Wbem;%SYSTEMROOT%\System32\WindowsPowerShell\v1.0\;%SYSTEMROOT%\System32\OpenSSH\;C:\Program Files (x86)\Microsoft SQL Server\160\Tools\Binn\;C:\Program Files\Microsoft SQL Server\160\Tools\Binn\;C:\Program Files\Microsoft SQL Server\Client SDK\ODBC\170\Tools\Binn\;C:\Program Files\Microsoft SQL Server\160\DTS\Binn\;C:\Program Files\dotnet\;C:\Program Files\Microsoft VS Code\bin;C:\Program Files\Git\cmd;C:\Program Files\apache-maven-3.9.10\bin;C:\Program Files\nodejs\;C:\Program Files\PuTTY\;C:\Program Files (x86)\Microsoft SQL Server\160\DTS\Binn\;C:\Program Files\apache-maven-3.9.10\bin;C:\Program Files\apache-maven-3.9.10\bin;C:\Program Files\apache-maven-3.9.10\bin;C:\Program Files\apache-maven-3.9.10\bin;C:\Program Files\apache-maven-3.9.10\bin;C:\Users\ar.likith\AppData\Local\Microsoft\WindowsApps;;C:\Users\ar.likith\Downloads\sts-5.1.1.RELEASE;;., stderr.encoding=UTF-8, java.vendor=Eclipse Adoptium, java.vm.info=mixed mode, sharing, stdin.encoding=Cp1252, java.vm.version=25.0.2+10-LTS, sun.io.unicode.encoding=UnicodeLittle, java.class.version=69.0}
2026-03-26 12:26:59 DEBUG HQL_FUNCTIONS:155 - Available HQL Functions:
	abs(NUMERIC arg)
	Double acos(NUMERIC arg)
	adddate(DATE datetime, INTEGER days)
	addtime(TIME datetime, TIME time)
	Boolean any(BOOLEAN arg)
	Integer ascii(STRING arg)
	Double asin(NUMERIC arg)
	Double atan(NUMERIC arg)
	Double atan2(NUMERIC arg0, NUMERIC arg1)
	avg(arg)
	bit_and(arg)
	Integer bit_length(STRING_OR_CLOB arg)
	bit_or(arg)
	bitand(arg0, arg1)
	bitnot(arg)
	bitor(arg0, arg1)
	bitxor(arg0, arg1)
	cast(arg as Type)
	ceiling(NUMERIC arg)
	Character char(INTEGER arg)
	Integer character_length(STRING_OR_CLOB arg)
	Character chr(INTEGER arg)
	coalesce(arg0[, arg1[, ...]])
	String collate(STRING string as COLLATION collation)
	String concat(STRING string0[, STRING string1[, ...]])
	Double cos(NUMERIC arg)
	Double cosh(NUMERIC arg)
	Double cot(NUMERIC arg)
	Long count([distinct ]{arg|*})
	Integer crc32(arg)
	Double cume_dist([arg0[, ...]])
	Date curdate()
	Date current date
	Date current time
	Date current timestamp
	Date current_date
	Instant current_instant
	Date current_time
	Date current_timestamp
	Date curtime()
	Date date(arg)
	dateadd(TEMPORAL_UNIT field, INTEGER magnitude, TEMPORAL datetime)
	Integer datediff(DATE end, DATE start)
	Integer day(DATE arg)
	String dayname(DATE arg)
	Integer dayofmonth(DATE arg)
	Integer dayofweek(DATE arg)
	Integer dayofyear(DATE arg)
	Double degrees(NUMERIC arg)
	Long dense_rank([arg0[, ...]])
	Boolean every(BOOLEAN arg)
	Double exp(NUMERIC arg)
	extract(TEMPORAL_UNIT field from TEMPORAL arg)
	first_valueANY value
	floor(NUMERIC arg)
	String format(TEMPORAL datetime as STRING pattern)
	greatest(COMPARABLE arg0, COMPARABLE arg1[, arg2[, ...]])
	String hex(arg)
	Integer hour(TIME arg)
	ifnull(arg0, arg1)
	String insert(STRING string, INTEGER start, INTEGER length, STRING replacement)
	Instant instant
	Integer instr(STRING string, STRING pattern[, INTEGER start[, INTEGER occurrence]])
	String json_array([arg0[, ...]])
	String json_array_append(IMPLICIT_JSON arg0, STRING arg1, ANY arg2)
	String json_array_insert(IMPLICIT_JSON arg0, STRING arg1, ANY arg2)
	String json_arrayagg(arg0[, arg1])
	Boolean json_exists(IMPLICIT_JSON arg0, STRING arg1)
	String json_insert(IMPLICIT_JSON arg0, STRING arg1, ANY arg2)
	String json_mergepatch(IMPLICIT_JSON arg0, IMPLICIT_JSON arg1[, arg2[, ...]])
	String json_object( ... )
	String json_objectagg(arg0, arg1[, arg2, arg3])
	String json_query( ... )
	String json_remove(IMPLICIT_JSON arg0, STRING arg1)
	String json_replace(IMPLICIT_JSON arg0, STRING arg1, ANY arg2)
	String json_set(IMPLICIT_JSON arg0, STRING arg1, ANY arg2)
	json_value( ... )
	lagANY value[, INTEGER offset[, ANY default]]
	Date last_day(DATE arg)
	last_valueANY value
	leadANY value[, INTEGER offset[, ANY default]]
	least(COMPARABLE arg0, COMPARABLE arg1[, arg2[, ...]])
	String left(STRING string, INTEGER length)
	Integer length(STRING_OR_CLOB arg)
	String listagg(STRING arg0, STRING arg1)
	Double ln(NUMERIC arg)
	LocalDate local date
	LocalDateTime local datetime
	LocalTime local time
	LocalDate local_date
	LocalDateTime local_datetime
	LocalTime local_time
	Date localtime
	Date localtimestamp
	Integer locate(STRING pattern, STRING string[, INTEGER start])
	Double log(NUMERIC arg0[, NUMERIC arg1])
	Double log10(NUMERIC arg)
	Double log2(NUMERIC arg)
	String lower(STRING string)
	String lpad(string, length[, padding])
	String ltrim(STRING string[, STRING characters])
	Date makedate(INTEGER year, INTEGER dayofyear)
	Date maketime(INTEGER hour, INTEGER min, INTEGER sec)
	max(COMPARABLE arg)
	byte[] md5(arg)
	Integer microsecond(TIME arg)
	min(COMPARABLE arg)
	Integer minute(TIME arg)
	Integer mod(INTEGER arg0, INTEGER arg1)
	Integer month(DATE arg)
	String monthname(DATE arg)
	Date now()
	nth_valueANY value, INTEGER nth
	nullif(arg0, arg1)
	Integer octet_length(STRING_OR_CLOB arg)
	OffsetDateTime offset datetime
	OffsetDateTime offset_datetime
	Integer ordinal(ENUM arg)
	String overlay(STRING string placing STRING replacement from INTEGER start[ for INTEGER length])
	String pad(STRING string with INTEGER length {leading|trailing}[ STRING character])
	Double percent_rank([arg0[, ...]])
	Double pi
	Integer position(STRING pattern in STRING string)
	Double power(NUMERIC arg0, NUMERIC arg1)
	Integer quarter(DATE arg)
	Double radians(NUMERIC arg)
	Double rand([INTEGER seed])
	Long rank([arg0[, ...]])
	Boolean regexp_like(STRING arg0, STRING arg1[, STRING arg2])
	String repeat(STRING string, INTEGER times)
	String replace(STRING string, STRING pattern, STRING replacement)
	String reverse(STRING arg)
	String right(STRING string, INTEGER length)
	round(NUMERIC number[, INTEGER places])
	Long row_number()
	String rpad(string, length[, padding])
	String rtrim(STRING string[, STRING characters])
	Integer second(TIME arg)
	byte[] sha(arg)
	String sha1(arg)
	String sha2(arg0, arg1)
	Integer sign(NUMERIC arg)
	Double sin(NUMERIC arg)
	Double sinh(NUMERIC arg)
	String soundex(arg)
	String space(INTEGER arg)
	sql
	Double sqrt(NUMERIC arg)
	Double stddev(NUMERIC arg)
	Double stddev_pop(NUMERIC arg)
	Double stddev_samp(NUMERIC arg)
	String str(arg)
	String string(ENUM arg)
	subdate(DATE datetime, INTEGER days)
	String substr(STRING string, INTEGER start[, INTEGER length])
	String substring(STRING string{ from|,} INTEGER start[{ for|,} INTEGER length])
	subtime(TIME datetime, TIME time)
	sum(arg)
	Date sysdate()
	Double tan(NUMERIC arg)
	Double tanh(NUMERIC arg)
	String time(arg)
	Date timestamp(arg0[, arg1])
	timestampadd(TEMPORAL_UNIT field, INTEGER magnitude, TEMPORAL datetime)
	Long|Double timestampdiff(TEMPORAL_UNIT field, TEMPORAL start, TEMPORAL end)
	String trim([[{leading|trailing|both} ][STRING arg0 ]from] STRING arg1)
	trunc( ... )
	truncate( ... )
	String upper(STRING string)
	Date utc_date
	Date utc_time
	Date utc_timestamp
	Double var_pop(NUMERIC arg)
	Double var_samp(NUMERIC arg)
	Double variance(NUMERIC arg)
	Integer week(DATE arg)
	Integer year(DATE arg)

2026-03-26 12:27:00 DEBUG core:211 - HHH000513: Unable to create the ReflectionOptimizer for [com.test.Order]: private accessor [o_name]
2026-03-26 12:27:00 DEBUG core:211 - HHH000513: Unable to create the ReflectionOptimizer for [com.test.Customer]: private accessor [c_name]
2026-03-26 12:27:00 INFO  core:53 - HHH000489: No JTA platform available (set 'hibernate.transaction.jta.platform' to enable JTA platform integration)
2026-03-26 12:27:00 DEBUG service:102 - HHH010454: EventListenerRegistry access via ServiceRegistry is deprecated - use 'sessionFactory.getEventEngine().getListenerRegistry()' instead
2026-03-26 12:27:00 DEBUG Table:101 - No alter strings for table: cst_order
2026-03-26 12:27:00 DEBUG Table:101 - No alter strings for table: customer
2026-03-26 12:27:00 DEBUG Table:101 - No alter strings for table: customer_SEQ
2026-03-26 12:27:00 DEBUG Table:101 - No alter strings for table: orders
2026-03-26 12:27:00 DEBUG Table:101 - No alter strings for table: orders_SEQ
2026-03-26 12:27:00 DEBUG factoryRegistry:86 - HHH020384: Registering SessionFactory [123cc1eb-e285-4d6c-9316-d75a0d82fdc7] (<unnamed>)
2026-03-26 12:27:00 DEBUG core:151 - HHH006588: Opening session [tenant=null]
2026-03-26 12:27:00 DEBUG core:74 - HHH006583: Beginning transaction
2026-03-26 12:27:00 DEBUG SQL:126 - 
    select
        next_val as id_val 
    from
        customer_SEQ 
    for
        update
2026-03-26 12:27:00 DEBUG SQL:126 - 
    update
        customer_SEQ 
    set
        next_val= ? 
    where
        next_val=?
2026-03-26 12:27:00 DEBUG SQL:126 - 
    select
        next_val as id_val 
    from
        orders_SEQ 
    for
        update
2026-03-26 12:27:00 DEBUG SQL:126 - 
    update
        orders_SEQ 
    set
        next_val= ? 
    where
        next_val=?
2026-03-26 12:27:00 DEBUG core:87 - HHH006584: Committing transaction
2026-03-26 12:27:00 DEBUG event:98 - HHH90060071: Flushed: 3 insertions, 0 updates, 0 deletions to 3 objects
2026-03-26 12:27:00 DEBUG event:104 - HHH90060072: Flushed: 1 (re)creations, 0 updates, 0 removals to 1 collections
2026-03-26 12:27:00 DEBUG core:102 - Listing entities:
2026-03-26 12:27:00 DEBUG core:111 - com.test.Customer{c_name=Rohit, id=52, order=[com.test.Order#102, com.test.Order#103]}
2026-03-26 12:27:00 DEBUG core:111 - com.test.Order{o_name=Mango, o_price=33, id=103}
2026-03-26 12:27:00 DEBUG core:111 - com.test.Order{o_name=Apple, o_price=12, id=102}
2026-03-26 12:27:00 DEBUG SQL:126 - 
    insert 
    into
        customer
        (c_name, id) 
    values
        (?, ?)
2026-03-26 12:27:00 DEBUG SQL:126 - 
    insert 
    into
        orders
        (o_name, o_price, id) 
    values
        (?, ?, ?)
2026-03-26 12:27:00 DEBUG SQL:126 - 
    insert 
    into
        orders
        (o_name, o_price, id) 
    values
        (?, ?, ?)
2026-03-26 12:27:00 DEBUG SQL:126 - 
    insert 
    into
        cst_order
        (cst_id, o_id) 
    values
        (?, ?)
2026-03-26 12:27:00 DEBUG SQL:126 - 
    insert 
    into
        cst_order
        (cst_id, o_id) 
    values
        (?, ?)
